ISO-10303-21;
HEADER;
FILE_DESCRIPTION (( 'STEP AP203' ),
    '1' );
FILE_NAME ('三腿装配体.STEP',
    '2026-09-12T10:31:31',
    ( '' ),
    ( '' ),
    'SwSTEP 2.0',
    'SolidWorks 2016',
    '' );
FILE_SCHEMA (( 'CONFIG_CONTROL_DESIGN' ));
ENDSEC;

DATA;
#1 = CARTESIAN_POINT ( 'NONE',  ( -14.00000000000000200, 0.0000000000000000000, 7.500000000000000900 ) ) ;
#2 = CARTESIAN_POINT ( 'NONE',  ( 1.524697460949611600, 12.64085346853604400, 0.0000000000000000000 ) ) ;
#3 = DIRECTION ( 'NONE',  ( 4.792173602386207900E-014, 1.000000000000000000, 0.0000000000000000000 ) ) ;
#4 = CARTESIAN_POINT ( 'NONE',  ( 15.84632453476721500, 2.000000000000147900, 1.000000000000000000 ) ) ;
#5 = B_SPLINE_CURVE_WITH_KNOTS ( 'NONE', 1,
 ( #418, #449 ),
 .UNSPECIFIED., .F., .F.,
 ( 2, 2 ),
 ( 0.0000000000000000000, 0.005000000000000011400 ),
 .UNSPECIFIED. ) ;
#6 = APPLICATION_PROTOCOL_DEFINITION ( 'international standard', 'config_control_design', 1994, #1904 ) ;
#7 = CARTESIAN_POINT ( 'NONE',  ( -2.250334105676050200, -2.000128539727361600, 0.8000000000000000400 ) ) ;
#8 = B_SPLINE_CURVE_WITH_KNOTS ( 'NONE', 1,
 ( #1358, #804 ),
 .UNSPECIFIED., .F., .F.,
 ( 2, 2 ),
 ( -0.007500000000000002300, -0.006500000000000000600 ),
 .UNSPECIFIED. ) ;
#9 = CARTESIAN_POINT ( 'NONE',  ( -2.250334105676046200, -5.018565174711858000, 0.8000000000000000400 ) ) ;
#10 = CARTESIAN_POINT ( 'NONE',  ( -2.000000000000096400, -13.87413330828055000, 0.0000000000000000000 ) ) ;
#11 = APPROVAL_ROLE ( '' ) ;
#12 = CARTESIAN_POINT ( 'NONE',  ( -2.857040885607912400, -0.9482828937198133400, 1.399999999999999900 ) ) ;
#13 = B_SPLINE_CURVE_WITH_KNOTS ( 'NONE', 1,
 ( #475, #1051 ),
 .UNSPECIFIED., .F., .F.,
 ( 2, 2 ),
 ( 0.002000128539727359000, 0.005018823677603649800 ),
 .UNSPECIFIED. ) ;
#14 = PERSON_AND_ORGANIZATION_ROLE ( 'creator' ) ;
#15 = PERSON_AND_ORGANIZATION ( #187, #2179 ) ;
#16 = CARTESIAN_POINT ( 'NONE',  ( 13.84632453476727000, 2.005012930814922700, 0.0000000000000000000 ) ) ;
#17 = CC_DESIGN_PERSON_AND_ORGANIZATION_ASSIGNMENT ( #679, #75, ( #724 ) ) ;
#18 = PERSON_AND_ORGANIZATION ( #187, #2179 ) ;
#19 = LINE ( 'NONE', #1095, #2239 ) ;
#20 = CARTESIAN_POINT ( 'NONE',  ( 4.999999999999999100, 5.000000000000000000, 0.0000000000000000000 ) ) ;
#21 = VECTOR ( 'NONE', #1659, 1.000000000000001800 ) ;
#22 = MECHANICAL_CONTEXT ( 'NONE', #1930, 'mechanical' ) ;
#23 = CARTESIAN_POINT ( 'NONE',  ( -0.6069950734001704500, 2.948910772381669900, 1.399999999999999900 ) ) ;
#24 = B_SPLINE_CURVE_WITH_KNOTS ( 'NONE', 1,
 ( #870, #272 ),
 .UNSPECIFIED., .F., .F.,
 ( 2, 2 ),
 ( -0.002005012930815629000, 0.001999999999999328700 ),
 .UNSPECIFIED. ) ;
#25 = TRIMMED_CURVE ( 'NONE', #871, ( PARAMETER_VALUE ( 0.0000000000000000000 ), #104 ), ( PARAMETER_VALUE ( 1.000000000000001300 ), #2422 ), .T., .PARAMETER. ) ;
#26 = CARTESIAN_POINT ( 'NONE',  ( -1.000000000000000000, 0.0000000000000000000, 1.000000000000000000 ) ) ;
#27 = CARTESIAN_POINT ( 'NONE',  ( -0.9999999999999998900, 1.000000000000000000, 0.7999999999999999300 ) ) ;
#28 = CARTESIAN_POINT ( 'NONE',  ( 2.000000000000018200, 14.88209376666334900, 2.000000000000000000 ) ) ;
#29 = B_SPLINE_CURVE_WITH_KNOTS ( 'NONE', 1,
 ( #733, #1305 ),
 .UNSPECIFIED., .F., .F.,
 ( 2, 2 ),
 ( 0.0000000000000000000, 0.0009999999999999991500 ),
 .UNSPECIFIED. ) ;
#30 = SECURITY_CLASSIFICATION_LEVEL ( 'unclassified' ) ;
#31 = CC_DESIGN_APPROVAL ( #829, ( #1097 ) ) ;
#32 =( NAMED_UNIT ( * ) PLANE_ANGLE_UNIT ( ) SI_UNIT ( $, .RADIAN. ) );
#33 = B_SPLINE_CURVE_WITH_KNOTS ( 'NONE', 1,
 ( #2391, #2018 ),
 .UNSPECIFIED., .F., .F.,
 ( 2, 2 ),
 ( -0.0000000000000000000, 0.003000000000000000900 ),
 .UNSPECIFIED. ) ;
#34 = PERSON_AND_ORGANIZATION_ROLE ( 'classification_officer' ) ;
#35 =( BOUNDED_CURVE ( )  B_SPLINE_CURVE ( 2, ( #1126, #1865, #1108 ),
 .UNSPECIFIED., .F., .F. ) 
 B_SPLINE_CURVE_WITH_KNOTS ( ( 3, 3 ),
 ( 1.224646799147353200E-016, 0.1433475689053653700 ),
 .UNSPECIFIED. ) 
 CURVE ( )  GEOMETRIC_REPRESENTATION_ITEM ( )  RATIONAL_B_SPLINE_CURVE ( ( 1.000000000000000000, 0.9974325337111245000, 1.000000000000000000 ) ) 
 REPRESENTATION_ITEM ( '' )  );
#36 = CARTESIAN_POINT ( 'NONE',  ( 13.00000000000000200, 1.592040838891559300E-015, 1.000000000000000900 ) ) ;
#37 = DIRECTION ( 'NONE',  ( 0.9563047559630354400, 0.2923717047227373200, 0.0000000000000000000 ) ) ;
#38 = CALENDAR_DATE ( 2026, 12, 9 ) ;
#39 = CARTESIAN_POINT ( 'NONE',  ( 2.000000000000000000, 13.87413330828056600, 1.000000000000000000 ) ) ;
#40 = PERSON_AND_ORGANIZATION ( #1000, #1142 ) ;
#41 = PERSON_AND_ORGANIZATION_ROLE ( 'design_owner' ) ;
#42 = APPROVAL_DATE_TIME ( #1970, #2394 ) ;
#43 = CARTESIAN_POINT ( 'NONE',  ( 13.85640646055102100, 2.000000000000000400, 7.500000000000000900 ) ) ;
#44 = B_SPLINE_CURVE_WITH_KNOTS ( 'NONE', 1,
 ( #2210, #719 ),
 .UNSPECIFIED., .F., .F.,
 ( 2, 2 ),
 ( 0.0007857543487056282300, 0.001199999999999999700 ),
 .UNSPECIFIED. ) ;
#45 = SECURITY_CLASSIFICATION ( '', '', #1368 ) ;
#46 = CARTESIAN_POINT ( 'NONE',  ( 6.524697460949623100, 12.22660781724169100, 4.498529725452346600 ) ) ;
#47 = CARTESIAN_POINT ( 'NONE',  ( 1.999999999999981800, -14.88209376666334900, 1.000000000000000000 ) ) ;
#48 = B_SPLINE_CURVE_WITH_KNOTS ( 'NONE', 1,
 ( #1054, #682 ),
 .UNSPECIFIED., .F., .F.,
 ( 2, 2 ),
 ( -0.002005012930815423900, 0.001999999999999628800 ),
 .UNSPECIFIED. ) ;
#49 = APPROVAL_STATUS ( 'not_yet_approved' ) ;
#50 = DIRECTION ( 'NONE',  ( 1.000000000000000000, 0.0000000000000000000, 0.0000000000000000000 ) ) ;
#51 = TRIMMED_CURVE ( 'NONE', #369, ( PARAMETER_VALUE ( 0.0000000000000000000 ), #2393 ), ( PARAMETER_VALUE ( 1.000000000000001300 ), #1262 ), .T., .PARAMETER. ) ;
#52 = CARTESIAN_POINT ( 'NONE',  ( -13.00000000000000200, 0.0000000000000000000, 7.500000000000000900 ) ) ;
#53 = B_SPLINE_CURVE_WITH_KNOTS ( 'NONE', 1,
 ( #441, #2184 ),
 .UNSPECIFIED., .F., .F.,
 ( 2, 2 ),
 ( 0.0000000000000000000, 0.0005999999999999999500 ),
 .UNSPECIFIED. ) ;
#54 = PRODUCT ( '电池层下盖', '电池层下盖', '', ( #595 ) ) ;
#55 = CARTESIAN_POINT ( 'NONE',  ( 5.095083136394562100, 9.424942861022824300, 0.7414097118775242500 ) ) ;
#56 =( REPRESENTATION_RELATIONSHIP ('NONE','NONE', #163, #1860 ) REPRESENTATION_RELATIONSHIP_WITH_TRANSFORMATION ( #1493 )SHAPE_REPRESENTATION_RELATIONSHIP( ) );
#57 = CC_DESIGN_APPROVAL ( #439, ( #1765 ) ) ;
#58 = B_SPLINE_CURVE_WITH_KNOTS ( 'NONE', 1,
 ( #1497, #1699 ),
 .UNSPECIFIED., .F., .F.,
 ( 2, 2 ),
 ( 0.0001435935394489811600, 0.001154767421334870800 ),
 .UNSPECIFIED. ) ;
#59 = B_SPLINE_CURVE_WITH_KNOTS ( 'NONE', 1,
 ( #1574, #889 ),
 .UNSPECIFIED., .F., .F.,
 ( 2, 2 ),
 ( 0.002000128539727359900, 0.005018823677603650700 ),
 .UNSPECIFIED. ) ;
#60 = CARTESIAN_POINT ( 'NONE',  ( -2.000000000000018200, -14.88209376666334900, 2.000000000000000000 ) ) ;
#61 = TRIMMED_CURVE ( 'NONE', #1471, ( PARAMETER_VALUE ( 0.0000000000000000000 ), #2079 ), ( PARAMETER_VALUE ( 1.000000000000000000 ), #2108 ), .T., .PARAMETER. ) ;
#62 = PERSON_AND_ORGANIZATION_ROLE ( 'classification_officer' ) ;
#63 = CARTESIAN_POINT ( 'NONE',  ( -1.608122649676636600E-016, 1.000000000000000000, 1.000000000000000000 ) ) ;
#64 = CARTESIAN_POINT ( 'NONE',  ( 0.6072833668683923500, 2.948411433447146700, 0.8000000000000000400 ) ) ;
#65 = APPROVAL_PERSON_ORGANIZATION ( #811, #775, #1750 ) ;
#66 = CARTESIAN_POINT ( 'NONE',  ( -1.999999999999981800, 13.88209376666335100, 2.999999999999999600 ) ) ;
#67 = CALENDAR_DATE ( 2026, 12, 9 ) ;
#68 = LINE ( 'NONE', #1271, #2033 ) ;
#69 = B_SPLINE_CURVE_WITH_KNOTS ( 'NONE', 1,
 ( #80, #2175 ),
 .UNSPECIFIED., .F., .F.,
 ( 2, 2 ),
 ( -0.0000000000000000000, 0.004499999999999999700 ),
 .UNSPECIFIED. ) ;
#70 = LINE ( 'NONE', #2418, #2215 ) ;
#71 = CARTESIAN_POINT ( 'NONE',  ( 0.6072833668683927900, 2.948411433447147200, 0.8000000000000000400 ) ) ;
#72 =( BOUNDED_CURVE ( )  B_SPLINE_CURVE ( 2, ( #2142, #1191, #434, #623, #1199 ),
 .UNSPECIFIED., .F., .F. ) 
 B_SPLINE_CURVE_WITH_KNOTS ( ( 3, 2, 3 ),
 ( 3.141592653589793100, 4.712388980384689700, 6.283185307179586200 ),
 .UNSPECIFIED. ) 
 CURVE ( )  GEOMETRIC_REPRESENTATION_ITEM ( )  RATIONAL_B_SPLINE_CURVE ( ( 1.000000000000000000, 0.7071067811865475700, 1.000000000000000000, 0.7071067811865475700, 1.000000000000000000 ) ) 
 REPRESENTATION_ITEM ( '' )  );
#73 = CARTESIAN_POINT ( 'NONE',  ( 5.354890757529894100, 9.274942861022825700, 0.7414097118775242500 ) ) ;
#74 = CARTESIAN_POINT ( 'NONE',  ( -13.88209376666334400, -2.000000000000030200, 2.999999999999999600 ) ) ;
#75 = PERSON_AND_ORGANIZATION_ROLE ( 'classification_officer' ) ;
#76 = B_SPLINE_CURVE_WITH_KNOTS ( 'NONE', 1,
 ( #697, #511 ),
 .UNSPECIFIED., .F., .F.,
 ( 2, 2 ),
 ( 0.0000000000000000000, 0.004000000000000000100 ),
 .UNSPECIFIED. ) ;
#77 = CARTESIAN_POINT ( 'NONE',  ( -2.571758278209441300E-015, -14.00000000000000000, 0.0000000000000000000 ) ) ;
#78 = CARTESIAN_POINT ( 'NONE',  ( -3.221037879010404400, 4.458129089873929200, 0.8000000000000000400 ) ) ;
#79 = CARTESIAN_POINT ( 'NONE',  ( -2.250334105676050200, -2.000128539727361600, 1.399999999999999900 ) ) ;
#80 = CARTESIAN_POINT ( 'NONE',  ( 4.052617487574508500, 9.019339392121231900, 4.500000000000000000 ) ) ;
#81 = CARTESIAN_POINT ( 'NONE',  ( 2.000000000000000000, 13.87413330828056600, 0.0000000000000000000 ) ) ;
#82 = B_SPLINE_CURVE_WITH_KNOTS ( 'NONE', 1,
 ( #243, #837 ),
 .UNSPECIFIED., .F., .F.,
 ( 2, 2 ),
 ( 0.0000000000000000000, 0.004000000000000000100 ),
 .UNSPECIFIED. ) ;
#83 = CARTESIAN_POINT ( 'NONE',  ( -1.000000000000000000, 1.224646799147353200E-016, 1.000000000000000000 ) ) ;
#84 = CARTESIAN_POINT ( 'NONE',  ( 13.00000000000000200, -3.184081677783118600E-015, 8.500000000000001800 ) ) ;
#85 = TRIMMED_CURVE ( 'NONE', #121, ( PARAMETER_VALUE ( 0.0000000000000000000 ), #2328 ), ( PARAMETER_VALUE ( 0.9999999999999997800 ), #795 ), .T., .PARAMETER. ) ;
#86 = CARTESIAN_POINT ( 'NONE',  ( 1.000000000000000000, -1.224646799147353200E-016, 0.8000000000000000400 ) ) ;
#87 = CARTESIAN_POINT ( 'NONE',  ( 0.7885158724367331600, 11.36574955363496600, 0.0000000000000000000 ) ) ;
#88 = CARTESIAN_POINT ( 'NONE',  ( -1.000000000000000000, 1.224646799147353200E-016, 0.0000000000000000000 ) ) ;
#89 = B_SPLINE_CURVE_WITH_KNOTS ( 'NONE', 1,
 ( #2294, #1003 ),
 .UNSPECIFIED., .F., .F.,
 ( 2, 2 ),
 ( 0.0000000000000000000, 0.004000000000000000100 ),
 .UNSPECIFIED. ) ;
#90 = LOCAL_TIME ( 18, 31, 31.00000000000000000, #273 ) ;
#91 = CARTESIAN_POINT ( 'NONE',  ( -2.857040885607912400, -0.9482828937198133400, 0.8000000000000000400 ) ) ;
#92 = LINE ( 'NONE', #2439, #21 ) ;
#93 = CARTESIAN_POINT ( 'NONE',  ( 9.524697460949624900, 12.22660781724169100, -0.001470274547651917500 ) ) ;
#94 = CARTESIAN_POINT ( 'NONE',  ( -1.000000000000000200, -0.9999999999999998900, 0.0000000000000000000 ) ) ;
#95 = B_SPLINE_CURVE_WITH_KNOTS ( 'NONE', 1,
 ( #869, #1595 ),
 .UNSPECIFIED., .F., .F.,
 ( 2, 2 ),
 ( 0.0000000000000000000, 0.01120978151505983400 ),
 .UNSPECIFIED. ) ;
#96 = CC_DESIGN_APPROVAL ( #144, ( #1506 ) ) ;
#97 = CARTESIAN_POINT ( 'NONE',  ( 12.84523257866513100, -2.000000000000000400, 7.500000000000000900 ) ) ;
#98 = CARTESIAN_POINT ( 'NONE',  ( 14.00000000000000000, 1.714505518806294600E-015, 0.0000000000000000000 ) ) ;
#99 = CARTESIAN_POINT ( 'NONE',  ( 0.6072833668683927900, 2.948411433447147200, 0.2000000000000000900 ) ) ;
#100 =( BOUNDED_CURVE ( )  B_SPLINE_CURVE ( 2, ( #1398, #626, #63, #1386, #83 ),
 .UNSPECIFIED., .F., .F. ) 
 B_SPLINE_CURVE_WITH_KNOTS ( ( 3, 2, 3 ),
 ( 1.224646799147353200E-016, 1.570796326794896800, 3.141592653589793100 ),
 .UNSPECIFIED. ) 
 CURVE ( )  GEOMETRIC_REPRESENTATION_ITEM ( )  RATIONAL_B_SPLINE_CURVE ( ( 1.000000000000000000, 0.7071067811865475700, 1.000000000000000000, 0.7071067811865475700, 1.000000000000000000 ) ) 
 REPRESENTATION_ITEM ( '' )  );
#101 = CARTESIAN_POINT ( 'NONE',  ( -2.250091624415564900, -1.999708549864105000, 0.8000000000000000400 ) ) ;
#102 = CARTESIAN_POINT ( 'NONE',  ( 6.524697460949623100, 12.64085346853606300, 4.500000000000000000 ) ) ;
#103 = CARTESIAN_POINT ( 'NONE',  ( -14.88209376666335600, 2.000000000000144800, 1.000000000000000000 ) ) ;
#104 = CARTESIAN_POINT ( 'NONE',  ( 6.524697460949623100, 13.42660781724169200, 4.498529725452346600 ) ) ;
#105 = CARTESIAN_POINT ( 'NONE',  ( 14.88209376666333000, 2.000000000000137700, 2.000000000000000000 ) ) ;
#106 = CARTESIAN_POINT ( 'NONE',  ( 0.9999999999999998900, -1.000000000000000200, 0.7999999999999999300 ) ) ;
#107 = CARTESIAN_POINT ( 'NONE',  ( 0.0000000000000000000, 0.0000000000000000000, 0.0000000000000000000 ) ) ;
#108 = CARTESIAN_POINT ( 'NONE',  ( 0.9999999999999998900, -1.000000000000000200, 0.0000000000000000000 ) ) ;
#109 = CARTESIAN_POINT ( 'NONE',  ( 0.3548907575299157200, 0.6146888231784247700, 3.741409711877516500 ) ) ;
#110 = DESIGN_CONTEXT ( 'detailed design', #1517, 'design' ) ;
#111 = B_SPLINE_CURVE_WITH_KNOTS ( 'NONE', 1,
 ( #2128, #39 ),
 .UNSPECIFIED., .F., .F.,
 ( 2, 2 ),
 ( -0.01488209376666334600, -0.01387413330828056300 ),
 .UNSPECIFIED. ) ;
#112 = CARTESIAN_POINT ( 'NONE',  ( -2.000000000000097300, -13.87413330828055000, 1.000000000000000000 ) ) ;
#113 =( BOUNDED_CURVE ( )  B_SPLINE_CURVE ( 2, ( #1634, #1458, #127 ),
 .UNSPECIFIED., .F., .F. ) 
 B_SPLINE_CURVE_WITH_KNOTS ( ( 3, 3 ),
 ( 4.290864838967158900, 5.133798233967469900 ),
 .UNSPECIFIED. ) 
 CURVE ( )  GEOMETRIC_REPRESENTATION_ITEM ( )  RATIONAL_B_SPLINE_CURVE ( ( 1.000000000000000000, 0.9124898971705696100, 1.000000000000000000 ) ) 
 REPRESENTATION_ITEM ( '' )  );
#114 = CARTESIAN_POINT ( 'NONE',  ( 1.999999999999855200, 13.85640646055104200, 8.500000000000001800 ) ) ;
#115 = CARTESIAN_POINT ( 'NONE',  ( 5.471371984686380900, 0.5604360848379633700, 0.8000000000000000400 ) ) ;
#116 = APPROVAL_DATE_TIME ( #1638, #1364 ) ;
#117 = CARTESIAN_POINT ( 'NONE',  ( -0.7355936306317365500, 0.7259144580217802300, 0.0000000000000000000 ) ) ;
#118 = DIRECTION ( 'NONE',  ( 1.000000000000000000, -6.063932647212049800E-015, 0.0000000000000000000 ) ) ;
#119 = B_SPLINE_CURVE_WITH_KNOTS ( 'NONE', 1,
 ( #2049, #911 ),
 .UNSPECIFIED., .F., .F.,
 ( 2, 2 ),
 ( 0.0000000000000000000, 0.0009999999999999995900 ),
 .UNSPECIFIED. ) ;
#120 = DATE_AND_TIME ( #1401, #2386 ) ;
#121 = LINE ( 'NONE', #1932, #753 ) ;
#122 = CARTESIAN_POINT ( 'NONE',  ( 0.0000000000000000000, 0.0000000000000000000, 0.0000000000000000000 ) ) ;
#123 = CARTESIAN_POINT ( 'NONE',  ( -1.000000000000000000, 1.224646799147353200E-016, 0.0000000000000000000 ) ) ;
#124 = COORDINATED_UNIVERSAL_TIME_OFFSET ( 8, 0, .AHEAD. ) ;
#125 = VECTOR ( 'NONE', #1446, 0.7259781388222331700 ) ;
#126 = CARTESIAN_POINT ( 'NONE',  ( -1.999999999999951800, -13.85640646055102800, 7.500000000000000900 ) ) ;
#127 = CARTESIAN_POINT ( 'NONE',  ( 2.249757518739515600, -5.018823677603649000, 0.2000000000000000900 ) ) ;
#128 = B_SPLINE_CURVE_WITH_KNOTS ( 'NONE', 1,
 ( #2013, #1068 ),
 .UNSPECIFIED., .F., .F.,
 ( 2, 2 ),
 ( -0.0008867296472868113400, 0.0002349378343701429100 ),
 .UNSPECIFIED. ) ;
#129 = CARTESIAN_POINT ( 'NONE',  ( 6.524697460949623100, 13.42660781724169200, -0.001470274547651917500 ) ) ;
#130 = LINE ( 'NONE', #780, #1382 ) ;
#131 = CARTESIAN_POINT ( 'NONE',  ( -2.005012930814970700, 15.84632453476726100, 0.0000000000000000000 ) ) ;
#132 = DIRECTION ( 'NONE',  ( -1.000000000000000000, 0.0000000000000000000, -0.0000000000000000000 ) ) ;
#133 = PRODUCT_DEFINITION_FORMATION_WITH_SPECIFIED_SOURCE ( '任何', '', #1935, .NOT_KNOWN. ) ;
#134 =( BOUNDED_CURVE ( )  B_SPLINE_CURVE ( 2, ( #2182, #818, #447 ),
 .UNSPECIFIED., .F., .F. ) 
 B_SPLINE_CURVE_WITH_KNOTS ( ( 3, 3 ),
 ( 0.0000000000000000000, 0.1433475689053653700 ),
 .UNSPECIFIED. ) 
 CURVE ( )  GEOMETRIC_REPRESENTATION_ITEM ( )  RATIONAL_B_SPLINE_CURVE ( ( 1.000000000000000000, 0.9974325337111245000, 1.000000000000000000 ) ) 
 REPRESENTATION_ITEM ( '' )  );
#135 = DIRECTION ( 'NONE',  ( 0.0000000000000000000, 0.0000000000000000000, 1.000000000000000000 ) ) ;
#136 = CARTESIAN_POINT ( 'NONE',  ( -0.7355936306317365500, 0.7259144580217802300, 0.0000000000000000000 ) ) ;
#137 = CARTESIAN_POINT ( 'NONE',  ( -13.87413330828054300, 2.000000000000144800, 0.0000000000000000000 ) ) ;
#138 = CARTESIAN_POINT ( 'NONE',  ( 15.84632453476726800, 2.005012930814915200, 1.000000000000000000 ) ) ;
#139 = CARTESIAN_POINT ( 'NONE',  ( 5.499999999999999100, -3.561857278769379900, 0.8000000000000000400 ) ) ;
#140 = TRIMMED_CURVE ( 'NONE', #1743, ( PARAMETER_VALUE ( 0.0000000000000000000 ), #383 ), ( PARAMETER_VALUE ( 0.9999999999999997800 ), #2434 ), .T., .PARAMETER. ) ;
#141 = CARTESIAN_POINT ( 'NONE',  ( 2.250000000000001800, -1.999708549864104100, 0.8000000000000000400 ) ) ;
#142 = CARTESIAN_POINT ( 'NONE',  ( 6.524697460949623100, 12.64085346853606300, 4.498529725452346600 ) ) ;
#143 = CARTESIAN_POINT ( 'NONE',  ( 2.000000000000018200, 13.88209376666335100, 2.000000000000000000 ) ) ;
#144 = APPROVAL ( #2336, '未指定' ) ;
#145 = B_SPLINE_CURVE_WITH_KNOTS ( 'NONE', 1,
 ( #74, #1789 ),
 .UNSPECIFIED., .F., .F.,
 ( 2, 2 ),
 ( 0.0000000000000000000, 0.004000000000000000100 ),
 .UNSPECIFIED. ) ;
#146 = B_SPLINE_CURVE_WITH_KNOTS ( 'NONE', 1,
 ( #2257, #2455 ),
 .UNSPECIFIED., .F., .F.,
 ( 2, 2 ),
 ( 0.002000128539727358600, 0.005018565174711855200 ),
 .UNSPECIFIED. ) ;
#147 = COORDINATED_UNIVERSAL_TIME_OFFSET ( 8, 0, .AHEAD. ) ;
#148 = CARTESIAN_POINT ( 'NONE',  ( 13.88209376666333000, 2.000000000000127000, 2.000000000000000000 ) ) ;
#149 = GEOMETRIC_CURVE_SET ( 'NONE', ( #381, #1783, #596, #1895, #349, #931, #2337, #2222, #1298, #2120, #2176, #745, #851, #1269, #1165, #711, #302, #113, #792, #1717, #1628, #1193, #1240, #1089, #563, #269, #1371, #2147, #1814, #819, #1343, #1864, #414, #2402, #1039, #1677, #146, #1748, #1964, #2437, #1993, #1559, #1524, #635, #663, #200, #231, #2254, #166, #316, #2273, #2190, #1644, #1939, #242, #1828, #1491, #1760, #1311, #1057, #764, #863, #504, #429, #2372, #862, #611, #2011, #675, #950, #1133, #1209, #1571, #1385, #59, #2088, #53, #638, #1228, #2076, #883, #2112, #1665, #446, #1968, #13, #1847, #1405, #1450, #1633, #781, #1899, #1531, #940, #600, #2441, #154, #699, #570, #1817, #338, #1158, #1640, #153, #1197, #2152, #668, #385, #980, #1565, #2030, #751, #250, #604 ) ) ;
#150 = DIRECTION ( 'NONE',  ( 0.9563047559630354400, 0.2923717047227373200, 0.0000000000000000000 ) ) ;
#151 = CARTESIAN_POINT ( 'NONE',  ( 5.471371984686426200, 0.5604360848379679200, 0.2000000000000000900 ) ) ;
#152 = CARTESIAN_POINT ( 'NONE',  ( -5.500000000000000000, 0.0000000000000000000, 0.0000000000000000000 ) ) ;
#153 = CIRCLE ( 'NONE', #1715, 1.000000000000000000 ) ;
#154 = B_SPLINE_CURVE_WITH_KNOTS ( 'NONE', 1,
 ( #1662, #1873 ),
 .UNSPECIFIED., .F., .F.,
 ( 2, 2 ),
 ( 0.002000128539727359000, 0.005018823677603649800 ),
 .UNSPECIFIED. ) ;
#155 = CARTESIAN_POINT ( 'NONE',  ( 2.249757518739515100, -2.000128539727356700, 0.8000000000000000400 ) ) ;
#156 = PERSON_AND_ORGANIZATION ( #187, #2179 ) ;
#157 =( NAMED_UNIT ( * ) PLANE_ANGLE_UNIT ( ) SI_UNIT ( $, .RADIAN. ) );
#158 = CARTESIAN_POINT ( 'NONE',  ( -5.500000000000000000, 0.0000000000000000000, 0.8000000000000000400 ) ) ;
#159 = B_SPLINE_CURVE_WITH_KNOTS ( 'NONE', 1,
 ( #1290, #701 ),
 .UNSPECIFIED., .F., .F.,
 ( 2, 2 ),
 ( -0.0000000000000000000, 0.001000000000000000000 ),
 .UNSPECIFIED. ) ;
#160 =( GEOMETRIC_REPRESENTATION_CONTEXT ( 3 ) GLOBAL_UNCERTAINTY_ASSIGNED_CONTEXT ( ( #2291 ) ) GLOBAL_UNIT_ASSIGNED_CONTEXT ( ( #982, #1333, #582 ) ) REPRESENTATION_CONTEXT ( 'NONE', 'WORKASPACE' ) );
#161 = CARTESIAN_POINT ( 'NONE',  ( -2.250091624415564900, -1.999708549864105000, 0.8000000000000000400 ) ) ;
#162 = CARTESIAN_POINT ( 'NONE',  ( 2.000000000000045300, -12.84523257866512400, 7.500000000000000900 ) ) ;
#163 = SHAPE_REPRESENTATION ( '三腿装配体', ( #802, #421, #1995, #2132, #549, #2249, #2376 ), #160 ) ;
#164 = CARTESIAN_POINT ( 'NONE',  ( 4.752617487574487300, 10.23177495741941600, 0.0000000000000000000 ) ) ;
#165 = CARTESIAN_POINT ( 'NONE',  ( 0.0000000000000000000, 0.0000000000000000000, 0.0000000000000000000 ) ) ;
#166 = B_SPLINE_CURVE_WITH_KNOTS ( 'NONE', 1,
 ( #1688, #547 ),
 .UNSPECIFIED., .F., .F.,
 ( 2, 2 ),
 ( -0.002250334105676051800, 0.002249757518739512900 ),
 .UNSPECIFIED. ) ;
#167 =( BOUNDED_CURVE ( )  B_SPLINE_CURVE ( 2, ( #646, #1046, #454 ),
 .UNSPECIFIED., .F., .F. ) 
 B_SPLINE_CURVE_WITH_KNOTS ( ( 3, 3 ),
 ( 1.416336728310709100, 1.725255925279070200 ),
 .UNSPECIFIED. ) 
 CURVE ( )  GEOMETRIC_REPRESENTATION_ITEM ( )  RATIONAL_B_SPLINE_CURVE ( ( 1.000000000000000000, 0.9880948137434719700, 1.000000000000000000 ) ) 
 REPRESENTATION_ITEM ( '' )  );
#168 = CC_DESIGN_SECURITY_CLASSIFICATION ( #45, ( #2458 ) ) ;
#169 = CARTESIAN_POINT ( 'NONE',  ( -15.84632453476728000, -2.005012930814804600, 1.000000000000000000 ) ) ;
#170 = CARTESIAN_POINT ( 'NONE',  ( 3.944094197336534900, -8.879950782134598000, 31.36511406632945400 ) ) ;
#171 = CARTESIAN_POINT ( 'NONE',  ( 5.500000000000000000, -1.347111479062088400E-015, 2.100000000000000100 ) ) ;
#172 = CARTESIAN_POINT ( 'NONE',  ( -13.99999999999999800, 13.99999999999999800, 9.500000000000001800 ) ) ;
#173 = CARTESIAN_POINT ( 'NONE',  ( 1.524697460949611600, 12.64085346853604400, 0.0000000000000000000 ) ) ;
#174 = CARTESIAN_POINT ( 'NONE',  ( 13.84632453476725500, -2.000000000000048000, 0.0000000000000000000 ) ) ;
#175 = CARTESIAN_POINT ( 'NONE',  ( 5.500000000000000000, 6.735557395310442000E-016, 0.0000000000000000000 ) ) ;
#176 = DATE_TIME_ROLE ( 'creation_date' ) ;
#177 = CARTESIAN_POINT ( 'NONE',  ( -5.219763809935855600, 3.014031845607440600, 0.2000000000000000900 ) ) ;
#178 =( BOUNDED_CURVE ( )  B_SPLINE_CURVE ( 2, ( #2317, #812, #1011 ),
 .UNSPECIFIED., .F., .F. ) 
 B_SPLINE_CURVE_WITH_KNOTS ( ( 3, 3 ),
 ( 6.139837738274220400, 6.283185307179586200 ),
 .UNSPECIFIED. ) 
 CURVE ( )  GEOMETRIC_REPRESENTATION_ITEM ( )  RATIONAL_B_SPLINE_CURVE ( ( 1.000000000000000000, 0.9974325337111245000, 1.000000000000000000 ) ) 
 REPRESENTATION_ITEM ( '' )  );
#179 = DIRECTION ( 'NONE',  ( 0.0000000000000000000, 0.0000000000000000000, 1.000000000000000000 ) ) ;
#180 = CARTESIAN_POINT ( 'NONE',  ( 2.249757518739518200, -5.018823677603647200, 0.8000000000000000400 ) ) ;
#181 = CARTESIAN_POINT ( 'NONE',  ( 0.0000000000000000000, 0.0000000000000000000, 0.0000000000000000000 ) ) ;
#182 = PRODUCT_RELATED_PRODUCT_CATEGORY ( 'detail', '', ( #194 ) ) ;
#183 = CALENDAR_DATE ( 2026, 12, 9 ) ;
#184 = CARTESIAN_POINT ( 'NONE',  ( 13.87413330828055700, -2.000000000000048000, 1.000000000000000000 ) ) ;
#185 = APPROVAL_PERSON_ORGANIZATION ( #1822, #1241, #437 ) ;
#186 = APPLICATION_PROTOCOL_DEFINITION ( 'international standard', 'config_control_design', 1994, #561 ) ;
#187 = PERSON ( '未指定', '未指定', '未指定', ('未指定'), ('未指定'), ('未指定') ) ;
#188 = LOCAL_TIME ( 18, 31, 31.00000000000000000, #124 ) ;
#189 = LINE ( 'NONE', #289, #1408 ) ;
#190 = CARTESIAN_POINT ( 'NONE',  ( 1.999999999999855200, 13.85640646055104200, 7.500000000000000900 ) ) ;
#191 = CARTESIAN_POINT ( 'NONE',  ( 1.000000000000000000, 0.0000000000000000000, 0.8000000000000000400 ) ) ;
#192 = CARTESIAN_POINT ( 'NONE',  ( 6.524697460949623100, 12.64085346853606300, 0.0000000000000000000 ) ) ;
#193 = DIRECTION ( 'NONE',  ( -0.1430359520110552300, 0.9897174932435473000, 0.0000000000000000000 ) ) ;
#194 = PRODUCT ( '电池层上盖', '电池层上盖', '', ( #589 ) ) ;
#195 = LINE ( 'NONE', #1129, #2036 ) ;
#196 = CARTESIAN_POINT ( 'NONE',  ( -5.000000000000000000, 0.0000000000000000000, 0.0000000000000000000 ) ) ;
#197 = DATE_TIME_ROLE ( 'creation_date' ) ;
#198 = CARTESIAN_POINT ( 'NONE',  ( -3.221037879010376900, 4.458129089873890100, 1.399999999999999900 ) ) ;
#199 = B_SPLINE_CURVE_WITH_KNOTS ( 'NONE', 1,
 ( #1575, #436 ),
 .UNSPECIFIED., .F., .F.,
 ( 2, 2 ),
 ( -0.0000000000000000000, 0.001000000000000000000 ),
 .UNSPECIFIED. ) ;
#200 = B_SPLINE_CURVE_WITH_KNOTS ( 'NONE', 1,
 ( #2440, #743 ),
 .UNSPECIFIED., .F., .F.,
 ( 2, 2 ),
 ( -0.0000000000000000000, 0.0008000000000000000400 ),
 .UNSPECIFIED. ) ;
#201 = CARTESIAN_POINT ( 'NONE',  ( -2.000000000000048400, 13.85640646055101200, 8.500000000000001800 ) ) ;
#202 = CARTESIAN_POINT ( 'NONE',  ( 5.471371984686426200, 0.5604360848379679200, 1.399999999999999900 ) ) ;
#203 = CARTESIAN_POINT ( 'NONE',  ( -15.84632453476728000, -2.005012930814804600, 0.0000000000000000000 ) ) ;
#204 = PRODUCT_DEFINITION_SHAPE ( 'NONE', 'NONE',  #276 ) ;
#205 = B_SPLINE_CURVE_WITH_KNOTS ( 'NONE', 1,
 ( #2279, #4 ),
 .UNSPECIFIED., .F., .F.,
 ( 2, 2 ),
 ( -0.0009642307681038858900, 0.0000000000000000000 ),
 .UNSPECIFIED. ) ;
#206 = DATE_TIME_ROLE ( 'creation_date' ) ;
#207 = CARTESIAN_POINT ( 'NONE',  ( 2.000000000000048800, -13.85640646055101400, 7.500000000000000900 ) ) ;
#208 = CARTESIAN_POINT ( 'NONE',  ( -0.9999999999999998900, 1.000000000000000000, 1.599999999999999900 ) ) ;
#209 = DIRECTION ( 'NONE',  ( 0.0000000000000000000, 0.0000000000000000000, -1.000000000000000000 ) ) ;
#210 = CARTESIAN_POINT ( 'NONE',  ( -12.37418934688463400, -12.37866125011697300, 0.0000000000000000000 ) ) ;
#211 = PERSON_AND_ORGANIZATION_ROLE ( 'design_supplier' ) ;
#212 = APPROVAL_DATE_TIME ( #480, #424 ) ;
#213 =( BOUNDED_CURVE ( )  B_SPLINE_CURVE ( 2, ( #875, #283, #2205 ),
 .UNSPECIFIED., .F., .F. ) 
 B_SPLINE_CURVE_WITH_KNOTS ( ( 3, 3 ),
 ( 4.569041411479327400, 4.855736549290058200 ),
 .UNSPECIFIED. ) 
 CURVE ( )  GEOMETRIC_REPRESENTATION_ITEM ( )  RATIONAL_B_SPLINE_CURVE ( ( 1.000000000000000000, 0.9897433186107870200, 1.000000000000000000 ) ) 
 REPRESENTATION_ITEM ( '' )  );
#214 = CARTESIAN_POINT ( 'NONE',  ( -12.84523257866513100, -2.000000000000000400, 8.500000000000001800 ) ) ;
#215 = DATE_AND_TIME ( #1079, #967 ) ;
#216 = CARTESIAN_POINT ( 'NONE',  ( -1.000000000000000000, 1.224646799147353200E-016, 1.600000000000000100 ) ) ;
#217 = CARTESIAN_POINT ( 'NONE',  ( 2.000000000000018200, 13.88209376666335100, 2.000000000000000000 ) ) ;
#218 = DATE_AND_TIME ( #458, #2032 ) ;
#219 = AXIS2_PLACEMENT_3D ( 'NONE', #1747, #1754, #1162 ) ;
#220 = LINE ( 'NONE', #681, #783 ) ;
#221 = CARTESIAN_POINT ( 'NONE',  ( -2.005012930814970700, 15.84632453476726100, 0.0000000000000000000 ) ) ;
#222 = APPROVAL_ROLE ( '' ) ;
#223 = TRIMMED_CURVE ( 'NONE', #2095, ( PARAMETER_VALUE ( 0.0000000000000000000 ), #2429 ), ( PARAMETER_VALUE ( 1.000000000000000000 ), #1470 ), .T., .PARAMETER. ) ;
#224 = DIRECTION ( 'NONE',  ( 0.0000000000000000000, 1.000000000000000000, 0.0000000000000000000 ) ) ;
#225 = CARTESIAN_POINT ( 'NONE',  ( 2.000000000000018200, 15.84632453476723600, 1.000000000000000000 ) ) ;
#226 = CARTESIAN_POINT ( 'NONE',  ( 6.524697460949623100, 13.42660781724169200, 4.498529725452346600 ) ) ;
#227 = CARTESIAN_POINT ( 'NONE',  ( 15.84632453476708700, -2.000000000000042600, 0.0000000000000000000 ) ) ;
#228 =( BOUNDED_CURVE ( )  B_SPLINE_CURVE ( 2, ( #2360, #1813, #652 ),
 .UNSPECIFIED., .F., .F. ) 
 B_SPLINE_CURVE_WITH_KNOTS ( ( 3, 3 ),
 ( 3.285120886999699100, 4.569222071272861300 ),
 .UNSPECIFIED. ) 
 CURVE ( )  GEOMETRIC_REPRESENTATION_ITEM ( )  RATIONAL_B_SPLINE_CURVE ( ( 1.000000000000000000, 0.8008694680895525100, 1.000000000000000000 ) ) 
 REPRESENTATION_ITEM ( '' )  );
#229 = APPROVAL_STATUS ( 'not_yet_approved' ) ;
#230 = CARTESIAN_POINT ( 'NONE',  ( 6.524697460949623100, 13.42660781724169200, 4.498529725452346600 ) ) ;
#231 = B_SPLINE_CURVE_WITH_KNOTS ( 'NONE', 1,
 ( #1502, #1307 ),
 .UNSPECIFIED., .F., .F.,
 ( 2, 2 ),
 ( -0.0005999999999999999500, 0.0000000000000000000 ),
 .UNSPECIFIED. ) ;
#232 = CC_DESIGN_PERSON_AND_ORGANIZATION_ASSIGNMENT ( #1287, #815, ( #1554 ) ) ;
#233 = CARTESIAN_POINT ( 'NONE',  ( 13.00000000000000200, 3.184081677783118600E-015, 1.000000000000000900 ) ) ;
#234 = B_SPLINE_CURVE_WITH_KNOTS ( 'NONE', 1,
 ( #138, #1475 ),
 .UNSPECIFIED., .F., .F.,
 ( 2, 2 ),
 ( -0.002005012930815629000, -0.002000000000000861800 ),
 .UNSPECIFIED. ) ;
#235 = CARTESIAN_POINT ( 'NONE',  ( 5.604890757529891400, 9.707955562915042700, 4.500000000000000000 ) ) ;
#236 = CARTESIAN_POINT ( 'NONE',  ( -13.88209376666334400, -2.000000000000030200, 2.000000000000000000 ) ) ;
#237 = PERSON_AND_ORGANIZATION_ROLE ( 'classification_officer' ) ;
#238 = DESIGN_CONTEXT ( 'detailed design', #405, 'design' ) ;
#239 = CARTESIAN_POINT ( 'NONE',  ( 13.00000000000000200, 1.592040838891559300E-015, 7.500000000000000900 ) ) ;
#240 = TRIMMED_CURVE ( 'NONE', #1920, ( PARAMETER_VALUE ( 0.0000000000000000000 ), #769 ), ( PARAMETER_VALUE ( 1.000000000000000000 ), #390 ), .T., .PARAMETER. ) ;
#241 = DATE_AND_TIME ( #2380, #831 ) ;
#242 = B_SPLINE_CURVE_WITH_KNOTS ( 'NONE', 1,
 ( #198, #766 ),
 .UNSPECIFIED., .F., .F.,
 ( 2, 2 ),
 ( 0.0000000000000000000, 0.0005999999999999999500 ),
 .UNSPECIFIED. ) ;
#243 = CARTESIAN_POINT ( 'NONE',  ( 13.88209376666333000, 2.000000000000127000, 2.999999999999999600 ) ) ;
#244 = LOCAL_TIME ( 18, 31, 31.00000000000000000, #1996 ) ;
#245 = B_SPLINE_CURVE_WITH_KNOTS ( 'NONE', 1,
 ( #1623, #97 ),
 .UNSPECIFIED., .F., .F.,
 ( 2, 2 ),
 ( 0.0001435935394489811600, 0.001154767421334870800 ),
 .UNSPECIFIED. ) ;
#246 = PERSON_AND_ORGANIZATION_ROLE ( 'design_supplier' ) ;
#247 = COORDINATED_UNIVERSAL_TIME_OFFSET ( 8, 0, .AHEAD. ) ;
#248 = CARTESIAN_POINT ( 'NONE',  ( -13.00000000000000200, 1.592040838891559300E-015, 9.500000000000001800 ) ) ;
#249 = PERSON_AND_ORGANIZATION ( #187, #2179 ) ;
#250 = CIRCLE ( 'NONE', #266, 5.500000000000000000 ) ;
#251 = CARTESIAN_POINT ( 'NONE',  ( 1.999999999999981800, -15.84632453476723600, 3.000000000000000000 ) ) ;
#252 = SECURITY_CLASSIFICATION_LEVEL ( 'unclassified' ) ;
#253 = B_SPLINE_CURVE_WITH_KNOTS ( 'NONE', 1,
 ( #2343, #1373 ),
 .UNSPECIFIED., .F., .F.,
 ( 2, 2 ),
 ( -0.0000000000000000000, 0.004499999999999999700 ),
 .UNSPECIFIED. ) ;
#254 = CARTESIAN_POINT ( 'NONE',  ( 13.00000000000000200, -3.184081677783118600E-015, 9.500000000000001800 ) ) ;
#255 = CARTESIAN_POINT ( 'NONE',  ( -5.500000000000000000, 0.0000000000000000000, 2.100000000000000100 ) ) ;
#256 = TRIMMED_CURVE ( 'NONE', #92, ( PARAMETER_VALUE ( 0.0000000000000000000 ), #904 ), ( PARAMETER_VALUE ( 0.9999999999999991100 ), #528 ), .T., .PARAMETER. ) ;
#257 = CARTESIAN_POINT ( 'NONE',  ( 0.3548907575299156700, 0.6146888231784247700, 0.7414097118775230300 ) ) ;
#258 = CARTESIAN_POINT ( 'NONE',  ( 2.000000000000018200, 13.88209376666335100, 2.000000000000000000 ) ) ;
#259 = APPROVAL_STATUS ( 'not_yet_approved' ) ;
#260 = CARTESIAN_POINT ( 'NONE',  ( -13.00000000000000200, 1.592040838891559300E-015, 9.500000000000001800 ) ) ;
#261 = PRODUCT_RELATED_PRODUCT_CATEGORY ( 'detail', '', ( #1935 ) ) ;
#262 = B_SPLINE_CURVE_WITH_KNOTS ( 'NONE', 1,
 ( #1658, #332 ),
 .UNSPECIFIED., .F., .F.,
 ( 2, 2 ),
 ( 0.0000000000000000000, 0.004000000000000000100 ),
 .UNSPECIFIED. ) ;
#263 = PRODUCT ( '三腿装配体', '三腿装配体', '', ( #22 ) ) ;
#264 = CARTESIAN_POINT ( 'NONE',  ( 6.524697460949623100, 13.04085346853606700, 4.498529725452346600 ) ) ;
#265 = CARTESIAN_POINT ( 'NONE',  ( -13.85640646055102100, 2.000000000000000400, 7.500000000000000900 ) ) ;
#266 = AXIS2_PLACEMENT_3D ( 'NONE', #1889, #365, #747 ) ;
#267 = B_SPLINE_CURVE_WITH_KNOTS ( 'NONE', 1,
 ( #1845, #720 ),
 .UNSPECIFIED., .F., .F.,
 ( 2, 2 ),
 ( -0.0000000000000000000, 0.001000000000000000000 ),
 .UNSPECIFIED. ) ;
#268 = CARTESIAN_POINT ( 'NONE',  ( -13.85640646055102100, -2.000000000000000400, 8.500000000000001800 ) ) ;
#269 = B_SPLINE_CURVE_WITH_KNOTS ( 'NONE', 1,
 ( #2230, #1660 ),
 .UNSPECIFIED., .F., .F.,
 ( 2, 2 ),
 ( -0.002250334105676051800, 0.002249757518739512900 ),
 .UNSPECIFIED. ) ;
#270 = PERSON_AND_ORGANIZATION ( #187, #2179 ) ;
#271 = CARTESIAN_POINT ( 'NONE',  ( 4.752617487574487300, 10.23177495741941600, 4.500000000000000000 ) ) ;
#272 = CARTESIAN_POINT ( 'NONE',  ( 15.84632453476708700, -2.000000000000042600, 0.0000000000000000000 ) ) ;
#273 = COORDINATED_UNIVERSAL_TIME_OFFSET ( 8, 0, .AHEAD. ) ;
#274 = LINE ( 'NONE', #2039, #1773 ) ;
#275 = B_SPLINE_CURVE_WITH_KNOTS ( 'NONE', 1,
 ( #394, #1525 ),
 .UNSPECIFIED., .F., .F.,
 ( 2, 2 ),
 ( -0.0000000000000000000, 0.001000000000000000000 ),
 .UNSPECIFIED. ) ;
#276 = PRODUCT_DEFINITION ( '未知', '', #1006, #238 ) ;
#277 = LINE ( 'NONE', #2293, #1746 ) ;
#278 = CARTESIAN_POINT ( 'NONE',  ( 2.000000000000043500, -12.84523257866512400, 8.500000000000001800 ) ) ;
#279 = CARTESIAN_POINT ( 'NONE',  ( -2.250334105676046200, -5.018565174711858000, 0.2000000000000000900 ) ) ;
#280 = CARTESIAN_POINT ( 'NONE',  ( -9.184850993605147900E-016, -5.000000000000000000, 1.600000000000000100 ) ) ;
#281 = CARTESIAN_POINT ( 'NONE',  ( 5.354890757529894100, 9.274942861022825700, 3.741409711877517800 ) ) ;
#282 = B_SPLINE_CURVE_WITH_KNOTS ( 'NONE', 1,
 ( #1194, #55 ),
 .UNSPECIFIED., .F., .F.,
 ( 2, 2 ),
 ( -0.01000000000000000200, 0.0000000000000000000 ),
 .UNSPECIFIED. ) ;
#283 = CARTESIAN_POINT ( 'NONE',  ( 3.652633751016765000E-014, -14.14508159514583200, 8.500000000000001800 ) ) ;
#284 = CARTESIAN_POINT ( 'NONE',  ( 13.00000000000000200, -1.005988238676661000, 8.500000000000001800 ) ) ;
#285 = TRIMMED_CURVE ( 'NONE', #337, ( PARAMETER_VALUE ( 0.0000000000000000000 ), #2065 ), ( PARAMETER_VALUE ( 1.000000000000000000 ), #2426 ), .T., .PARAMETER. ) ;
#286 = CARTESIAN_POINT ( 'NONE',  ( -2.857040885607912400, -0.9482828937198133400, 1.399999999999999900 ) ) ;
#287 = CARTESIAN_POINT ( 'NONE',  ( 0.3548907575299156700, 0.6146888231784247700, 3.741409711877516500 ) ) ;
#288 = CARTESIAN_POINT ( 'NONE',  ( -5.500000000000000000, -1.347111479062088400E-015, 0.5000000000000000000 ) ) ;
#289 = CARTESIAN_POINT ( 'NONE',  ( 5.354890757529894100, 9.274942861022825700, 3.741409711877517800 ) ) ;
#290 = CARTESIAN_POINT ( 'NONE',  ( -9.507672427133685600E-014, 13.15663215632973300, 8.500000000000000000 ) ) ;
#291 = CC_DESIGN_PERSON_AND_ORGANIZATION_ASSIGNMENT ( #1790, #1230, ( #1454 ) ) ;
#292 = CARTESIAN_POINT ( 'NONE',  ( -12.84523257866513100, -1.999999999999998700, 8.500000000000001800 ) ) ;
#293 = CARTESIAN_POINT ( 'NONE',  ( -5.499999999999999100, -3.561408848258640800, 0.8000000000000001600 ) ) ;
#294 = CARTESIAN_POINT ( 'NONE',  ( -3.221037879010404400, 4.458129089873929200, 0.8000000000000000400 ) ) ;
#295 = B_SPLINE_CURVE_WITH_KNOTS ( 'NONE', 1,
 ( #508, #327 ),
 .UNSPECIFIED., .F., .F.,
 ( 2, 2 ),
 ( 0.0003346026153748792300, 0.001456270097031832600 ),
 .UNSPECIFIED. ) ;
#296 = CARTESIAN_POINT ( 'NONE',  ( 4.252617487574490000, 9.365749553634977100, 4.500000000000000000 ) ) ;
#297 = CARTESIAN_POINT ( 'NONE',  ( -1.836970198721029900E-016, -1.000000000000000000, 0.0000000000000000000 ) ) ;
#298 = CARTESIAN_POINT ( 'NONE',  ( 5.354890757529894100, 9.274942861022825700, 0.7414097118775242500 ) ) ;
#299 = B_SPLINE_CURVE_WITH_KNOTS ( 'NONE', 1,
 ( #1961, #814 ),
 .UNSPECIFIED., .F., .F.,
 ( 2, 2 ),
 ( -0.0000000000000000000, 0.001000000000000000000 ),
 .UNSPECIFIED. ) ;
#300 = PERSON_AND_ORGANIZATION ( #578, #865 ) ;
#301 = CARTESIAN_POINT ( 'NONE',  ( 1.999999999999981800, -15.84632453476723600, 3.000000000000000000 ) ) ;
#302 = B_SPLINE_CURVE_WITH_KNOTS ( 'NONE', 1,
 ( #2223, #1257 ),
 .UNSPECIFIED., .F., .F.,
 ( 2, 2 ),
 ( 0.002000128539727358600, 0.005018565174711907300 ),
 .UNSPECIFIED. ) ;
#303 = CARTESIAN_POINT ( 'NONE',  ( 0.6072833668683923500, 2.948411433447146700, 0.8000000000000000400 ) ) ;
#304 = CALENDAR_DATE ( 2026, 12, 9 ) ;
#305 = CARTESIAN_POINT ( 'NONE',  ( 4.052617487574508500, 9.019339392121231900, 0.0000000000000000000 ) ) ;
#306 = CARTESIAN_POINT ( 'NONE',  ( -1.999999999999981800, 14.88209376666334900, 1.000000000000000000 ) ) ;
#307 = VECTOR ( 'NONE', #525, 0.9999999999999995600 ) ;
#308 = B_SPLINE_CURVE_WITH_KNOTS ( 'NONE', 1,
 ( #686, #324 ),
 .UNSPECIFIED., .F., .F.,
 ( 2, 2 ),
 ( 0.0000000000000000000, 0.001000000000000000000 ),
 .UNSPECIFIED. ) ;
#309 = DIRECTION ( 'NONE',  ( -1.000000000000000000, 0.0000000000000000000, -0.0000000000000000000 ) ) ;
#310 = CC_DESIGN_APPROVAL ( #2113, ( #1473 ) ) ;
#311 = CARTESIAN_POINT ( 'NONE',  ( 13.87340975402965500, 2.005012930814922700, 1.000000000000000000 ) ) ;
#312 = CARTESIAN_POINT ( 'NONE',  ( -13.00000000000000200, 1.005988238676658500, 8.500000000000001800 ) ) ;
#313 = CARTESIAN_POINT ( 'NONE',  ( -5.499999999999999100, 5.499999999999999100, 0.0000000000000000000 ) ) ;
#314 = CARTESIAN_POINT ( 'NONE',  ( 4.752617487574487300, 10.23177495741941600, 0.0000000000000000000 ) ) ;
#315 = CARTESIAN_POINT ( 'NONE',  ( 13.87340975402965500, 2.005012930814922700, 1.000000000000000000 ) ) ;
#316 =( BOUNDED_CURVE ( )  B_SPLINE_CURVE ( 2, ( #1334, #1880, #735, #379, #361 ),
 .UNSPECIFIED., .F., .F. ) 
 B_SPLINE_CURVE_WITH_KNOTS ( ( 3, 2, 3 ),
 ( 3.141592653589793100, 4.712388980384689700, 6.283185307179586200 ),
 .UNSPECIFIED. ) 
 CURVE ( )  GEOMETRIC_REPRESENTATION_ITEM ( )  RATIONAL_B_SPLINE_CURVE ( ( 1.000000000000000000, 0.7071067811865475700, 1.000000000000000000, 0.7071067811865475700, 1.000000000000000000 ) ) 
 REPRESENTATION_ITEM ( '' )  );
#317 = CARTESIAN_POINT ( 'NONE',  ( 15.84632453476708700, -2.000000000000042600, 3.000000000000000000 ) ) ;
#318 = CARTESIAN_POINT ( 'NONE',  ( -13.00000000000000200, 1.592040838891559300E-015, 8.500000000000001800 ) ) ;
#319 = CARTESIAN_POINT ( 'NONE',  ( 5.471371984686380000, 0.5604360848379631400, 0.8000000000000000400 ) ) ;
#320 = CARTESIAN_POINT ( 'NONE',  ( 4.252617487574490000, 9.365749553634977100, 0.0000000000000000000 ) ) ;
#321 = CARTESIAN_POINT ( 'NONE',  ( 13.88209376666333000, 2.000000000000127500, 2.999999999999999600 ) ) ;
#322 = CC_DESIGN_DATE_AND_TIME_ASSIGNMENT ( #1120, #206, ( #276 ) ) ;
#323 = DIRECTION ( 'NONE',  ( -0.4999999999999978900, -0.8660254037844399300, -1.301042606982605300E-016 ) ) ;
#324 = CARTESIAN_POINT ( 'NONE',  ( -14.88209376666334400, -2.000000000000033800, 1.000000000000000000 ) ) ;
#325 = CARTESIAN_POINT ( 'NONE',  ( -0.9999999999999998900, 0.9999999999999998900, 0.7999999999999999300 ) ) ;
#326 = B_SPLINE_CURVE_WITH_KNOTS ( 'NONE', 1,
 ( #813, #610 ),
 .UNSPECIFIED., .F., .F.,
 ( 2, 2 ),
 ( -0.0000000000000000000, 0.004499999999999999700 ),
 .UNSPECIFIED. ) ;
#327 = CARTESIAN_POINT ( 'NONE',  ( -0.7259781388222330500, 0.0000000000000000000, 4.500000000000000900 ) ) ;
#328 = VECTOR ( 'NONE', #1122, 3.018436634984496000 ) ;
#329 = CARTESIAN_POINT ( 'NONE',  ( 15.84632453476725700, -1.999999999999852100, 3.000000000000000000 ) ) ;
#330 = B_SPLINE_CURVE_WITH_KNOTS ( 'NONE', 1,
 ( #1362, #1766 ),
 .UNSPECIFIED., .F., .F.,
 ( 2, 2 ),
 ( 0.0001435935394491286200, 0.001154767421335018200 ),
 .UNSPECIFIED. ) ;
#331 = LOCAL_TIME ( 18, 31, 31.00000000000000000, #2092 ) ;
#332 = CARTESIAN_POINT ( 'NONE',  ( -2.000000000000018200, -13.88209376666335100, 2.000000000000000000 ) ) ;
#333 = PERSON_AND_ORGANIZATION ( #187, #2179 ) ;
#334 = VECTOR ( 'NONE', #748, 0.3999999999999993600 ) ;
#335 = CARTESIAN_POINT ( 'NONE',  ( 0.0000000000000000000, 2.000000000000000400, 8.500000000000001800 ) ) ;
#336 = LINE ( 'NONE', #1148, #2310 ) ;
#337 = LINE ( 'NONE', #921, #1973 ) ;
#338 = B_SPLINE_CURVE_WITH_KNOTS ( 'NONE', 1,
 ( #1618, #2191 ),
 .UNSPECIFIED., .F., .F.,
 ( 2, 2 ),
 ( 0.002000128539727358600, 0.005018565174711855200 ),
 .UNSPECIFIED. ) ;
#339 = CARTESIAN_POINT ( 'NONE',  ( -2.250334105676046200, -5.018565174711858000, 0.8000000000000000400 ) ) ;
#340 = CARTESIAN_POINT ( 'NONE',  ( 6.524697460949623100, 13.04085346853606700, 4.500000000000000000 ) ) ;
#341 = DIRECTION ( 'NONE',  ( 0.0000000000000000000, 1.000000000000000000, 0.0000000000000000000 ) ) ;
#342 = CARTESIAN_POINT ( 'NONE',  ( 5.500000000000000900, -5.499999999999999100, 0.0000000000000000000 ) ) ;
#343 = CARTESIAN_POINT ( 'NONE',  ( 0.1292544044071838900, 4.746657035107092200, 20.25989005998359000 ) ) ;
#344 = CARTESIAN_POINT ( 'NONE',  ( -0.6069950734001704500, 2.948910772381669900, 0.8000000000000000400 ) ) ;
#345 =( BOUNDED_CURVE ( )  B_SPLINE_CURVE ( 2, ( #842, #1816, #1031 ),
 .UNSPECIFIED., .F., .F. ) 
 B_SPLINE_CURVE_WITH_KNOTS ( ( 3, 3 ),
 ( 1.427448757889527900, 1.714143895700251500 ),
 .UNSPECIFIED. ) 
 CURVE ( )  GEOMETRIC_REPRESENTATION_ITEM ( )  RATIONAL_B_SPLINE_CURVE ( ( 1.000000000000000000, 0.9897433186107875700, 1.000000000000000000 ) ) 
 REPRESENTATION_ITEM ( '' )  );
#346 = CARTESIAN_POINT ( 'NONE',  ( 5.499999999999999100, -5.500000000000000900, 2.100000000000000100 ) ) ;
#347 = CARTESIAN_POINT ( 'NONE',  ( 0.5885158724367519600, 11.01933939212122100, 0.0000000000000000000 ) ) ;
#348 = CARTESIAN_POINT ( 'NONE',  ( -13.88209376666335800, 1.999999999999969600, 2.999999999999999600 ) ) ;
#349 = B_SPLINE_CURVE_WITH_KNOTS ( 'NONE', 1,
 ( #2164, #641 ),
 .UNSPECIFIED., .F., .F.,
 ( 2, 2 ),
 ( 0.0000000000000000000, 0.0005999999999999999500 ),
 .UNSPECIFIED. ) ;
#350 = TRIMMED_CURVE ( 'NONE', #1293, ( PARAMETER_VALUE ( 0.0000000000000000000 ), #2070 ), ( PARAMETER_VALUE ( 1.284101184273162700 ), #10 ), .T., .PARAMETER. ) ;
#351 = CARTESIAN_POINT ( 'NONE',  ( 1.000000000000000000, 0.0000000000000000000, 1.000000000000000000 ) ) ;
#352 = B_SPLINE_CURVE_WITH_KNOTS ( 'NONE', 1,
 ( #1489, #351 ),
 .UNSPECIFIED., .F., .F.,
 ( 2, 2 ),
 ( 0.003000000000000000100, 0.004000000000000000100 ),
 .UNSPECIFIED. ) ;
#353 = CARTESIAN_POINT ( 'NONE',  ( -5.500000000000000000, 0.0000000000000000000, 0.0000000000000000000 ) ) ;
#354 = DIRECTION ( 'NONE',  ( -4.302429630620670200E-016, -1.000000000000000000, 0.0000000000000000000 ) ) ;
#355 = CARTESIAN_POINT ( 'NONE',  ( 1.999999999999853500, 13.85640646055104100, 8.500000000000001800 ) ) ;
#356 = CARTESIAN_POINT ( 'NONE',  ( 2.005012930814874700, -13.84632453476727500, 0.0000000000000000000 ) ) ;
#357 = CC_DESIGN_APPROVAL ( #1685, ( #1554 ) ) ;
#358 = GEOMETRIC_CURVE_SET ( 'NONE', ( #803, #580, #1656, #326, #438, #2201, #1218, #1278, #1769, #877, #1067, #5, #2020, #1578, #995, #253, #2387, #282, #513, #2160, #1146, #2319, #1248, #1691, #1356, #2231, #827, #545, #2416, #1503, #2102, #691, #393, #360, #773, #128, #912, #69, #2352, #95, #1975, #1539, #2288, #1100, #1796, #1837, #1953, #2134, #1393, #622, #964, #645, #470, #33, #2051, #1177, #1874, #726, #1426, #295, #483, #1187, #2169, #2066, #659, #1113, #1622, #2248, #1033, #44, #1474, #1551, #740, #2330, #592, #1919, #223, #140, #1740, #1292, #846, #1367, #408, #2433, #1986, #1809, #924, #25, #534, #51, #1447, #1121, #492, #2042, #986, #460, #1012, #895, #2307, #85, #2072 ) ) ;
#359 = DATE_AND_TIME ( #2054, #1372 ) ;
#360 = B_SPLINE_CURVE_WITH_KNOTS ( 'NONE', 1,
 ( #1062, #495 ),
 .UNSPECIFIED., .F., .F.,
 ( 2, 2 ),
 ( 0.0000000000000000000, 0.003999999999999995700 ),
 .UNSPECIFIED. ) ;
#361 = CARTESIAN_POINT ( 'NONE',  ( 1.000000000000000000, -2.449293598294706400E-016, 1.600000000000000100 ) ) ;
#362 = LOCAL_TIME ( 18, 31, 31.00000000000000000, #680 ) ;
#363 = VECTOR ( 'NONE', #354, 3.023971845403352600 ) ;
#364 = B_SPLINE_CURVE_WITH_KNOTS ( 'NONE', 1,
 ( #551, #2068 ),
 .UNSPECIFIED., .F., .F.,
 ( 2, 2 ),
 ( 0.006500000000000000600, 0.007500000000000002300 ),
 .UNSPECIFIED. ) ;
#365 = DIRECTION ( 'NONE',  ( 0.0000000000000000000, 0.0000000000000000000, 1.000000000000000000 ) ) ;
#366 = CALENDAR_DATE ( 2026, 12, 9 ) ;
#367 = CARTESIAN_POINT ( 'NONE',  ( 2.005012930814874700, -13.84632453476727500, 0.0000000000000000000 ) ) ;
#368 = SHAPE_REPRESENTATION_RELATIONSHIP ( 'NONE' , 'NONE' ,  #1860, #1416 ) ;
#369 = LINE ( 'NONE', #1071, #1824 ) ;
#370 = CARTESIAN_POINT ( 'NONE',  ( -15.84632453476728000, -2.005012930814804600, 1.000000000000000000 ) ) ;
#371 = DIRECTION ( 'NONE',  ( 1.000000000000000000, 0.0000000000000000000, 0.0000000000000000000 ) ) ;
#372 = CARTESIAN_POINT ( 'NONE',  ( -2.250091624415563100, -5.018145184848600100, 0.8000000000000000400 ) ) ;
#373 = CARTESIAN_POINT ( 'NONE',  ( 0.9999999999999998900, -1.000000000000000200, 0.0000000000000000000 ) ) ;
#374 = CARTESIAN_POINT ( 'NONE',  ( -5.499999999999999100, 5.500000000000000000, 2.100000000000000100 ) ) ;
#375 = DIRECTION ( 'NONE',  ( 0.4999999999999975000, 0.8660254037844401500, 0.0000000000000000000 ) ) ;
#376 = CARTESIAN_POINT ( 'NONE',  ( 13.84632453476725500, -2.000000000000048000, 0.0000000000000000000 ) ) ;
#377 = CARTESIAN_POINT ( 'NONE',  ( -13.88209376666335800, 1.999999999999969600, 2.999999999999999600 ) ) ;
#378 = PERSON_AND_ORGANIZATION_ROLE ( 'design_supplier' ) ;
#379 = CARTESIAN_POINT ( 'NONE',  ( 0.9999999999999998900, -1.000000000000000200, 1.599999999999999900 ) ) ;
#380 = B_SPLINE_CURVE_WITH_KNOTS ( 'NONE', 1,
 ( #1246, #477 ),
 .UNSPECIFIED., .F., .F.,
 ( 2, 2 ),
 ( 0.0000000000000000000, 0.004000000000000126700 ),
 .UNSPECIFIED. ) ;
#381 = B_SPLINE_CURVE_WITH_KNOTS ( 'NONE', 1,
 ( #1785, #2001 ),
 .UNSPECIFIED., .F., .F.,
 ( 2, 2 ),
 ( 0.0000000000000000000, 0.0005999999999999999500 ),
 .UNSPECIFIED. ) ;
#382 = CARTESIAN_POINT ( 'NONE',  ( -3.221037879010376900, 4.458129089873890100, 1.399999999999999900 ) ) ;
#383 = CARTESIAN_POINT ( 'NONE',  ( 4.752617487574487300, 10.23177495741941600, 0.0000000000000000000 ) ) ;
#384 = DIRECTION ( 'NONE',  ( 0.0000000000000000000, 0.0000000000000000000, 1.000000000000000000 ) ) ;
#385 = TRIMMED_CURVE ( 'NONE', #893, ( PARAMETER_VALUE ( 0.0000000000000000000 ), #933 ), ( PARAMETER_VALUE ( 1.000000000000000200 ), #339 ), .T., .PARAMETER. ) ;
#386 = CARTESIAN_POINT ( 'NONE',  ( -2.005012930814970700, 13.87340975402964800, 1.000000000000000000 ) ) ;
#387 = PRODUCT_DEFINITION_SHAPE ( 'NONE', 'NONE',  #2460 ) ;
#388 = DATE_TIME_ROLE ( 'classification_date' ) ;
#389 = CARTESIAN_POINT ( 'NONE',  ( 14.00000000000000000, 1.714505518806294600E-015, 7.500000000000000900 ) ) ;
#390 = CARTESIAN_POINT ( 'NONE',  ( -15.84632453476728400, 2.000000000000144300, 0.0000000000000000000 ) ) ;
#391 = CC_DESIGN_SECURITY_CLASSIFICATION ( #1454, ( #2459 ) ) ;
#392 = CALENDAR_DATE ( 2026, 12, 9 ) ;
#393 = B_SPLINE_CURVE_WITH_KNOTS ( 'NONE', 1,
 ( #1978, #1402 ),
 .UNSPECIFIED., .F., .F.,
 ( 2, 2 ),
 ( 1.470274547652784800E-006, 0.004499999999999999700 ),
 .UNSPECIFIED. ) ;
#394 = CARTESIAN_POINT ( 'NONE',  ( -2.000000000000097300, -13.87413330828055000, 1.000000000000000000 ) ) ;
#395 = COORDINATED_UNIVERSAL_TIME_OFFSET ( 8, 0, .AHEAD. ) ;
#396 = APPLICATION_CONTEXT ( 'configuration controlled 3d designs of mechanical parts and assemblies' ) ;
#397 = B_SPLINE_CURVE_WITH_KNOTS ( 'NONE', 1,
 ( #2158, #1982 ),
 .UNSPECIFIED., .F., .F.,
 ( 2, 2 ),
 ( -0.002000000000000000900, -0.0009999999999999991500 ),
 .UNSPECIFIED. ) ;
#398 = APPROVAL_PERSON_ORGANIZATION ( #838, #829, #777 ) ;
#399 = LINE ( 'NONE', #936, #721 ) ;
#400 = CARTESIAN_POINT ( 'NONE',  ( -12.84523257866512900, 2.000000000000000400, 7.500000000000000900 ) ) ;
#401 = CARTESIAN_POINT ( 'NONE',  ( 2.857329179076198300, -0.9487822326543007300, 0.8000000000000000400 ) ) ;
#402 = VECTOR ( 'NONE', #341, 1.999999999999998200 ) ;
#403 = VECTOR ( 'NONE', #1701, 4.005012930814970700 ) ;
#404 = CARTESIAN_POINT ( 'NONE',  ( -2.005012930814970700, 15.84632453476726100, 1.000000000000000000 ) ) ;
#405 = APPLICATION_CONTEXT ( 'configuration controlled 3d designs of mechanical parts and assemblies' ) ;
#406 = CC_DESIGN_PERSON_AND_ORGANIZATION_ASSIGNMENT ( #2354, #972, ( #1858 ) ) ;
#407 = CARTESIAN_POINT ( 'NONE',  ( 1.000000000000000000, 0.9999999999999998900, 1.599999999999999900 ) ) ;
#408 = TRIMMED_CURVE ( 'NONE', #2151, ( PARAMETER_VALUE ( 0.0000000000000000000 ), #1147 ), ( PARAMETER_VALUE ( 0.9999999999999985600 ), #2078 ), .T., .PARAMETER. ) ;
#409 =( LENGTH_UNIT ( ) NAMED_UNIT ( * ) SI_UNIT ( .MILLI., .METRE. ) );
#410 = CARTESIAN_POINT ( 'NONE',  ( 13.88209376666337200, -1.999999999999873000, 2.000000000000000000 ) ) ;
#411 = B_SPLINE_CURVE_WITH_KNOTS ( 'NONE', 1,
 ( #444, #637 ),
 .UNSPECIFIED., .F., .F.,
 ( 2, 2 ),
 ( -0.002005012930814790700, 0.002000000000000158300 ),
 .UNSPECIFIED. ) ;
#412 = APPROVAL_STATUS ( 'not_yet_approved' ) ;
#413 = CARTESIAN_POINT ( 'NONE',  ( -0.7259781388222331700, 0.0000000000000000000, 4.500000000000000000 ) ) ;
#414 =( BOUNDED_CURVE ( )  B_SPLINE_CURVE ( 2, ( #2197, #1082, #905, #1102, #529 ),
 .UNSPECIFIED., .F., .F. ) 
 B_SPLINE_CURVE_WITH_KNOTS ( ( 3, 2, 3 ),
 ( 3.141592653589793100, 4.712388980384689700, 6.283185307179586200 ),
 .UNSPECIFIED. ) 
 CURVE ( )  GEOMETRIC_REPRESENTATION_ITEM ( )  RATIONAL_B_SPLINE_CURVE ( ( 1.000000000000000000, 0.7071067811865475700, 1.000000000000000000, 0.7071067811865475700, 1.000000000000000000 ) ) 
 REPRESENTATION_ITEM ( '' )  );
#415 = CARTESIAN_POINT ( 'NONE',  ( -1.608122649676636600E-016, 1.000000000000000000, 0.0000000000000000000 ) ) ;
#416 = DIRECTION ( 'NONE',  ( 0.0000000000000000000, 1.000000000000000000, 0.0000000000000000000 ) ) ;
#417 = B_SPLINE_CURVE_WITH_KNOTS ( 'NONE', 1,
 ( #317, #2401 ),
 .UNSPECIFIED., .F., .F.,
 ( 2, 2 ),
 ( -0.002000000000000000000, 0.001000000000000000000 ),
 .UNSPECIFIED. ) ;
#418 = CARTESIAN_POINT ( 'NONE',  ( 1.524697460949611600, 12.64085346853604400, 0.0000000000000000000 ) ) ;
#419 = APPROVAL_STATUS ( 'not_yet_approved' ) ;
#420 = ORGANIZATION ( 'NAUO-ORG5', 'UNSPECIFIED', 'UNSPECIFIED' ) ;
#421 = AXIS2_PLACEMENT_3D ( 'NONE', #170, #1484, #1886 ) ;
#422 = CARTESIAN_POINT ( 'NONE',  ( 12.84523257866513100, 2.000000000000000400, 7.500000000000000900 ) ) ;
#423 = ORGANIZATION ( 'NAUO-ORG1', 'UNSPECIFIED', 'UNSPECIFIED' ) ;
#424 = APPROVAL ( #2345, 'UNKNOWN' ) ;
#425 =( BOUNDED_CURVE ( )  B_SPLINE_CURVE ( 2, ( #2031, #284, #84 ),
 .UNSPECIFIED., .F., .F. ) 
 B_SPLINE_CURVE_WITH_KNOTS ( ( 3, 3 ),
 ( 6.128725708695402100, 6.283185307179586200 ),
 .UNSPECIFIED. ) 
 CURVE ( )  GEOMETRIC_REPRESENTATION_ITEM ( )  RATIONAL_B_SPLINE_CURVE ( ( 1.000000000000000000, 0.9970192610334746000, 1.000000000000000000 ) ) 
 REPRESENTATION_ITEM ( '' )  );
#426 = DATE_AND_TIME ( #304, #486 ) ;
#427 = AXIS2_PLACEMENT_3D ( 'NONE', #2262, #1317, #965 ) ;
#428 = CARTESIAN_POINT ( 'NONE',  ( 0.09508313639458371200, 0.7646888231784241300, 0.7414097118775232500 ) ) ;
#429 =( BOUNDED_CURVE ( )  B_SPLINE_CURVE ( 2, ( #2114, #1548, #1336, #1934, #1914 ),
 .UNSPECIFIED., .F., .F. ) 
 B_SPLINE_CURVE_WITH_KNOTS ( ( 3, 2, 3 ),
 ( 3.141592653589793100, 4.712388980384689700, 6.283185307179586200 ),
 .UNSPECIFIED. ) 
 CURVE ( )  GEOMETRIC_REPRESENTATION_ITEM ( )  RATIONAL_B_SPLINE_CURVE ( ( 1.000000000000000000, 0.7071067811865475700, 1.000000000000000000, 0.7071067811865475700, 1.000000000000000000 ) ) 
 REPRESENTATION_ITEM ( '' )  );
#430 = CARTESIAN_POINT ( 'NONE',  ( 15.84632453476725700, -1.999999999999852100, 3.000000000000000000 ) ) ;
#431 =( BOUNDED_CURVE ( )  B_SPLINE_CURVE ( 2, ( #1890, #1138, #389 ),
 .UNSPECIFIED., .F., .F. ) 
 B_SPLINE_CURVE_WITH_KNOTS ( ( 3, 3 ),
 ( 2.998245084684427700, 3.141592653589793100 ),
 .UNSPECIFIED. ) 
 CURVE ( )  GEOMETRIC_REPRESENTATION_ITEM ( )  RATIONAL_B_SPLINE_CURVE ( ( 1.000000000000000000, 0.9974325337111245000, 1.000000000000000000 ) ) 
 REPRESENTATION_ITEM ( '' )  );
#432 = DATE_AND_TIME ( #938, #1534 ) ;
#433 =( REPRESENTATION_RELATIONSHIP ('NONE','NONE', #163, #1594 ) REPRESENTATION_RELATIONSHIP_WITH_TRANSFORMATION ( #1258 )SHAPE_REPRESENTATION_RELATIONSHIP( ) );
#434 = CARTESIAN_POINT ( 'NONE',  ( -2.571758278209441300E-015, -14.00000000000000000, 9.500000000000001800 ) ) ;
#435 = CARTESIAN_POINT ( 'NONE',  ( -0.7259781388222331700, 0.0000000000000000000, 4.500000000000000000 ) ) ;
#436 = CARTESIAN_POINT ( 'NONE',  ( -13.87340975402966800, -2.005012930814825500, 0.0000000000000000000 ) ) ;
#437 = APPROVAL_ROLE ( '' ) ;
#438 = B_SPLINE_CURVE_WITH_KNOTS ( 'NONE', 1,
 ( #1013, #1002 ),
 .UNSPECIFIED., .F., .F.,
 ( 2, 2 ),
 ( 0.0000000000000000000, 0.01120978151505983400 ),
 .UNSPECIFIED. ) ;
#439 = APPROVAL ( #2081, '未指定' ) ;
#440 = CARTESIAN_POINT ( 'NONE',  ( -13.85640646055102100, -2.000000000000000400, 7.500000000000000900 ) ) ;
#441 = CARTESIAN_POINT ( 'NONE',  ( 5.471371984686380000, 0.5604360848379631400, 1.399999999999999900 ) ) ;
#442 =( BOUNDED_CURVE ( )  B_SPLINE_CURVE ( 2, ( #2403, #881, #1265, #1818, #1274 ),
 .UNSPECIFIED., .F., .F. ) 
 B_SPLINE_CURVE_WITH_KNOTS ( ( 3, 2, 3 ),
 ( 3.141592653589793100, 4.712388980384689700, 6.283185307179586200 ),
 .UNSPECIFIED. ) 
 CURVE ( )  GEOMETRIC_REPRESENTATION_ITEM ( )  RATIONAL_B_SPLINE_CURVE ( ( 1.000000000000000000, 0.7071067811865475700, 1.000000000000000000, 0.7071067811865475700, 1.000000000000000000 ) ) 
 REPRESENTATION_ITEM ( '' )  );
#443 = CARTESIAN_POINT ( 'NONE',  ( -0.3629890694111165800, -0.9973042717158877600, 4.137010930588883400 ) ) ;
#444 = CARTESIAN_POINT ( 'NONE',  ( -15.84632453476728000, -2.005012930814804600, 0.0000000000000000000 ) ) ;
#445 = APPROVAL_STATUS ( 'not_yet_approved' ) ;
#446 = B_SPLINE_CURVE_WITH_KNOTS ( 'NONE', 1,
 ( #71, #1989 ),
 .UNSPECIFIED., .F., .F.,
 ( 2, 2 ),
 ( 0.002000128539727359900, 0.005018823677603649800 ),
 .UNSPECIFIED. ) ;
#447 = CARTESIAN_POINT ( 'NONE',  ( -13.85640646055101900, 2.000000000000000400, 7.500000000000000900 ) ) ;
#448 = CARTESIAN_POINT ( 'NONE',  ( 2.857329179076197900, -0.9487822326543009500, 0.8000000000000000400 ) ) ;
#449 = CARTESIAN_POINT ( 'NONE',  ( 6.524697460949623100, 12.64085346853606300, 0.0000000000000000000 ) ) ;
#450 = CARTESIAN_POINT ( 'NONE',  ( 1.999999999999997300, 15.84632453476723600, 0.0000000000000000000 ) ) ;
#451 = CALENDAR_DATE ( 2026, 12, 9 ) ;
#452 = CC_DESIGN_DATE_AND_TIME_ASSIGNMENT ( #1498, #754, ( #1765 ) ) ;
#453 = COORDINATED_UNIVERSAL_TIME_OFFSET ( 8, 0, .AHEAD. ) ;
#454 = CARTESIAN_POINT ( 'NONE',  ( 1.999999999999865700, 12.84523257866515100, 7.500000000000000900 ) ) ;
#455 = B_SPLINE_CURVE_WITH_KNOTS ( 'NONE', 1,
 ( #103, #2375 ),
 .UNSPECIFIED., .F., .F.,
 ( 2, 2 ),
 ( -0.01488209376666335700, -0.01387413330828054400 ),
 .UNSPECIFIED. ) ;
#456 = CARTESIAN_POINT ( 'NONE',  ( 13.00000000000000200, 1.592040838891559300E-015, 7.500000000000000900 ) ) ;
#457 = CARTESIAN_POINT ( 'NONE',  ( 3.221550042549819800, 4.457759002385307300, 0.8000000000000000400 ) ) ;
#458 = CALENDAR_DATE ( 2026, 12, 9 ) ;
#459 = LINE ( 'NONE', #1909, #1888 ) ;
#460 = TRIMMED_CURVE ( 'NONE', #632, ( PARAMETER_VALUE ( 0.0000000000000000000 ), #498 ), ( PARAMETER_VALUE ( 1.000000000000000000 ), #1448 ), .T., .PARAMETER. ) ;
#461 = CARTESIAN_POINT ( 'NONE',  ( 5.500000000000000000, 0.0000000000000000000, 0.8000000000000000400 ) ) ;
#462 = CARTESIAN_POINT ( 'NONE',  ( 0.7885158724367333800, 11.36574955363496600, 4.500000000000000000 ) ) ;
#463 = CARTESIAN_POINT ( 'NONE',  ( 13.87413330828055700, -2.000000000000048000, 0.0000000000000000000 ) ) ;
#464 = LINE ( 'NONE', #1472, #2357 ) ;
#465 =( BOUNDED_CURVE ( )  B_SPLINE_CURVE ( 2, ( #763, #342, #2448, #1903, #1674 ),
 .UNSPECIFIED., .F., .F. ) 
 B_SPLINE_CURVE_WITH_KNOTS ( ( 3, 2, 3 ),
 ( 3.141592653589793100, 4.712388980384689700, 6.283185307179586200 ),
 .UNSPECIFIED. ) 
 CURVE ( )  GEOMETRIC_REPRESENTATION_ITEM ( )  RATIONAL_B_SPLINE_CURVE ( ( 1.000000000000000000, 0.7071067811865475700, 1.000000000000000000, 0.7071067811865475700, 1.000000000000000000 ) ) 
 REPRESENTATION_ITEM ( '' )  );
#466 = CARTESIAN_POINT ( 'NONE',  ( 1.000000000000000000, 1.224646799147353200E-016, 0.8000000000000000400 ) ) ;
#467 = CARTESIAN_POINT ( 'NONE',  ( -5.500000000000000900, -5.499999999999999100, 2.100000000000000100 ) ) ;
#468 = CARTESIAN_POINT ( 'NONE',  ( 5.354890757529894100, 9.274942861022825700, 0.7414097118775241400 ) ) ;
#469 = CARTESIAN_POINT ( 'NONE',  ( -14.88209376666335600, 2.000000000000144800, 1.000000000000000000 ) ) ;
#470 = B_SPLINE_CURVE_WITH_KNOTS ( 'NONE', 1,
 ( #917, #1289 ),
 .UNSPECIFIED., .F., .F.,
 ( 2, 2 ),
 ( -0.0000000000000000000, 0.003000000000000000900 ),
 .UNSPECIFIED. ) ;
#471 = CARTESIAN_POINT ( 'NONE',  ( 2.857329179076198300, -0.9487822326543007300, 1.399999999999999900 ) ) ;
#472 = CARTESIAN_POINT ( 'NONE',  ( -13.85640646055101800, -2.000000000000009800, 7.500000000000000900 ) ) ;
#473 = CARTESIAN_POINT ( 'NONE',  ( -1.999999999999957100, -12.84523257866513600, 8.500000000000001800 ) ) ;
#474 = B_SPLINE_CURVE_WITH_KNOTS ( 'NONE', 1,
 ( #1073, #114 ),
 .UNSPECIFIED., .F., .F.,
 ( 2, 2 ),
 ( 0.006500000000000000600, 0.007500000000000002300 ),
 .UNSPECIFIED. ) ;
#475 = CARTESIAN_POINT ( 'NONE',  ( 2.249757518739515100, -2.000128539727356700, 1.399999999999999900 ) ) ;
#476 = CARTESIAN_POINT ( 'NONE',  ( 0.0000000000000000000, 0.0000000000000000000, 0.0000000000000000000 ) ) ;
#477 = CARTESIAN_POINT ( 'NONE',  ( -2.000000000000144800, -14.88209376666334900, 1.000000000000000000 ) ) ;
#478 = CARTESIAN_POINT ( 'NONE',  ( 1.999999999999866100, 12.84523257866515200, 8.500000000000001800 ) ) ;
#479 = CARTESIAN_POINT ( 'NONE',  ( 2.000000000000058200, -13.85640646055101000, 7.500000000000000900 ) ) ;
#480 = DATE_AND_TIME ( #451, #746 ) ;
#481 = CARTESIAN_POINT ( 'NONE',  ( -1.000000000000000200, -0.9999999999999998900, 0.0000000000000000000 ) ) ;
#482 = CONTEXT_DEPENDENT_SHAPE_REPRESENTATION ( #1582, #559 ) ;
#483 = B_SPLINE_CURVE_WITH_KNOTS ( 'NONE', 1,
 ( #1259, #1460 ),
 .UNSPECIFIED., .F., .F.,
 ( 2, 2 ),
 ( -0.001199999999999999700, 0.0000000000000000000 ),
 .UNSPECIFIED. ) ;
#484 = CARTESIAN_POINT ( 'NONE',  ( -0.7355936306317365500, 0.7259144580217802300, 0.0000000000000000000 ) ) ;
#485 = CARTESIAN_POINT ( 'NONE',  ( -2.000000000000018200, -13.88209376666335100, 2.000000000000000000 ) ) ;
#486 = LOCAL_TIME ( 18, 31, 31.00000000000000000, #1969 ) ;
#487 = CARTESIAN_POINT ( 'NONE',  ( 6.524697460949623100, 13.04085346853606700, 0.0000000000000000000 ) ) ;
#488 = SECURITY_CLASSIFICATION ( '', '', #252 ) ;
#489 = B_SPLINE_CURVE_WITH_KNOTS ( 'NONE', 1,
 ( #1831, #1992 ),
 .UNSPECIFIED., .F., .F.,
 ( 2, 2 ),
 ( 0.0000000000000000000, 0.004000000000000182200 ),
 .UNSPECIFIED. ) ;
#490 = CARTESIAN_POINT ( 'NONE',  ( -2.000000000000045700, 12.84523257866512400, 8.500000000000001800 ) ) ;
#491 = PERSON_AND_ORGANIZATION ( #187, #2179 ) ;
#492 = TRIMMED_CURVE ( 'NONE', #189, ( PARAMETER_VALUE ( -0.0000000000000000000 ), #1621 ), ( PARAMETER_VALUE ( 1.000000000000000200 ), #518 ), .T., .PARAMETER. ) ;
#493 = CARTESIAN_POINT ( 'NONE',  ( 13.99999999999999800, 14.00000000000000400, 0.0000000000000000000 ) ) ;
#494 = CARTESIAN_POINT ( 'NONE',  ( 3.221550042549820700, 4.457759002385307300, 0.2000000000000000900 ) ) ;
#495 = CARTESIAN_POINT ( 'NONE',  ( 0.7885158724367331600, 11.36574955363496600, 4.500000000000000000 ) ) ;
#496 = CARTESIAN_POINT ( 'NONE',  ( -2.000000000000018200, -13.88209376666335100, 2.999999999999999600 ) ) ;
#497 = B_SPLINE_CURVE_WITH_KNOTS ( 'NONE', 1,
 ( #105, #1849 ),
 .UNSPECIFIED., .F., .F.,
 ( 2, 2 ),
 ( 0.0000000000000000000, 0.004000000000000000100 ),
 .UNSPECIFIED. ) ;
#498 = CARTESIAN_POINT ( 'NONE',  ( 0.0000000000000000000, 0.0000000000000000000, 0.0000000000000000000 ) ) ;
#499 = CARTESIAN_POINT ( 'NONE',  ( -2.000000000000018200, -15.84632453476723600, 3.000000000000000000 ) ) ;
#500 = CARTESIAN_POINT ( 'NONE',  ( 3.221550042549819800, 4.457759002385306400, 0.2000000000000000900 ) ) ;
#501 = CARTESIAN_POINT ( 'NONE',  ( 6.524697460949623100, 12.64085346853606300, 4.500000000000000000 ) ) ;
#502 = CARTESIAN_POINT ( 'NONE',  ( -2.005012930814970700, 15.84632453476726100, 0.0000000000000000000 ) ) ;
#503 = B_SPLINE_CURVE_WITH_KNOTS ( 'NONE', 1,
 ( #2283, #162 ),
 .UNSPECIFIED., .F., .F.,
 ( 2, 2 ),
 ( 0.0009999999999999991500, 0.002000000000000000900 ),
 .UNSPECIFIED. ) ;
#504 =( BOUNDED_CURVE ( )  B_SPLINE_CURVE ( 2, ( #759, #407, #1513, #208, #216 ),
 .UNSPECIFIED., .F., .F. ) 
 B_SPLINE_CURVE_WITH_KNOTS ( ( 3, 2, 3 ),
 ( 0.0000000000000000000, 1.570796326794896600, 3.141592653589793100 ),
 .UNSPECIFIED. ) 
 CURVE ( )  GEOMETRIC_REPRESENTATION_ITEM ( )  RATIONAL_B_SPLINE_CURVE ( ( 1.000000000000000000, 0.7071067811865475700, 1.000000000000000000, 0.7071067811865475700, 1.000000000000000000 ) ) 
 REPRESENTATION_ITEM ( '' )  );
#505 = TRIMMED_CURVE ( 'NONE', #2420, ( PARAMETER_VALUE ( 0.0000000000000000000 ), #1076 ), ( PARAMETER_VALUE ( 1.000000000000000000 ), #131 ), .T., .PARAMETER. ) ;
#506 = CARTESIAN_POINT ( 'NONE',  ( -12.84523257866512900, 2.000000000000002200, 8.500000000000001800 ) ) ;
#507 = CARTESIAN_POINT ( 'NONE',  ( -2.250334105676050200, -2.000128539727361600, 0.8000000000000000400 ) ) ;
#508 = CARTESIAN_POINT ( 'NONE',  ( -0.3629890694111168000, -0.9973042717158870900, 4.137010930588883400 ) ) ;
#509 = CARTESIAN_POINT ( 'NONE',  ( 6.524697460949623100, 12.64085346853606300, 0.0000000000000000000 ) ) ;
#510 = PERSON_AND_ORGANIZATION ( #187, #2179 ) ;
#511 = CARTESIAN_POINT ( 'NONE',  ( 2.000000000000018200, 13.88209376666335100, 2.000000000000000000 ) ) ;
#512 = APPROVAL_PERSON_ORGANIZATION ( #1792, #2113, #1576 ) ;
#513 = B_SPLINE_CURVE_WITH_KNOTS ( 'NONE', 1,
 ( #1806, #476 ),
 .UNSPECIFIED., .F., .F.,
 ( 2, 2 ),
 ( -0.0007259781388222330700, 0.0000000000000000000 ),
 .UNSPECIFIED. ) ;
#514 = CALENDAR_DATE ( 2026, 12, 9 ) ;
#515 = CARTESIAN_POINT ( 'NONE',  ( -0.3629890694111162500, -0.9973042717158868700, 4.137010930588883400 ) ) ;
#516 = CARTESIAN_POINT ( 'NONE',  ( -5.000000000000000000, 0.0000000000000000000, 0.5000000000000000000 ) ) ;
#517 =( BOUNDED_CURVE ( )  B_SPLINE_CURVE ( 2, ( #934, #1315, #955, #172, #1335 ),
 .UNSPECIFIED., .F., .F. ) 
 B_SPLINE_CURVE_WITH_KNOTS ( ( 3, 2, 3 ),
 ( 1.224646799147353200E-016, 1.570796326794896800, 3.141592653589793100 ),
 .UNSPECIFIED. ) 
 CURVE ( )  GEOMETRIC_REPRESENTATION_ITEM ( )  RATIONAL_B_SPLINE_CURVE ( ( 1.000000000000000000, 0.7071067811865475700, 1.000000000000000000, 0.7071067811865475700, 1.000000000000000000 ) ) 
 REPRESENTATION_ITEM ( '' )  );
#518 = CARTESIAN_POINT ( 'NONE',  ( 0.3548907575299157200, 0.6146888231784247700, 3.741409711877516500 ) ) ;
#519 = CC_DESIGN_DATE_AND_TIME_ASSIGNMENT ( #1229, #828, ( #1454 ) ) ;
#520 = CARTESIAN_POINT ( 'NONE',  ( -15.84632453476722900, -2.000000000000037300, 3.000000000000000000 ) ) ;
#521 = VECTOR ( 'NONE', #1499, 1.999999999999831700 ) ;
#522 = DIRECTION ( 'NONE',  ( -1.165734175856414400E-015, 8.011868568650901100E-032, 1.000000000000000200 ) ) ;
#523 = CARTESIAN_POINT ( 'NONE',  ( 1.000000000000000000, 1.224646799147353200E-016, 0.8000000000000000400 ) ) ;
#524 = B_SPLINE_CURVE_WITH_KNOTS ( 'NONE', 1,
 ( #520, #2236 ),
 .UNSPECIFIED., .F., .F.,
 ( 2, 2 ),
 ( 0.0000000000000000000, 0.004000000000000000100 ),
 .UNSPECIFIED. ) ;
#525 = DIRECTION ( 'NONE',  ( 0.4999999999999980600, 0.8660254037844397100, 0.0000000000000000000 ) ) ;
#526 = CARTESIAN_POINT ( 'NONE',  ( 13.88209376666337200, -1.999999999999872500, 2.999999999999999600 ) ) ;
#527 = CARTESIAN_POINT ( 'NONE',  ( 14.88209376666337000, -1.999999999999862600, 1.000000000000000000 ) ) ;
#528 = CARTESIAN_POINT ( 'NONE',  ( 0.0000000000000000000, -2.000000000000000400, 7.500000000000000900 ) ) ;
#529 = CARTESIAN_POINT ( 'NONE',  ( 5.500000000000000000, -1.347111479062088400E-015, 0.0000000000000000000 ) ) ;
#530 = B_SPLINE_CURVE_WITH_KNOTS ( 'NONE', 1,
 ( #2340, #60 ),
 .UNSPECIFIED., .F., .F.,
 ( 2, 2 ),
 ( 0.0000000000000000000, 0.0009999999999999991500 ),
 .UNSPECIFIED. ) ;
#531 = DIRECTION ( 'NONE',  ( 1.000000000000000000, 1.060087206458995200E-015, 0.0000000000000000000 ) ) ;
#532 = CARTESIAN_POINT ( 'NONE',  ( 4.052617487574508500, 9.019339392121231900, 0.0000000000000000000 ) ) ;
#533 = CARTESIAN_POINT ( 'NONE',  ( 13.84632453476727000, 2.005012930814922700, 0.0000000000000000000 ) ) ;
#534 = TRIMMED_CURVE ( 'NONE', #1857, ( PARAMETER_VALUE ( 0.0000000000000000000 ), #1077 ), ( PARAMETER_VALUE ( 0.9999999999999997800 ), #1065 ), .T., .PARAMETER. ) ;
#535 = APPROVAL ( #1323, '未指定' ) ;
#536 = CARTESIAN_POINT ( 'NONE',  ( -3.367778697655221000E-016, 5.500000000000000000, 0.0000000000000000000 ) ) ;
#537 = B_SPLINE_CURVE_WITH_KNOTS ( 'NONE', 1,
 ( #148, #1483 ),
 .UNSPECIFIED., .F., .F.,
 ( 2, 2 ),
 ( 0.0000000000000000000, 0.0009999999999999991500 ),
 .UNSPECIFIED. ) ;
#538 = CARTESIAN_POINT ( 'NONE',  ( 7.839240612154785700, -8.879950782134601500, 11.40352988476603400 ) ) ;
#539 = CARTESIAN_POINT ( 'NONE',  ( 2.249757518739515100, -2.000128539727356700, 0.8000000000000000400 ) ) ;
#540 = PERSON_AND_ORGANIZATION ( #2286, #1606 ) ;
#541 = CARTESIAN_POINT ( 'NONE',  ( 2.249757518739515100, -2.000128539727356700, 0.8000000000000000400 ) ) ;
#542 = APPROVAL_DATE_TIME ( #1947, #2253 ) ;
#543 = CARTESIAN_POINT ( 'NONE',  ( -2.000000000000018200, -14.88209376666334900, 2.000000000000000000 ) ) ;
#544 = APPROVAL_PERSON_ORGANIZATION ( #18, #2394, #11 ) ;
#545 = B_SPLINE_CURVE_WITH_KNOTS ( 'NONE', 1,
 ( #643, #1034 ),
 .UNSPECIFIED., .F., .F.,
 ( 2, 2 ),
 ( -0.005230940107675860300, -0.0000000000000000000 ),
 .UNSPECIFIED. ) ;
#546 = DIRECTION ( 'NONE',  ( 0.0000000000000000000, 0.0000000000000000000, 1.000000000000000000 ) ) ;
#547 = CARTESIAN_POINT ( 'NONE',  ( -2.857040885607912400, -0.9482828937198133400, 0.8000000000000000400 ) ) ;
#548 = SHAPE_DEFINITION_REPRESENTATION ( #204, #163 ) ;
#549 = AXIS2_PLACEMENT_3D ( 'NONE', #343, #1492, #705 ) ;
#550 = DIRECTION ( 'NONE',  ( 1.003900247144823400E-015, -1.000000000000000000, 0.0000000000000000000 ) ) ;
#551 = CARTESIAN_POINT ( 'NONE',  ( 13.85640646055102100, -2.000000000000000400, 7.500000000000000900 ) ) ;
#552 = CARTESIAN_POINT ( 'NONE',  ( 2.005012930814861000, -15.84632453476727300, 0.0000000000000000000 ) ) ;
#553 = CC_DESIGN_SECURITY_CLASSIFICATION ( #724, ( #2460 ) ) ;
#554 = CARTESIAN_POINT ( 'NONE',  ( 1.999999999999981800, -15.84632453476727100, 1.000000000000000000 ) ) ;
#555 = CARTESIAN_POINT ( 'NONE',  ( -0.6069950734001704500, 2.948910772381669900, 0.2000000000000000900 ) ) ;
#556 = CARTESIAN_POINT ( 'NONE',  ( 2.250000000000000400, -5.018714974971182100, 0.8000000000000000400 ) ) ;
#557 = CARTESIAN_POINT ( 'NONE',  ( 12.84523257866513100, 2.000000000000000400, 8.500000000000001800 ) ) ;
#558 = CARTESIAN_POINT ( 'NONE',  ( -15.84632453476728000, -2.005012930814804600, 0.0000000000000000000 ) ) ;
#559 = PRODUCT_DEFINITION_SHAPE ( 'NONE', 'NONE',  #2457 ) ;
#560 = CARTESIAN_POINT ( 'NONE',  ( 5.500000000000000000, 6.735557395310442000E-016, 0.5000000000000000000 ) ) ;
#561 = APPLICATION_CONTEXT ( 'configuration controlled 3d designs of mechanical parts and assemblies' ) ;
#562 =( BOUNDED_CURVE ( )  B_SPLINE_CURVE ( 2, ( #784, #2116, #987, #2315, #799 ),
 .UNSPECIFIED., .F., .F. ) 
 B_SPLINE_CURVE_WITH_KNOTS ( ( 3, 2, 3 ),
 ( 0.0000000000000000000, 1.570796326794896600, 3.141592653589793100 ),
 .UNSPECIFIED. ) 
 CURVE ( )  GEOMETRIC_REPRESENTATION_ITEM ( )  RATIONAL_B_SPLINE_CURVE ( ( 1.000000000000000000, 0.7071067811865475700, 1.000000000000000000, 0.7071067811865475700, 1.000000000000000000 ) ) 
 REPRESENTATION_ITEM ( '' )  );
#563 = B_SPLINE_CURVE_WITH_KNOTS ( 'NONE', 1,
 ( #507, #876 ),
 .UNSPECIFIED., .F., .F.,
 ( 2, 2 ),
 ( 0.002000128539727358600, 0.005018565174711855200 ),
 .UNSPECIFIED. ) ;
#564 =( NAMED_UNIT ( * ) SI_UNIT ( $, .STERADIAN. ) SOLID_ANGLE_UNIT ( ) );
#565 = CARTESIAN_POINT ( 'NONE',  ( -13.99999999999999800, -1.005154776142865200, 8.500000000000001800 ) ) ;
#566 = CARTESIAN_POINT ( 'NONE',  ( -1.000000000000000000, 1.224646799147353200E-016, 0.8000000000000000400 ) ) ;
#567 = CARTESIAN_POINT ( 'NONE',  ( 0.2421057109229765300, 11.21933939212121900, 0.0000000000000000000 ) ) ;
#568 = CARTESIAN_POINT ( 'NONE',  ( 2.000000000000000000, 13.87413330828056600, 0.0000000000000000000 ) ) ;
#569 = CC_DESIGN_SECURITY_CLASSIFICATION ( #1599, ( #1006 ) ) ;
#570 =( BOUNDED_CURVE ( )  B_SPLINE_CURVE ( 2, ( #2003, #923, #294 ),
 .UNSPECIFIED., .F., .F. ) 
 B_SPLINE_CURVE_WITH_KNOTS ( ( 3, 3 ),
 ( 0.9450080291810845100, 2.196469736573968900 ),
 .UNSPECIFIED. ) 
 CURVE ( )  GEOMETRIC_REPRESENTATION_ITEM ( )  RATIONAL_B_SPLINE_CURVE ( ( 1.000000000000000000, 0.8105352824517798600, 1.000000000000000000 ) ) 
 REPRESENTATION_ITEM ( '' )  );
#571 = CARTESIAN_POINT ( 'NONE',  ( -13.87340975402966800, -2.005012930814825500, 1.000000000000000000 ) ) ;
#572 = APPROVAL_STATUS ( 'not_yet_approved' ) ;
#573 = CALENDAR_DATE ( 2026, 12, 9 ) ;
#574 = CARTESIAN_POINT ( 'NONE',  ( 1.999999999999866100, 12.84523257866515200, 7.500000000000000900 ) ) ;
#575 = DATE_AND_TIME ( #366, #331 ) ;
#576 = CARTESIAN_POINT ( 'NONE',  ( 1.000000000000000000, 0.9999999999999998900, 0.7999999999999999300 ) ) ;
#577 = DIRECTION ( 'NONE',  ( -1.000000000000000000, 3.551731979081268600E-014, 0.0000000000000000000 ) ) ;
#578 = PERSON ( 'NAUO-PER3', 'UNSPECIFIED', 'UNSPECIFIED', ('UNSPECIFIED'), ('UNSPECIFIED'), ('UNSPECIFIED') ) ;
#579 = COORDINATED_UNIVERSAL_TIME_OFFSET ( 8, 0, .AHEAD. ) ;
#580 = B_SPLINE_CURVE_WITH_KNOTS ( 'NONE', 1,
 ( #46, #1394 ),
 .UNSPECIFIED., .F., .F.,
 ( 2, 2 ),
 ( 0.0000000000000000000, 0.004499999999999998800 ),
 .UNSPECIFIED. ) ;
#581 = VECTOR ( 'NONE', #309, 0.7259781388222331700 ) ;
#582 =( NAMED_UNIT ( * ) SI_UNIT ( $, .STERADIAN. ) SOLID_ANGLE_UNIT ( ) );
#583 = CARTESIAN_POINT ( 'NONE',  ( 3.221550042549819800, 4.457759002385306400, 0.8000000000000000400 ) ) ;
#584 =( BOUNDED_CURVE ( )  B_SPLINE_CURVE ( 2, ( #473, #2149, #278 ),
 .UNSPECIFIED., .F., .F. ) 
 B_SPLINE_CURVE_WITH_KNOTS ( ( 3, 3 ),
 ( 4.557929381900509100, 4.866848578868877300 ),
 .UNSPECIFIED. ) 
 CURVE ( )  GEOMETRIC_REPRESENTATION_ITEM ( )  RATIONAL_B_SPLINE_CURVE ( ( 1.000000000000000000, 0.9880948137434714100, 1.000000000000000000 ) ) 
 REPRESENTATION_ITEM ( '' )  );
#585 = CC_DESIGN_DATE_AND_TIME_ASSIGNMENT ( #1202, #2327, ( #1506 ) ) ;
#586 = CARTESIAN_POINT ( 'NONE',  ( -12.84523257866513100, 2.000000000000000400, 7.500000000000000900 ) ) ;
#587 = CARTESIAN_POINT ( 'NONE',  ( -13.84632453476728200, -2.005012930814825900, 0.0000000000000000000 ) ) ;
#588 = CARTESIAN_POINT ( 'NONE',  ( -5.500000000000000000, 0.0000000000000000000, 0.5000000000000000000 ) ) ;
#589 = MECHANICAL_CONTEXT ( 'NONE', #561, 'mechanical' ) ;
#590 = CARTESIAN_POINT ( 'NONE',  ( 2.000000000000045700, -12.84523257866512400, 7.500000000000000900 ) ) ;
#591 = CARTESIAN_POINT ( 'NONE',  ( 5.500000000000000000, -1.347111479062088400E-015, 0.8000000000000000400 ) ) ;
#592 = TRIMMED_CURVE ( 'NONE', #657, ( PARAMETER_VALUE ( 0.0000000000000000000 ), #1830 ), ( PARAMETER_VALUE ( 1.000000000000000000 ), #2046 ), .T., .PARAMETER. ) ;
#593 = CARTESIAN_POINT ( 'NONE',  ( 2.000000000000018200, 13.88209376666335100, 2.999999999999999600 ) ) ;
#594 = B_SPLINE_CURVE_WITH_KNOTS ( 'NONE', 1,
 ( #1220, #463 ),
 .UNSPECIFIED., .F., .F.,
 ( 2, 2 ),
 ( -0.0000000000000000000, 0.001000000000000000000 ),
 .UNSPECIFIED. ) ;
#595 = MECHANICAL_CONTEXT ( 'NONE', #1705, 'mechanical' ) ;
#596 = B_SPLINE_CURVE_WITH_KNOTS ( 'NONE', 1,
 ( #1624, #1617 ),
 .UNSPECIFIED., .F., .F.,
 ( 2, 2 ),
 ( 0.002000128539727358600, 0.005018565174711855200 ),
 .UNSPECIFIED. ) ;
#597 = AXIS2_PLACEMENT_3D ( 'NONE', #1306, #715, #2074 ) ;
#598 = CARTESIAN_POINT ( 'NONE',  ( -1.999999999999955400, -12.84523257866513800, 8.500000000000001800 ) ) ;
#599 = CC_DESIGN_PERSON_AND_ORGANIZATION_ASSIGNMENT ( #300, #237, ( #45 ) ) ;
#600 = B_SPLINE_CURVE_WITH_KNOTS ( 'NONE', 1,
 ( #79, #1413 ),
 .UNSPECIFIED., .F., .F.,
 ( 2, 2 ),
 ( 0.002000128539727358600, 0.005018565174711907300 ),
 .UNSPECIFIED. ) ;
#601 = CARTESIAN_POINT ( 'NONE',  ( -1.999999999999981800, 13.88209376666335100, 2.999999999999999600 ) ) ;
#602 = DATE_AND_TIME ( #1112, #809 ) ;
#603 = DATE_TIME_ROLE ( 'classification_date' ) ;
#604 = CIRCLE ( 'NONE', #1418, 5.000000000000000000 ) ;
#605 = PERSON_AND_ORGANIZATION ( #187, #2179 ) ;
#606 = CARTESIAN_POINT ( 'NONE',  ( -1.000000000000000000, 1.224646799147353200E-016, 0.0000000000000000000 ) ) ;
#607 = PERSON_AND_ORGANIZATION ( #187, #2179 ) ;
#608 = DIRECTION ( 'NONE',  ( 0.0000000000000000000, 0.0000000000000000000, -1.000000000000000000 ) ) ;
#609 =( BOUNDED_CURVE ( )  B_SPLINE_CURVE ( 2, ( #472, #1802, #2178 ),
 .UNSPECIFIED., .F., .F. ) 
 B_SPLINE_CURVE_WITH_KNOTS ( ( 3, 3 ),
 ( 6.139837738274220400, 6.283185307179586200 ),
 .UNSPECIFIED. ) 
 CURVE ( )  GEOMETRIC_REPRESENTATION_ITEM ( )  RATIONAL_B_SPLINE_CURVE ( ( 1.000000000000000000, 0.9974325337111245000, 1.000000000000000000 ) ) 
 REPRESENTATION_ITEM ( '' )  );
#610 = CARTESIAN_POINT ( 'NONE',  ( -0.7259781388222331700, 0.0000000000000000000, 0.0000000000000000000 ) ) ;
#611 = B_SPLINE_CURVE_WITH_KNOTS ( 'NONE', 1,
 ( #1156, #382 ),
 .UNSPECIFIED., .F., .F.,
 ( 2, 2 ),
 ( 0.002000128539727358600, 0.005018565174711855200 ),
 .UNSPECIFIED. ) ;
#612 = CARTESIAN_POINT ( 'NONE',  ( -2.000000000000191800, -15.84632453476713100, 0.0000000000000000000 ) ) ;
#613 = TRIMMED_CURVE ( 'NONE', #2242, ( PARAMETER_VALUE ( 0.0000000000000000000 ), #1712 ), ( PARAMETER_VALUE ( 1.284101184273162700 ), #568 ), .T., .PARAMETER. ) ;
#614 = PERSON_AND_ORGANIZATION_ROLE ( 'creator' ) ;
#615 =( BOUNDED_CURVE ( )  B_SPLINE_CURVE ( 2, ( #1331, #1125, #1151, #959, #1704 ),
 .UNSPECIFIED., .F., .F. ) 
 B_SPLINE_CURVE_WITH_KNOTS ( ( 3, 2, 3 ),
 ( 3.141592653589793100, 4.712388980384689700, 6.283185307179586200 ),
 .UNSPECIFIED. ) 
 CURVE ( )  GEOMETRIC_REPRESENTATION_ITEM ( )  RATIONAL_B_SPLINE_CURVE ( ( 1.000000000000000000, 0.7071067811865475700, 1.000000000000000000, 0.7071067811865475700, 1.000000000000000000 ) ) 
 REPRESENTATION_ITEM ( '' )  );
#616 = CC_DESIGN_DATE_AND_TIME_ASSIGNMENT ( #1859, #388, ( #1599 ) ) ;
#617 = CARTESIAN_POINT ( 'NONE',  ( -13.00000000000000200, 0.0000000000000000000, 1.000000000000000900 ) ) ;
#618 = PRODUCT_DEFINITION_SHAPE ( 'NONE', 'NONE',  #2458 ) ;
#619 = CARTESIAN_POINT ( 'NONE',  ( 5.000000000000000000, 6.123233995736766300E-016, 0.5000000000000000000 ) ) ;
#620 = DATE_TIME_ROLE ( 'creation_date' ) ;
#621 = DIRECTION ( 'NONE',  ( 1.000000000000000000, 0.0000000000000000000, 0.0000000000000000000 ) ) ;
#622 = B_SPLINE_CURVE_WITH_KNOTS ( 'NONE', 1,
 ( #2385, #102 ),
 .UNSPECIFIED., .F., .F.,
 ( 2, 2 ),
 ( 0.0000000000000000000, 0.005000000000000011400 ),
 .UNSPECIFIED. ) ;
#623 = CARTESIAN_POINT ( 'NONE',  ( 13.99999999999999800, -14.00000000000000400, 9.500000000000001800 ) ) ;
#624 =( BOUNDED_CURVE ( )  B_SPLINE_CURVE ( 2, ( #844, #1605, #77, #824, #1804 ),
 .UNSPECIFIED., .F., .F. ) 
 B_SPLINE_CURVE_WITH_KNOTS ( ( 3, 2, 3 ),
 ( 3.141592653589793100, 4.712388980384689700, 6.283185307179586200 ),
 .UNSPECIFIED. ) 
 CURVE ( )  GEOMETRIC_REPRESENTATION_ITEM ( )  RATIONAL_B_SPLINE_CURVE ( ( 1.000000000000000000, 0.7071067811865475700, 1.000000000000000000, 0.7071067811865475700, 1.000000000000000000 ) ) 
 REPRESENTATION_ITEM ( '' )  );
#625 = APPROVAL_STATUS ( 'not_yet_approved' ) ;
#626 = CARTESIAN_POINT ( 'NONE',  ( 0.9999999999999998900, 1.000000000000000200, 1.000000000000000000 ) ) ;
#627 = ITEM_DEFINED_TRANSFORMATION ( 'NONE', 'NONE', #2132,  #1510 ) ;
#628 = CARTESIAN_POINT ( 'NONE',  ( -0.0003462411434589778900, -6.027463983962815200, 1.399999999999999900 ) ) ;
#629 = LOCAL_TIME ( 18, 31, 31.00000000000000000, #395 ) ;
#630 = DATE_AND_TIME ( #514, #90 ) ;
#631 = MECHANICAL_CONTEXT ( 'NONE', #1727, 'mechanical' ) ;
#632 = LINE ( 'NONE', #1629, #581 ) ;
#633 = SHAPE_REPRESENTATION_RELATIONSHIP ( 'NONE' , 'NONE' ,  #1594, #791 ) ;
#634 =( BOUNDED_CURVE ( )  B_SPLINE_CURVE ( 2, ( #821, #644, #2155 ),
 .UNSPECIFIED., .F., .F. ) 
 B_SPLINE_CURVE_WITH_KNOTS ( ( 3, 3 ),
 ( 4.855917213794599600, 6.140018398067761400 ),
 .UNSPECIFIED. ) 
 CURVE ( )  GEOMETRIC_REPRESENTATION_ITEM ( )  RATIONAL_B_SPLINE_CURVE ( ( 1.000000000000000000, 0.8008694680895526200, 1.000000000000000000 ) ) 
 REPRESENTATION_ITEM ( '' )  );
#635 = B_SPLINE_CURVE_WITH_KNOTS ( 'NONE', 1,
 ( #922, #952 ),
 .UNSPECIFIED., .F., .F.,
 ( 2, 2 ),
 ( 0.0000000000000000000, 0.0005999999999999999500 ),
 .UNSPECIFIED. ) ;
#636 = CARTESIAN_POINT ( 'NONE',  ( 4.999999999999999100, -5.000000000000000900, 1.599999999999999900 ) ) ;
#637 = CARTESIAN_POINT ( 'NONE',  ( -15.84632453476728400, 2.000000000000144300, 0.0000000000000000000 ) ) ;
#638 = B_SPLINE_CURVE_WITH_KNOTS ( 'NONE', 1,
 ( #448, #64 ),
 .UNSPECIFIED., .F., .F.,
 ( 2, 2 ),
 ( -0.002250334105676052600, 0.002249757518739513800 ),
 .UNSPECIFIED. ) ;
#639 = SECURITY_CLASSIFICATION ( '', '', #2168 ) ;
#640 = CARTESIAN_POINT ( 'NONE',  ( 2.000000000000048800, -13.85640646055101400, 8.500000000000001800 ) ) ;
#641 = CARTESIAN_POINT ( 'NONE',  ( -2.250334105676050200, -2.000128539727361600, 0.8000000000000000400 ) ) ;
#642 = CARTESIAN_POINT ( 'NONE',  ( 2.857329179076197900, -0.9487822326543009500, 1.399999999999999900 ) ) ;
#643 = CARTESIAN_POINT ( 'NONE',  ( 6.524697460949623100, 13.04085346853606700, 4.500000000000000000 ) ) ;
#644 = CARTESIAN_POINT ( 'NONE',  ( 12.37866125011701600, -12.37418934688458600, 1.000000000000000000 ) ) ;
#645 = B_SPLINE_CURVE_WITH_KNOTS ( 'NONE', 1,
 ( #2037, #1480 ),
 .UNSPECIFIED., .F., .F.,
 ( 2, 2 ),
 ( -0.001121667481656954400, 0.0000000000000000000 ),
 .UNSPECIFIED. ) ;
#646 = CARTESIAN_POINT ( 'NONE',  ( -2.000000000000044000, 12.84523257866512400, 7.500000000000000900 ) ) ;
#647 = CARTESIAN_POINT ( 'NONE',  ( -13.00000000000000500, -13.00000000000000200, 9.500000000000001800 ) ) ;
#648 = CARTESIAN_POINT ( 'NONE',  ( 1.000000000000000000, 1.224646799147353200E-016, 0.0000000000000000000 ) ) ;
#649 = B_SPLINE_CURVE_WITH_KNOTS ( 'NONE', 1,
 ( #190, #574 ),
 .UNSPECIFIED., .F., .F.,
 ( 2, 2 ),
 ( 0.0001435935394491286200, 0.001154767421335018200 ),
 .UNSPECIFIED. ) ;
#650 = CARTESIAN_POINT ( 'NONE',  ( -3.221037879010404400, 4.458129089873929200, 1.399999999999999900 ) ) ;
#651 = CARTESIAN_POINT ( 'NONE',  ( 0.0000000000000000000, 0.0000000000000000000, 0.0000000000000000000 ) ) ;
#652 = CARTESIAN_POINT ( 'NONE',  ( -2.000000000000104800, -13.87413330828054800, 1.000000000000000000 ) ) ;
#653 = APPROVAL_ROLE ( '' ) ;
#654 = CC_DESIGN_APPROVAL ( #535, ( #1599 ) ) ;
#655 = COORDINATED_UNIVERSAL_TIME_OFFSET ( 8, 0, .AHEAD. ) ;
#656 = LOCAL_TIME ( 18, 31, 31.00000000000000000, #579 ) ;
#657 = LINE ( 'NONE', #1281, #125 ) ;
#658 = CARTESIAN_POINT ( 'NONE',  ( -1.010333609296566400E-015, -5.500000000000000000, 2.100000000000000100 ) ) ;
#659 = B_SPLINE_CURVE_WITH_KNOTS ( 'NONE', 1,
 ( #2217, #532 ),
 .UNSPECIFIED., .F., .F.,
 ( 2, 2 ),
 ( -0.004399999999999994200, 0.0000000000000000000 ),
 .UNSPECIFIED. ) ;
#660 = CARTESIAN_POINT ( 'NONE',  ( 6.524697460949623100, 13.42660781724169200, -0.001470274547651917500 ) ) ;
#661 = CARTESIAN_POINT ( 'NONE',  ( 1.999999999999981800, -14.88209376666334900, 1.000000000000000000 ) ) ;
#662 = B_SPLINE_CURVE_WITH_KNOTS ( 'NONE', 1,
 ( #672, #81 ),
 .UNSPECIFIED., .F., .F.,
 ( 2, 2 ),
 ( -0.0000000000000000000, 0.001000000000000000000 ),
 .UNSPECIFIED. ) ;
#663 = B_SPLINE_CURVE_WITH_KNOTS ( 'NONE', 1,
 ( #1118, #1141 ),
 .UNSPECIFIED., .F., .F.,
 ( 2, 2 ),
 ( 0.0000000000000000000, 0.0005999999999999999500 ),
 .UNSPECIFIED. ) ;
#664 = CARTESIAN_POINT ( 'NONE',  ( 5.712097461696430400E-014, -14.14508159514583200, 7.500000000000000900 ) ) ;
#665 = CARTESIAN_POINT ( 'NONE',  ( -9.184850993605147900E-016, -5.000000000000000000, 2.100000000000000100 ) ) ;
#666 = CARTESIAN_POINT ( 'NONE',  ( 0.3548907575299147200, 0.6146888231784233300, 0.7414097118775230300 ) ) ;
#667 = CARTESIAN_POINT ( 'NONE',  ( 2.000000000000018200, 13.88209376666335100, 2.999999999999999600 ) ) ;
#668 = TRIMMED_CURVE ( 'NONE', #930, ( PARAMETER_VALUE ( 0.0000000000000000000 ), #141 ), ( PARAMETER_VALUE ( 1.000000000000000000 ), #2067 ), .T., .PARAMETER. ) ;
#669 = CARTESIAN_POINT ( 'NONE',  ( 6.524697460949623100, 13.42660781724169200, 4.498529725452346600 ) ) ;
#670 = CC_DESIGN_APPROVAL ( #2253, ( #1755 ) ) ;
#671 = CARTESIAN_POINT ( 'NONE',  ( 5.095083136394562100, 9.424942861022824300, 0.7414097118775242500 ) ) ;
#672 = CARTESIAN_POINT ( 'NONE',  ( 2.000000000000000000, 13.87413330828056600, 1.000000000000000000 ) ) ;
#673 = TRIMMED_CURVE ( 'NONE', #195, ( PARAMETER_VALUE ( 0.0000000000000000000 ), #1330 ), ( PARAMETER_VALUE ( 1.000000000000000000 ), #558 ), .T., .PARAMETER. ) ;
#674 = CARTESIAN_POINT ( 'NONE',  ( 1.293757353273763200, 13.04085346853604600, 0.0000000000000000000 ) ) ;
#675 = B_SPLINE_CURVE_WITH_KNOTS ( 'NONE', 1,
 ( #1351, #2270 ),
 .UNSPECIFIED., .F., .F.,
 ( 2, 2 ),
 ( 0.0000000000000000000, 0.0005999999999999999500 ),
 .UNSPECIFIED. ) ;
#676 = TRIMMED_CURVE ( 'NONE', #1235, ( PARAMETER_VALUE ( 0.0000000000000000000 ), #998 ), ( PARAMETER_VALUE ( 1.000000000000000000 ), #1180 ), .T., .PARAMETER. ) ;
#677 = CARTESIAN_POINT ( 'NONE',  ( -12.37866125011695600, 12.37418934688452400, 1.000000000000000000 ) ) ;
#678 = CARTESIAN_POINT ( 'NONE',  ( -13.00000000000000200, 1.592040838891559300E-015, 8.500000000000001800 ) ) ;
#679 = PERSON_AND_ORGANIZATION ( #1217, #420 ) ;
#680 = COORDINATED_UNIVERSAL_TIME_OFFSET ( 8, 0, .AHEAD. ) ;
#681 = CARTESIAN_POINT ( 'NONE',  ( -0.7259781388222331700, 0.0000000000000000000, 0.0000000000000000000 ) ) ;
#682 = CARTESIAN_POINT ( 'NONE',  ( -2.000000000000191800, -15.84632453476713100, 0.0000000000000000000 ) ) ;
#683 = LOCAL_TIME ( 18, 31, 31.00000000000000000, #1709 ) ;
#684 = DIRECTION ( 'NONE',  ( 1.000000000000000000, 3.979529737145216000E-015, 0.0000000000000000000 ) ) ;
#685 = PRODUCT_RELATED_PRODUCT_CATEGORY ( 'detail', '', ( #263 ) ) ;
#686 = CARTESIAN_POINT ( 'NONE',  ( -14.88209376666334400, -2.000000000000033800, 2.000000000000000000 ) ) ;
#687 = APPROVAL_DATE_TIME ( #630, #2187 ) ;
#688 = VECTOR ( 'NONE', #2202, 2.999999999999993300 ) ;
#689 = CARTESIAN_POINT ( 'NONE',  ( 13.00000000000000200, 1.005988238676657900, 8.500000000000001800 ) ) ;
#690 = CARTESIAN_POINT ( 'NONE',  ( 2.249757518739515600, -5.018823677603649000, 0.8000000000000000400 ) ) ;
#691 = B_SPLINE_CURVE_WITH_KNOTS ( 'NONE', 1,
 ( #1226, #1437 ),
 .UNSPECIFIED., .F., .F.,
 ( 2, 2 ),
 ( -0.009576422236412531300, -0.0000000000000000000 ),
 .UNSPECIFIED. ) ;
#692 = CARTESIAN_POINT ( 'NONE',  ( 6.524697460949623100, 13.04085346853606700, 0.0000000000000000000 ) ) ;
#693 = LINE ( 'NONE', #376, #1976 ) ;
#694 = CARTESIAN_POINT ( 'NONE',  ( -2.005012930814970700, 13.84632453476726300, 0.0000000000000000000 ) ) ;
#695 = B_SPLINE_CURVE_WITH_KNOTS ( 'NONE', 1,
 ( #640, #1391 ),
 .UNSPECIFIED., .F., .F.,
 ( 2, 2 ),
 ( 0.0001435935394490297400, 0.001154767421334919300 ),
 .UNSPECIFIED. ) ;
#696 = CARTESIAN_POINT ( 'NONE',  ( 1.293757353273763200, 13.04085346853604600, 0.0000000000000000000 ) ) ;
#697 = CARTESIAN_POINT ( 'NONE',  ( -1.999999999999981800, 13.88209376666335100, 2.000000000000000000 ) ) ;
#698 = CARTESIAN_POINT ( 'NONE',  ( -1.999999999999955400, -12.84523257866513800, 7.500000000000000900 ) ) ;
#699 = B_SPLINE_CURVE_WITH_KNOTS ( 'NONE', 1,
 ( #1127, #2050 ),
 .UNSPECIFIED., .F., .F.,
 ( 2, 2 ),
 ( -0.002250334105676052200, 0.002249757518739512900 ),
 .UNSPECIFIED. ) ;
#700 = CARTESIAN_POINT ( 'NONE',  ( 0.0000000000000000000, 0.0000000000000000000, 4.500000000000000000 ) ) ;
#701 = CARTESIAN_POINT ( 'NONE',  ( 2.005012930814861000, -15.84632453476727300, 0.0000000000000000000 ) ) ;
#702 = CC_DESIGN_PERSON_AND_ORGANIZATION_ASSIGNMENT ( #1380, #378, ( #1006 ) ) ;
#703 = CARTESIAN_POINT ( 'NONE',  ( -0.7259781388222331700, 0.0000000000000000000, 0.0000000000000000000 ) ) ;
#704 = CARTESIAN_POINT ( 'NONE',  ( 2.005012930814874700, -13.87340975402966100, 1.000000000000000000 ) ) ;
#705 = DIRECTION ( 'NONE',  ( -0.5194105990695867500, 2.143978889729838300E-017, -0.8545247975185817900 ) ) ;
#706 = CARTESIAN_POINT ( 'NONE',  ( -8.844674573221501400E-016, 5.500000000000000000, 0.0000000000000000000 ) ) ;
#707 = B_SPLINE_CURVE_WITH_KNOTS ( 'NONE', 1,
 ( #601, #1946 ),
 .UNSPECIFIED., .F., .F.,
 ( 2, 2 ),
 ( 0.0000000000000000000, 0.0009999999999999995900 ),
 .UNSPECIFIED. ) ;
#708 = CARTESIAN_POINT ( 'NONE',  ( -2.250091624415563100, -5.018145184848600100, 0.8000000000000000400 ) ) ;
#709 = CARTESIAN_POINT ( 'NONE',  ( 6.524697460949623100, 13.04085346853606700, 0.0000000000000000000 ) ) ;
#710 = CARTESIAN_POINT ( 'NONE',  ( 1.999999999999997300, 15.84632453476723600, 0.0000000000000000000 ) ) ;
#711 = B_SPLINE_CURVE_WITH_KNOTS ( 'NONE', 1,
 ( #845, #2365 ),
 .UNSPECIFIED., .F., .F.,
 ( 2, 2 ),
 ( -0.002250334105676051800, 0.002249757518739512900 ),
 .UNSPECIFIED. ) ;
#712 = B_SPLINE_CURVE_WITH_KNOTS ( 'NONE', 1,
 ( #586, #977 ),
 .UNSPECIFIED., .F., .F.,
 ( 2, 2 ),
 ( -0.002000000000000000900, -0.0009999999999999991500 ),
 .UNSPECIFIED. ) ;
#713 = CARTESIAN_POINT ( 'NONE',  ( -5.500000000000000000, 0.0000000000000000000, 0.5000000000000000000 ) ) ;
#714 = B_SPLINE_CURVE_WITH_KNOTS ( 'NONE', 1,
 ( #1896, #2073 ),
 .UNSPECIFIED., .F., .F.,
 ( 2, 2 ),
 ( 0.0000000000000000000, 0.001000000000000000000 ),
 .UNSPECIFIED. ) ;
#715 = DIRECTION ( 'NONE',  ( 0.0000000000000000000, 0.0000000000000000000, 1.000000000000000000 ) ) ;
#716 = CARTESIAN_POINT ( 'NONE',  ( 5.471371984686380900, 0.5604360848379633700, 0.2000000000000000900 ) ) ;
#717 = LOCAL_TIME ( 18, 31, 31.00000000000000000, #2089 ) ;
#718 = CALENDAR_DATE ( 2026, 12, 9 ) ;
#719 = CARTESIAN_POINT ( 'NONE',  ( 6.524697460949623100, 12.22660781724169100, 4.498529725452346600 ) ) ;
#720 = CARTESIAN_POINT ( 'NONE',  ( -2.005012930814970700, 13.87340975402964800, 0.0000000000000000000 ) ) ;
#721 = VECTOR ( 'NONE', #1514, 3.999999999999995600 ) ;
#722 = VECTOR ( 'NONE', #2325, 1.964230768103885100 ) ;
#723 = COORDINATED_UNIVERSAL_TIME_OFFSET ( 8, 0, .AHEAD. ) ;
#724 = SECURITY_CLASSIFICATION ( '', '', #848 ) ;
#725 = CARTESIAN_POINT ( 'NONE',  ( 12.37418934688454000, 12.37866125011706800, 0.0000000000000000000 ) ) ;
#726 = B_SPLINE_CURVE_WITH_KNOTS ( 'NONE', 1,
 ( #305, #1105 ),
 .UNSPECIFIED., .F., .F.,
 ( 2, 2 ),
 ( -0.009576422236412531300, -0.0000000000000000000 ),
 .UNSPECIFIED. ) ;
#727 = AXIS2_PLACEMENT_3D ( 'NONE', #181, #774, #1515 ) ;
#728 = DIRECTION ( 'NONE',  ( 2.775557561562889500E-017, 1.000000000000000000, -3.389636702121535100E-032 ) ) ;
#729 = TRIMMED_CURVE ( 'NONE', #1325, ( PARAMETER_VALUE ( 0.0000000000000000000 ), #1279 ), ( PARAMETER_VALUE ( 1.000000000000000000 ), #1667 ), .T., .PARAMETER. ) ;
#730 = CARTESIAN_POINT ( 'NONE',  ( 5.000000000000000000, 6.123233995736766300E-016, 1.600000000000000100 ) ) ;
#731 = CARTESIAN_POINT ( 'NONE',  ( -2.005012930814970700, 13.84632453476726300, 0.0000000000000000000 ) ) ;
#732 = DIRECTION ( 'NONE',  ( 0.0000000000000000000, 0.0000000000000000000, 1.000000000000000000 ) ) ;
#733 = CARTESIAN_POINT ( 'NONE',  ( -1.999999999999981800, 13.88209376666335100, 2.000000000000000000 ) ) ;
#734 = DIRECTION ( 'NONE',  ( 0.0000000000000000000, -1.000000000000000000, 0.0000000000000000000 ) ) ;
#735 = CARTESIAN_POINT ( 'NONE',  ( -1.836970198721029900E-016, -1.000000000000000000, 1.600000000000000100 ) ) ;
#736 = CARTESIAN_POINT ( 'NONE',  ( 0.005166538102109992400, -0.3286679919439891000, 0.8000000000000000400 ) ) ;
#737 = CARTESIAN_POINT ( 'NONE',  ( 2.000000000000048800, -13.85640646055101400, 7.500000000000000900 ) ) ;
#738 = CARTESIAN_POINT ( 'NONE',  ( -2.000000000000095900, -13.84632453476724800, 0.0000000000000000000 ) ) ;
#739 = CC_DESIGN_PERSON_AND_ORGANIZATION_ASSIGNMENT ( #2060, #1741, ( #1097 ) ) ;
#740 = TRIMMED_CURVE ( 'NONE', #1676, ( PARAMETER_VALUE ( 0.0000000000000000000 ), #1267 ), ( PARAMETER_VALUE ( 0.9999999999999995600 ), #884 ), .T., .PARAMETER. ) ;
#741 = CARTESIAN_POINT ( 'NONE',  ( -13.88209376666335800, 1.999999999999969600, 2.000000000000000000 ) ) ;
#742 = CARTESIAN_POINT ( 'NONE',  ( 4.762856775641922200E-014, -13.15663215632973900, 7.500000000000000900 ) ) ;
#743 = CARTESIAN_POINT ( 'NONE',  ( -1.000000000000000000, 0.0000000000000000000, 0.0000000000000000000 ) ) ;
#744 = B_SPLINE_CURVE_WITH_KNOTS ( 'NONE', 1,
 ( #2027, #2430 ),
 .UNSPECIFIED., .F., .F.,
 ( 2, 2 ),
 ( -0.0000000000000000000, 0.0005000000000000000100 ),
 .UNSPECIFIED. ) ;
#745 = B_SPLINE_CURVE_WITH_KNOTS ( 'NONE', 1,
 ( #1601, #2010 ),
 .UNSPECIFIED., .F., .F.,
 ( 2, 2 ),
 ( -0.002250334105676052600, 0.002249757518739513800 ),
 .UNSPECIFIED. ) ;
#746 = LOCAL_TIME ( 18, 31, 31.00000000000000000, #1703 ) ;
#747 = DIRECTION ( 'NONE',  ( 0.9563047559630352100, 0.2923717047227372700, 0.0000000000000000000 ) ) ;
#748 = DIRECTION ( 'NONE',  ( 0.8660254037844399300, -0.4999999999999977800, 0.0000000000000000000 ) ) ;
#749 = CARTESIAN_POINT ( 'NONE',  ( 13.84632453476725500, -2.000000000000048000, 0.0000000000000000000 ) ) ;
#750 = COORDINATED_UNIVERSAL_TIME_OFFSET ( 8, 0, .AHEAD. ) ;
#751 = TRIMMED_CURVE ( 'NONE', #1501, ( PARAMETER_VALUE ( 0.0000000000000000000 ), #372 ), ( PARAMETER_VALUE ( 0.9047833049910871700 ), #556 ), .T., .PARAMETER. ) ;
#752 = PERSON_AND_ORGANIZATION ( #187, #2179 ) ;
#753 = VECTOR ( 'NONE', #801, 4.499999999999999100 ) ;
#754 = DATE_TIME_ROLE ( 'classification_date' ) ;
#755 = APPROVAL_PERSON_ORGANIZATION ( #1529, #2187, #960 ) ;
#756 = VECTOR ( 'NONE', #1657, 15.02877109729273100 ) ;
#757 = DIRECTION ( 'NONE',  ( 0.0000000000000000000, 0.0000000000000000000, 1.000000000000000000 ) ) ;
#758 = CARTESIAN_POINT ( 'NONE',  ( 13.85640646055102100, -2.000000000000000400, 8.500000000000001800 ) ) ;
#759 = CARTESIAN_POINT ( 'NONE',  ( 1.000000000000000000, 0.0000000000000000000, 1.600000000000000100 ) ) ;
#760 = DIRECTION ( 'NONE',  ( 1.000000000000000000, 3.816391647148966900E-015, 0.0000000000000000000 ) ) ;
#761 = DIRECTION ( 'NONE',  ( 0.1430359520110484300, -0.9897174932435483000, 0.0000000000000000000 ) ) ;
#762 = TRIMMED_CURVE ( 'NONE', #464, ( PARAMETER_VALUE ( 0.0000000000000000000 ), #1087 ), ( PARAMETER_VALUE ( 1.000000000000000000 ), #710 ), .T., .PARAMETER. ) ;
#763 = CARTESIAN_POINT ( 'NONE',  ( 5.500000000000000000, 6.735557395310442000E-016, 0.0000000000000000000 ) ) ;
#764 =( BOUNDED_CURVE ( )  B_SPLINE_CURVE ( 2, ( #1722, #1901, #1541, #374, #1520 ),
 .UNSPECIFIED., .F., .F. ) 
 B_SPLINE_CURVE_WITH_KNOTS ( ( 3, 2, 3 ),
 ( 0.0000000000000000000, 1.570796326794896600, 3.141592653589793100 ),
 .UNSPECIFIED. ) 
 CURVE ( )  GEOMETRIC_REPRESENTATION_ITEM ( )  RATIONAL_B_SPLINE_CURVE ( ( 1.000000000000000000, 0.7071067811865475700, 1.000000000000000000, 0.7071067811865475700, 1.000000000000000000 ) ) 
 REPRESENTATION_ITEM ( '' )  );
#765 = PERSON_AND_ORGANIZATION_ROLE ( 'creator' ) ;
#766 = CARTESIAN_POINT ( 'NONE',  ( -3.221037879010376900, 4.458129089873890100, 0.8000000000000000400 ) ) ;
#767 = CARTESIAN_POINT ( 'NONE',  ( -1.999999999999951800, -13.85640646055102800, 8.500000000000001800 ) ) ;
#768 = CARTESIAN_POINT ( 'NONE',  ( 2.249757518739518200, -5.018823677603647200, 1.399999999999999900 ) ) ;
#769 = CARTESIAN_POINT ( 'NONE',  ( -15.84632453476728000, -2.005012930814804600, 0.0000000000000000000 ) ) ;
#770 = APPROVAL_STATUS ( 'not_yet_approved' ) ;
#771 = CARTESIAN_POINT ( 'NONE',  ( 2.249757518739515100, -2.000128539727356700, 1.399999999999999900 ) ) ;
#772 = CARTESIAN_POINT ( 'NONE',  ( -4.999999999999999100, 4.999999999999999100, 2.100000000000000100 ) ) ;
#773 = B_SPLINE_CURVE_WITH_KNOTS ( 'NONE', 1,
 ( #296, #2004 ),
 .UNSPECIFIED., .F., .F.,
 ( 2, 2 ),
 ( -0.0000000000000000000, 0.004499999999999999700 ),
 .UNSPECIFIED. ) ;
#774 = DIRECTION ( 'NONE',  ( 0.0000000000000000000, 0.0000000000000000000, 1.000000000000000000 ) ) ;
#775 = APPROVAL ( #412, '未指定' ) ;
#776 = B_SPLINE_CURVE_WITH_KNOTS ( 'NONE', 1,
 ( #2308, #1566 ),
 .UNSPECIFIED., .F., .F.,
 ( 2, 2 ),
 ( -0.002000000000000000900, -0.0009999999999999991500 ),
 .UNSPECIFIED. ) ;
#777 = APPROVAL_ROLE ( '' ) ;
#778 = CARTESIAN_POINT ( 'NONE',  ( -2.388061258337338900E-015, 13.00000000000000200, 1.000000000000000900 ) ) ;
#779 = CALENDAR_DATE ( 2026, 12, 9 ) ;
#780 = CARTESIAN_POINT ( 'NONE',  ( 2.000000000000018200, 15.84632453476723600, 1.000000000000000000 ) ) ;
#781 = B_SPLINE_CURVE_WITH_KNOTS ( 'NONE', 1,
 ( #642, #1805 ),
 .UNSPECIFIED., .F., .F.,
 ( 2, 2 ),
 ( 0.0000000000000000000, 0.0005999999999999999500 ),
 .UNSPECIFIED. ) ;
#782 = DATE_AND_TIME ( #67, #188 ) ;
#783 = VECTOR ( 'NONE', #1075, 0.7259781388222330500 ) ;
#784 = CARTESIAN_POINT ( 'NONE',  ( 1.000000000000000000, 0.0000000000000000000, 1.000000000000000000 ) ) ;
#785 = CIRCLE ( 'NONE', #1456, 14.01754525785239600 ) ;
#786 = CIRCLE ( 'NONE', #2382, 5.000000000000000000 ) ;
#787 = CC_DESIGN_DATE_AND_TIME_ASSIGNMENT ( #2209, #176, ( #1097 ) ) ;
#788 = CARTESIAN_POINT ( 'NONE',  ( -13.85640646055102100, 2.000000000000000400, 7.500000000000000900 ) ) ;
#789 = CARTESIAN_POINT ( 'NONE',  ( 5.471371984686380900, 0.5604360848379633700, 0.8000000000000000400 ) ) ;
#790 = CARTESIAN_POINT ( 'NONE',  ( 2.000000000000018200, 14.88209376666334900, 2.000000000000000000 ) ) ;
#791 = GEOMETRICALLY_BOUNDED_WIREFRAME_SHAPE_REPRESENTATION ( '', ( #2110, #1510 ), #2349 ) ;
#792 = B_SPLINE_CURVE_WITH_KNOTS ( 'NONE', 1,
 ( #2216, #1451 ),
 .UNSPECIFIED., .F., .F.,
 ( 2, 2 ),
 ( -0.0000000000000000000, 0.0008000000000000000400 ),
 .UNSPECIFIED. ) ;
#793 = CARTESIAN_POINT ( 'NONE',  ( -0.7259781388222331700, 0.0000000000000000000, 0.0000000000000000000 ) ) ;
#794 =( REPRESENTATION_RELATIONSHIP ('NONE','NONE', #163, #1860 ) REPRESENTATION_RELATIONSHIP_WITH_TRANSFORMATION ( #627 )SHAPE_REPRESENTATION_RELATIONSHIP( ) );
#795 = CARTESIAN_POINT ( 'NONE',  ( 7.844015098299181000, 13.42660781724169200, 4.498529725452346600 ) ) ;
#796 = B_SPLINE_CURVE_WITH_KNOTS ( 'NONE', 1,
 ( #571, #370 ),
 .UNSPECIFIED., .F., .F.,
 ( 2, 2 ),
 ( 0.01387340975402964700, 0.01584632453476726000 ),
 .UNSPECIFIED. ) ;
#797 = CARTESIAN_POINT ( 'NONE',  ( 1.000000000000000000, 1.224646799147353200E-016, 0.0000000000000000000 ) ) ;
#798 = CARTESIAN_POINT ( 'NONE',  ( 5.354890757529894100, 9.274942861022825700, 3.741409711877517800 ) ) ;
#799 = CARTESIAN_POINT ( 'NONE',  ( -1.000000000000000000, 1.224646799147353200E-016, 1.000000000000000000 ) ) ;
#800 = MECHANICAL_CONTEXT ( 'NONE', #396, 'mechanical' ) ;
#801 = DIRECTION ( 'NONE',  ( 0.0000000000000000000, 0.0000000000000000000, 1.000000000000000000 ) ) ;
#802 = AXIS2_PLACEMENT_3D ( 'NONE', #2295, #2117, #371 ) ;
#803 = B_SPLINE_CURVE_WITH_KNOTS ( 'NONE', 1,
 ( #443, #1365 ),
 .UNSPECIFIED., .F., .F.,
 ( 2, 2 ),
 ( -0.004137010930588883700, -0.0003629890694111166400 ),
 .UNSPECIFIED. ) ;
#804 = CARTESIAN_POINT ( 'NONE',  ( -2.000000000000048800, 13.85640646055101400, 7.500000000000000900 ) ) ;
#805 = CC_DESIGN_DATE_AND_TIME_ASSIGNMENT ( #215, #603, ( #1998 ) ) ;
#806 =( BOUNDED_CURVE ( )  B_SPLINE_CURVE ( 2, ( #1841, #689, #1826 ),
 .UNSPECIFIED., .F., .F. ) 
 B_SPLINE_CURVE_WITH_KNOTS ( ( 3, 3 ),
 ( 1.224646799147353200E-016, 0.1544595984841841100 ),
 .UNSPECIFIED. ) 
 CURVE ( )  GEOMETRIC_REPRESENTATION_ITEM ( )  RATIONAL_B_SPLINE_CURVE ( ( 1.000000000000000000, 0.9970192610334746000, 1.000000000000000000 ) ) 
 REPRESENTATION_ITEM ( '' )  );
#807 = CARTESIAN_POINT ( 'NONE',  ( 0.2421057109229765300, 11.21933939212121900, 4.500000000000000000 ) ) ;
#808 = CARTESIAN_POINT ( 'NONE',  ( 5.000000000000000900, -4.999999999999999100, 0.5000000000000000000 ) ) ;
#809 = LOCAL_TIME ( 18, 31, 31.00000000000000000, #655 ) ;
#810 = APPLICATION_PROTOCOL_DEFINITION ( 'international standard', 'config_control_design', 1994, #1552 ) ;
#811 = PERSON_AND_ORGANIZATION ( #187, #2179 ) ;
#812 = CARTESIAN_POINT ( 'NONE',  ( 13.99999999999999800, -1.005154776142877800, 8.500000000000001800 ) ) ;
#813 = CARTESIAN_POINT ( 'NONE',  ( -0.7259781388222331700, 0.0000000000000000000, 4.500000000000000000 ) ) ;
#814 = CARTESIAN_POINT ( 'NONE',  ( 15.84632453476726800, 2.005012930814915200, 0.0000000000000000000 ) ) ;
#815 = PERSON_AND_ORGANIZATION_ROLE ( 'design_supplier' ) ;
#816 = APPROVAL ( #1538, '未指定' ) ;
#817 = B_SPLINE_CURVE_WITH_KNOTS ( 'NONE', 1,
 ( #496, #485 ),
 .UNSPECIFIED., .F., .F.,
 ( 2, 2 ),
 ( 0.0000000000000000000, 0.0009999999999999995900 ),
 .UNSPECIFIED. ) ;
#818 = CARTESIAN_POINT ( 'NONE',  ( -13.99999999999999800, 1.005154776142866500, 7.500000000000000900 ) ) ;
#819 = B_SPLINE_CURVE_WITH_KNOTS ( 'NONE', 1,
 ( #2206, #319 ),
 .UNSPECIFIED., .F., .F.,
 ( 2, 2 ),
 ( 0.0000000000000000000, 0.0005999999999999999500 ),
 .UNSPECIFIED. ) ;
#820 = CARTESIAN_POINT ( 'NONE',  ( -5.471307561289364700, 0.5610646752183040500, 0.8000000000000000400 ) ) ;
#821 = CARTESIAN_POINT ( 'NONE',  ( 2.005012930814876500, -13.87340975402965900, 1.000000000000000000 ) ) ;
#822 = PERSON_AND_ORGANIZATION_ROLE ( 'creator' ) ;
#823 = B_SPLINE_CURVE_WITH_KNOTS ( 'NONE', 1,
 ( #1862, #1465 ),
 .UNSPECIFIED., .F., .F.,
 ( 2, 2 ),
 ( 0.0000000000000000000, 0.0009999999999999995900 ),
 .UNSPECIFIED. ) ;
#824 = CARTESIAN_POINT ( 'NONE',  ( 13.99999999999999800, -14.00000000000000400, 0.0000000000000000000 ) ) ;
#825 = CARTESIAN_POINT ( 'NONE',  ( 1.524697460949611600, 12.64085346853604400, 4.500000000000000000 ) ) ;
#826 = CARTESIAN_POINT ( 'NONE',  ( 2.000000000000018200, 14.88209376666334900, 1.000000000000000000 ) ) ;
#827 = B_SPLINE_CURVE_WITH_KNOTS ( 'NONE', 1,
 ( #1427, #1414 ),
 .UNSPECIFIED., .F., .F.,
 ( 2, 2 ),
 ( -0.0000000000000000000, 0.003000000000000000900 ),
 .UNSPECIFIED. ) ;
#828 = DATE_TIME_ROLE ( 'classification_date' ) ;
#829 = APPROVAL ( #1718, '未指定' ) ;
#830 = CARTESIAN_POINT ( 'NONE',  ( 1.999999999999866100, 12.84523257866515200, 7.500000000000001800 ) ) ;
#831 = LOCAL_TIME ( 18, 31, 31.00000000000000000, #2442 ) ;
#832 = CARTESIAN_POINT ( 'NONE',  ( -1.836970198721029900E-016, -1.000000000000000000, 0.0000000000000000000 ) ) ;
#833 = B_SPLINE_CURVE_WITH_KNOTS ( 'NONE', 1,
 ( #788, #1761 ),
 .UNSPECIFIED., .F., .F.,
 ( 2, 2 ),
 ( 0.006500000000000000600, 0.007500000000000002300 ),
 .UNSPECIFIED. ) ;
#834 = CARTESIAN_POINT ( 'NONE',  ( 5.471371984686426200, 0.5604360848379679200, 0.8000000000000000400 ) ) ;
#835 = LOCAL_TIME ( 18, 31, 31.00000000000000000, #1768 ) ;
#836 = CARTESIAN_POINT ( 'NONE',  ( 5.604890757529891400, 9.707955562915042700, 0.0000000000000000000 ) ) ;
#837 = CARTESIAN_POINT ( 'NONE',  ( 13.88209376666337200, -1.999999999999873000, 2.999999999999999600 ) ) ;
#838 = PERSON_AND_ORGANIZATION ( #187, #2179 ) ;
#839 = APPROVAL_STATUS ( 'not_yet_approved' ) ;
#840 = LINE ( 'NONE', #1815, #1797 ) ;
#841 = LINE ( 'NONE', #2272, #1027 ) ;
#842 = CARTESIAN_POINT ( 'NONE',  ( -2.000000000000047500, 13.85640646055101200, 7.500000000000000900 ) ) ;
#843 = VECTOR ( 'NONE', #913, 4.000000000000000900 ) ;
#844 = CARTESIAN_POINT ( 'NONE',  ( -14.00000000000000000, 1.714505518806294600E-015, 0.0000000000000000000 ) ) ;
#845 = CARTESIAN_POINT ( 'NONE',  ( -0.6069950734001704500, 2.948910772381669900, 0.2000000000000000900 ) ) ;
#846 = TRIMMED_CURVE ( 'NONE', #2278, ( PARAMETER_VALUE ( 0.0000000000000000000 ), #2261 ), ( PARAMETER_VALUE ( 0.9999999999999993300 ), #173 ), .T., .PARAMETER. ) ;
#847 = CARTESIAN_POINT ( 'NONE',  ( 9.524697460949624900, 13.42660781724169200, 4.498529725452346600 ) ) ;
#848 = SECURITY_CLASSIFICATION_LEVEL ( 'unclassified' ) ;
#849 =( BOUNDED_CURVE ( )  B_SPLINE_CURVE ( 2, ( #1800, #1063, #2367, #879, #1227 ),
 .UNSPECIFIED., .F., .F. ) 
 B_SPLINE_CURVE_WITH_KNOTS ( ( 3, 2, 3 ),
 ( 3.141592653589793100, 4.712388980384689700, 6.283185307179586200 ),
 .UNSPECIFIED. ) 
 CURVE ( )  GEOMETRIC_REPRESENTATION_ITEM ( )  RATIONAL_B_SPLINE_CURVE ( ( 1.000000000000000000, 0.7071067811865475700, 1.000000000000000000, 0.7071067811865475700, 1.000000000000000000 ) ) 
 REPRESENTATION_ITEM ( '' )  );
#850 = CARTESIAN_POINT ( 'NONE',  ( -2.090559444579627800E-015, 13.00000000000000200, 9.500000000000001800 ) ) ;
#851 = B_SPLINE_CURVE_WITH_KNOTS ( 'NONE', 1,
 ( #99, #494 ),
 .UNSPECIFIED., .F., .F.,
 ( 2, 2 ),
 ( 0.002000128539727359900, 0.005018823677603650700 ),
 .UNSPECIFIED. ) ;
#852 = CARTESIAN_POINT ( 'NONE',  ( -2.388061258337338900E-015, -13.00000000000000200, 9.500000000000001800 ) ) ;
#853 = CARTESIAN_POINT ( 'NONE',  ( 2.249757518739515100, -2.000128539727356700, 1.399999999999999900 ) ) ;
#854 = CARTESIAN_POINT ( 'NONE',  ( -0.7259781388222331700, 0.0000000000000000000, 0.0000000000000000000 ) ) ;
#855 = CARTESIAN_POINT ( 'NONE',  ( 2.005012930814874700, -13.87340975402966100, 1.000000000000000000 ) ) ;
#856 = B_SPLINE_CURVE_WITH_KNOTS ( 'NONE', 1,
 ( #311, #1639 ),
 .UNSPECIFIED., .F., .F.,
 ( 2, 2 ),
 ( -0.0000000000000000000, 0.001000000000000000000 ),
 .UNSPECIFIED. ) ;
#857 = CARTESIAN_POINT ( 'NONE',  ( -13.85640646055101900, 2.000000000000001800, 8.500000000000001800 ) ) ;
#858 = CARTESIAN_POINT ( 'NONE',  ( -5.500000000000000000, 6.735557395310442000E-016, 0.8000000000000000400 ) ) ;
#859 = CARTESIAN_POINT ( 'NONE',  ( 1.293757353273763200, 13.04085346853604600, 0.0000000000000000000 ) ) ;
#860 = CARTESIAN_POINT ( 'NONE',  ( 1.010333609296566400E-015, -5.500000000000000000, 0.5000000000000000000 ) ) ;
#861 = B_SPLINE_CURVE_WITH_KNOTS ( 'NONE', 1,
 ( #1425, #1840 ),
 .UNSPECIFIED., .F., .F.,
 ( 2, 2 ),
 ( -0.008500000000000000600, -0.007500000000000002300 ),
 .UNSPECIFIED. ) ;
#862 = B_SPLINE_CURVE_WITH_KNOTS ( 'NONE', 1,
 ( #1710, #963 ),
 .UNSPECIFIED., .F., .F.,
 ( 2, 2 ),
 ( 0.002000128539727359000, 0.005018823677603649800 ),
 .UNSPECIFIED. ) ;
#863 = B_SPLINE_CURVE_WITH_KNOTS ( 'NONE', 1,
 ( #768, #180 ),
 .UNSPECIFIED., .F., .F.,
 ( 2, 2 ),
 ( -0.0005999999999999999500, 0.0000000000000000000 ),
 .UNSPECIFIED. ) ;
#864 = CC_DESIGN_PERSON_AND_ORGANIZATION_ASSIGNMENT ( #1587, #1339, ( #1130 ) ) ;
#865 = ORGANIZATION ( 'NAUO-ORG3', 'UNSPECIFIED', 'UNSPECIFIED' ) ;
#866 =( BOUNDED_CURVE ( )  B_SPLINE_CURVE ( 2, ( #2106, #565, #1721 ),
 .UNSPECIFIED., .F., .F. ) 
 B_SPLINE_CURVE_WITH_KNOTS ( ( 3, 3 ),
 ( 3.141592653589793100, 3.284940222495158500 ),
 .UNSPECIFIED. ) 
 CURVE ( )  GEOMETRIC_REPRESENTATION_ITEM ( )  RATIONAL_B_SPLINE_CURVE ( ( 1.000000000000000000, 0.9974325337111245000, 1.000000000000000000 ) ) 
 REPRESENTATION_ITEM ( '' )  );
#867 = CARTESIAN_POINT ( 'NONE',  ( -13.99999999999999800, 13.99999999999999800, 0.0000000000000000000 ) ) ;
#868 = CALENDAR_DATE ( 2026, 12, 9 ) ;
#869 = CARTESIAN_POINT ( 'NONE',  ( 0.0000000000000000000, 0.0000000000000000000, 0.0000000000000000000 ) ) ;
#870 = CARTESIAN_POINT ( 'NONE',  ( 15.84632453476726800, 2.005012930814915200, 0.0000000000000000000 ) ) ;
#871 = LINE ( 'NONE', #2021, #2355 ) ;
#872 = CARTESIAN_POINT ( 'NONE',  ( 19.52469746094962500, -1.602163280051040100, 2.248529725452347500 ) ) ;
#873 = PRODUCT_DEFINITION_SHAPE ( 'NONE', 'NONE',  #1097 ) ;
#874 = CARTESIAN_POINT ( 'NONE',  ( -2.000000000000191800, -15.84632453476713100, 3.000000000000000000 ) ) ;
#875 = CARTESIAN_POINT ( 'NONE',  ( -1.999999999999959800, -13.85640646055102500, 8.500000000000001800 ) ) ;
#876 = CARTESIAN_POINT ( 'NONE',  ( -2.250334105676046200, -5.018565174711858000, 0.8000000000000000400 ) ) ;
#877 = B_SPLINE_CURVE_WITH_KNOTS ( 'NONE', 1,
 ( #1960, #257 ),
 .UNSPECIFIED., .F., .F.,
 ( 2, 2 ),
 ( 0.0000000000000000000, 0.0002999999999999999700 ),
 .UNSPECIFIED. ) ;
#878 = CARTESIAN_POINT ( 'NONE',  ( 0.3548907575299157200, 0.6146888231784247700, 3.741409711877516500 ) ) ;
#879 = CARTESIAN_POINT ( 'NONE',  ( -4.999999999999999100, -5.000000000000000900, 0.0000000000000000000 ) ) ;
#880 = B_SPLINE_CURVE_WITH_KNOTS ( 'NONE', 1,
 ( #52, #617 ),
 .UNSPECIFIED., .F., .F.,
 ( 2, 2 ),
 ( 0.002000000000000000900, 0.008500000000000000600 ),
 .UNSPECIFIED. ) ;
#881 = CARTESIAN_POINT ( 'NONE',  ( -1.000000000000000200, -0.9999999999999998900, 1.000000000000000000 ) ) ;
#882 = CARTESIAN_POINT ( 'NONE',  ( -3.221037879010376900, 4.458129089873890100, 0.8000000000000000400 ) ) ;
#883 =( BOUNDED_CURVE ( )  B_SPLINE_CURVE ( 2, ( #650, #1977, #2153 ),
 .UNSPECIFIED., .F., .F. ) 
 B_SPLINE_CURVE_WITH_KNOTS ( ( 3, 3 ),
 ( 2.196469736573968900, 3.039403131574284400 ),
 .UNSPECIFIED. ) 
 CURVE ( )  GEOMETRIC_REPRESENTATION_ITEM ( )  RATIONAL_B_SPLINE_CURVE ( ( 1.000000000000000000, 0.9124898971705687200, 1.000000000000000000 ) ) 
 REPRESENTATION_ITEM ( '' )  );
#884 = CARTESIAN_POINT ( 'NONE',  ( 4.752617487574487300, 10.23177495741941600, 0.0000000000000000000 ) ) ;
#885 = CARTESIAN_POINT ( 'NONE',  ( 15.84632453476726800, 2.005012930814915200, 1.000000000000000000 ) ) ;
#886 = CARTESIAN_POINT ( 'NONE',  ( 5.354890757529894100, 9.274942861022825700, 0.7414097118775242500 ) ) ;
#887 = CARTESIAN_POINT ( 'NONE',  ( 14.88209376666337000, -1.999999999999862600, 2.000000000000000000 ) ) ;
#888 = CARTESIAN_POINT ( 'NONE',  ( 3.221550042549819800, 4.457759002385306400, 0.8000000000000000400 ) ) ;
#889 = CARTESIAN_POINT ( 'NONE',  ( 3.221550042549820700, 4.457759002385307300, 1.399999999999999900 ) ) ;
#890 = B_SPLINE_CURVE_WITH_KNOTS ( 'NONE', 1,
 ( #1929, #410 ),
 .UNSPECIFIED., .F., .F.,
 ( 2, 2 ),
 ( 0.0000000000000000000, 0.0009999999999999995900 ),
 .UNSPECIFIED. ) ;
#891 = CALENDAR_DATE ( 2026, 12, 9 ) ;
#892 = CARTESIAN_POINT ( 'NONE',  ( 4.252617487574490000, 9.365749553634977100, 0.0000000000000000000 ) ) ;
#893 = LINE ( 'NONE', #1689, #328 ) ;
#894 = CARTESIAN_POINT ( 'NONE',  ( -15.84632453476724300, 1.999999999999962700, 3.000000000000000000 ) ) ;
#895 = TRIMMED_CURVE ( 'NONE', #902, ( PARAMETER_VALUE ( 0.0000000000000000000 ), #1463 ), ( PARAMETER_VALUE ( 1.000000000000000000 ), #1846 ), .T., .PARAMETER. ) ;
#896 = APPROVAL_DATE_TIME ( #120, #775 ) ;
#897 = CARTESIAN_POINT ( 'NONE',  ( 6.524697460949623100, 12.22660781724169100, 4.498529725452346600 ) ) ;
#898 = CC_DESIGN_SECURITY_CLASSIFICATION ( #639, ( #2461 ) ) ;
#899 = SHAPE_REPRESENTATION ( '三腿连接体', ( #1510 ), #1803 ) ;
#900 = CARTESIAN_POINT ( 'NONE',  ( 1.999999999999997300, 15.84632453476723600, 3.000000000000000000 ) ) ;
#901 = APPROVAL_DATE_TIME ( #1613, #1254 ) ;
#902 = LINE ( 'NONE', #1090, #2306 ) ;
#903 = B_SPLINE_CURVE_WITH_KNOTS ( 'NONE', 1,
 ( #560, #2080 ),
 .UNSPECIFIED., .F., .F.,
 ( 2, 2 ),
 ( -0.0000000000000000000, 0.0005000000000000000100 ),
 .UNSPECIFIED. ) ;
#904 = CARTESIAN_POINT ( 'NONE',  ( 0.0000000000000000000, -2.000000000000000400, 8.500000000000001800 ) ) ;
#905 = CARTESIAN_POINT ( 'NONE',  ( -1.010333609296566400E-015, -5.500000000000000000, 0.0000000000000000000 ) ) ;
#906 = LOCAL_TIME ( 18, 31, 31.00000000000000000, #1921 ) ;
#907 = CARTESIAN_POINT ( 'NONE',  ( 2.250000000000001800, -1.999708549864104100, 0.8000000000000000400 ) ) ;
#908 = CARTESIAN_POINT ( 'NONE',  ( 1.293757353273763200, 13.04085346853604600, 0.0000000000000000000 ) ) ;
#909 = LINE ( 'NONE', #1671, #1092 ) ;
#910 = CARTESIAN_POINT ( 'NONE',  ( 15.84632453476726800, 2.005012930814915200, 0.0000000000000000000 ) ) ;
#911 = CARTESIAN_POINT ( 'NONE',  ( 1.999999999999981800, -13.88209376666335100, 2.000000000000000000 ) ) ;
#912 = B_SPLINE_CURVE_WITH_KNOTS ( 'NONE', 1,
 ( #1422, #287 ),
 .UNSPECIFIED., .F., .F.,
 ( 2, 2 ),
 ( 0.0000000000000000000, 0.0002999999999999999700 ),
 .UNSPECIFIED. ) ;
#913 = DIRECTION ( 'NONE',  ( 0.0000000000000000000, -1.000000000000000000, 0.0000000000000000000 ) ) ;
#914 = CARTESIAN_POINT ( 'NONE',  ( 5.220110051079281300, 3.013432138355354600, 0.2000000000000000900 ) ) ;
#915 =( BOUNDED_CURVE ( )  B_SPLINE_CURVE ( 2, ( #2342, #1047, #1040, #1779, #1022 ),
 .UNSPECIFIED., .F., .F. ) 
 B_SPLINE_CURVE_WITH_KNOTS ( ( 3, 2, 3 ),
 ( 0.0000000000000000000, 1.570796326794896600, 3.141592653589793100 ),
 .UNSPECIFIED. ) 
 CURVE ( )  GEOMETRIC_REPRESENTATION_ITEM ( )  RATIONAL_B_SPLINE_CURVE ( ( 1.000000000000000000, 0.7071067811865475700, 1.000000000000000000, 0.7071067811865475700, 1.000000000000000000 ) ) 
 REPRESENTATION_ITEM ( '' )  );
#916 = CARTESIAN_POINT ( 'NONE',  ( -8.040613248383183700E-016, 5.000000000000000000, 1.600000000000000100 ) ) ;
#917 = CARTESIAN_POINT ( 'NONE',  ( 9.524697460949624900, 13.42660781724169200, -0.001470274547651917500 ) ) ;
#918 = CARTESIAN_POINT ( 'NONE',  ( 13.87340975402965500, 2.005012930814922700, 0.0000000000000000000 ) ) ;
#919 = CC_DESIGN_PERSON_AND_ORGANIZATION_ASSIGNMENT ( #2177, #2111, ( #1765 ) ) ;
#920 = CARTESIAN_POINT ( 'NONE',  ( 5.499999999999999100, 5.500000000000000000, 0.0000000000000000000 ) ) ;
#921 = CARTESIAN_POINT ( 'NONE',  ( 0.0000000000000000000, 2.000000000000000400, 7.500000000000000900 ) ) ;
#922 = CARTESIAN_POINT ( 'NONE',  ( -2.857040885607912400, -0.9482828937198133400, 0.2000000000000000900 ) ) ;
#923 = CARTESIAN_POINT ( 'NONE',  ( 0.0003897936983143501200, 6.785639206585364600, 0.8000000000000000400 ) ) ;
#924 = TRIMMED_CURVE ( 'NONE', #274, ( PARAMETER_VALUE ( 0.0000000000000000000 ), #669 ), ( PARAMETER_VALUE ( 0.9999999999999997800 ), #2006 ), .T., .PARAMETER. ) ;
#925 = DATE_AND_TIME ( #891, #1668 ) ;
#926 = CARTESIAN_POINT ( 'NONE',  ( 1.999999999999981800, -14.88209376666334900, 2.000000000000000000 ) ) ;
#927 = CARTESIAN_POINT ( 'NONE',  ( 0.9999999999999998900, 1.000000000000000200, 0.0000000000000000000 ) ) ;
#928 = B_SPLINE_CURVE_WITH_KNOTS ( 'NONE', 1,
 ( #1636, #502 ),
 .UNSPECIFIED., .F., .F.,
 ( 2, 2 ),
 ( -0.0000000000000000000, 0.001000000000000000000 ),
 .UNSPECIFIED. ) ;
#929 = CALENDAR_DATE ( 2026, 12, 9 ) ;
#930 = LINE ( 'NONE', #907, #363 ) ;
#931 =( BOUNDED_CURVE ( )  B_SPLINE_CURVE ( 2, ( #1400, #481, #832, #2171, #1988 ),
 .UNSPECIFIED., .F., .F. ) 
 B_SPLINE_CURVE_WITH_KNOTS ( ( 3, 2, 3 ),
 ( 3.141592653589793100, 4.712388980384689700, 6.283185307179586200 ),
 .UNSPECIFIED. ) 
 CURVE ( )  GEOMETRIC_REPRESENTATION_ITEM ( )  RATIONAL_B_SPLINE_CURVE ( ( 1.000000000000000000, 0.7071067811865475700, 1.000000000000000000, 0.7071067811865475700, 1.000000000000000000 ) ) 
 REPRESENTATION_ITEM ( '' )  );
#932 = CC_DESIGN_PERSON_AND_ORGANIZATION_ASSIGNMENT ( #1294, #951, ( #263 ) ) ;
#933 = CARTESIAN_POINT ( 'NONE',  ( -2.250334105676050200, -2.000128539727361600, 0.8000000000000000400 ) ) ;
#934 = CARTESIAN_POINT ( 'NONE',  ( 14.00000000000000000, 1.714505518806294600E-015, 9.500000000000001800 ) ) ;
#935 = APPROVAL_DATE_TIME ( #1950, #144 ) ;
#936 = CARTESIAN_POINT ( 'NONE',  ( 4.052617487574508500, 9.019339392121231900, 0.0000000000000000000 ) ) ;
#937 = CARTESIAN_POINT ( 'NONE',  ( -2.000000000000191800, -15.84632453476713100, 0.0000000000000000000 ) ) ;
#938 = CALENDAR_DATE ( 2026, 12, 9 ) ;
#939 = CC_DESIGN_APPROVAL ( #424, ( #724 ) ) ;
#940 =( BOUNDED_CURVE ( )  B_SPLINE_CURVE ( 2, ( #461, #1787, #834 ),
 .UNSPECIFIED., .F., .F. ) 
 B_SPLINE_CURVE_WITH_KNOTS ( ( 3, 3 ),
 ( 0.0000000000000000000, 0.1020746341807689300 ),
 .UNSPECIFIED. ) 
 CURVE ( )  GEOMETRIC_REPRESENTATION_ITEM ( )  RATIONAL_B_SPLINE_CURVE ( ( 1.000000000000000000, 0.9986978788168680000, 1.000000000000000000 ) ) 
 REPRESENTATION_ITEM ( '' )  );
#941 = CARTESIAN_POINT ( 'NONE',  ( 13.87340975402965300, 2.005012930814922700, 0.0000000000000000000 ) ) ;
#942 = CIRCLE ( 'NONE', #1143, 13.00000000000000000 ) ;
#943 =( LENGTH_UNIT ( ) NAMED_UNIT ( * ) SI_UNIT ( .MILLI., .METRE. ) );
#944 = CARTESIAN_POINT ( 'NONE',  ( -5.471307561289364700, 0.5610646752183047200, 0.2000000000000000900 ) ) ;
#945 =( LENGTH_UNIT ( ) NAMED_UNIT ( * ) SI_UNIT ( .MILLI., .METRE. ) );
#946 = CARTESIAN_POINT ( 'NONE',  ( -1.000000000000000000, 1.224646799147353200E-016, 0.0000000000000000000 ) ) ;
#947 = CARTESIAN_POINT ( 'NONE',  ( -2.000000000000191800, -15.84632453476713100, 0.0000000000000000000 ) ) ;
#948 = B_SPLINE_CURVE_WITH_KNOTS ( 'NONE', 1,
 ( #26, #2298 ),
 .UNSPECIFIED., .F., .F.,
 ( 2, 2 ),
 ( -0.0000000000000000000, 0.001000000000000000000 ),
 .UNSPECIFIED. ) ;
#949 = CARTESIAN_POINT ( 'NONE',  ( -2.000000000000018200, -14.88209376666334900, 1.000000000000000000 ) ) ;
#950 = B_SPLINE_CURVE_WITH_KNOTS ( 'NONE', 1,
 ( #401, #789 ),
 .UNSPECIFIED., .F., .F.,
 ( 2, 2 ),
 ( 0.002000128539727359500, 0.005018565174711857000 ),
 .UNSPECIFIED. ) ;
#951 = PERSON_AND_ORGANIZATION_ROLE ( 'design_owner' ) ;
#952 = CARTESIAN_POINT ( 'NONE',  ( -2.857040885607912400, -0.9482828937198133400, 0.8000000000000000400 ) ) ;
#953 = TRIMMED_CURVE ( 'NONE', #1972, ( PARAMETER_VALUE ( 0.0000000000000000000 ), #1453 ), ( PARAMETER_VALUE ( 0.9999999999999996700 ), #2406 ), .T., .PARAMETER. ) ;
#954 = CARTESIAN_POINT ( 'NONE',  ( 2.250000000000000400, -5.023680395267456700, 0.8000000000000000400 ) ) ;
#955 = CARTESIAN_POINT ( 'NONE',  ( -2.251371709547291100E-015, 14.00000000000000000, 9.500000000000001800 ) ) ;
#956 = CARTESIAN_POINT ( 'NONE',  ( -5.000000000000000000, 0.0000000000000000000, 1.600000000000000100 ) ) ;
#957 = CARTESIAN_POINT ( 'NONE',  ( 13.87413330828055700, -2.000000000000048000, 0.0000000000000000000 ) ) ;
#958 = CC_DESIGN_APPROVAL ( #816, ( #276 ) ) ;
#959 = CARTESIAN_POINT ( 'NONE',  ( 0.9999999999999998900, -1.000000000000000200, 1.000000000000000000 ) ) ;
#960 = APPROVAL_ROLE ( '' ) ;
#961 = CARTESIAN_POINT ( 'NONE',  ( -2.250334105676065300, -5.018565174711902400, 0.8000000000000000400 ) ) ;
#962 = CARTESIAN_POINT ( 'NONE',  ( 12.84523257866512900, 2.000000000000002200, 7.500000000000000900 ) ) ;
#963 = CARTESIAN_POINT ( 'NONE',  ( -5.471307561289364700, 0.5610646752183052800, 1.399999999999999900 ) ) ;
#964 = B_SPLINE_CURVE_WITH_KNOTS ( 'NONE', 1,
 ( #2245, #142 ),
 .UNSPECIFIED., .F., .F.,
 ( 2, 2 ),
 ( -0.0000000000000000000, 1.470274547652784800E-006 ),
 .UNSPECIFIED. ) ;
#965 = DIRECTION ( 'NONE',  ( 0.9897174932435477400, 0.1430359520110518200, 0.0000000000000000000 ) ) ;
#966 = PRODUCT_DEFINITION_SHAPE ( 'NONE', 'NONE',  #2456 ) ;
#967 = LOCAL_TIME ( 18, 31, 31.00000000000000000, #1174 ) ;
#968 = CARTESIAN_POINT ( 'NONE',  ( -12.37866125011695600, 12.37418934688452400, 0.0000000000000000000 ) ) ;
#969 = B_SPLINE_CURVE_WITH_KNOTS ( 'NONE', 1,
 ( #557, #1690 ),
 .UNSPECIFIED., .F., .F.,
 ( 2, 2 ),
 ( 0.0009999999999999991500, 0.002000000000000000900 ),
 .UNSPECIFIED. ) ;
#970 = APPROVAL_PERSON_ORGANIZATION ( #1462, #1685, #1175 ) ;
#971 = VECTOR ( 'NONE', #621, 3.000000000000000900 ) ;
#972 = PERSON_AND_ORGANIZATION_ROLE ( 'creator' ) ;
#973 = CARTESIAN_POINT ( 'NONE',  ( -1.000000000000000000, 0.0000000000000000000, 1.600000000000000100 ) ) ;
#974 = APPROVAL_DATE_TIME ( #1025, #439 ) ;
#975 = LINE ( 'NONE', #192, #1207 ) ;
#976 = CC_DESIGN_SECURITY_CLASSIFICATION ( #1506, ( #1858 ) ) ;
#977 = CARTESIAN_POINT ( 'NONE',  ( -12.84523257866513100, 2.000000000000000400, 8.500000000000001800 ) ) ;
#978 = SHAPE_REPRESENTATION_RELATIONSHIP ( 'NONE' , 'NONE' ,  #1906, #1843 ) ;
#979 = DIRECTION ( 'NONE',  ( 0.0000000000000000000, 0.0000000000000000000, 1.000000000000000000 ) ) ;
#980 = TRIMMED_CURVE ( 'NONE', #1050, ( PARAMETER_VALUE ( 0.0000000000000000000 ), #1866 ), ( PARAMETER_VALUE ( 1.000000000000000000 ), #1299 ), .T., .PARAMETER. ) ;
#981 = CARTESIAN_POINT ( 'NONE',  ( -2.000000000000097300, -13.87413330828055000, 0.0000000000000000000 ) ) ;
#982 =( LENGTH_UNIT ( ) NAMED_UNIT ( * ) SI_UNIT ( .MILLI., .METRE. ) );
#983 = CARTESIAN_POINT ( 'NONE',  ( 3.221550042549819400, 4.457759002385307300, 1.399999999999999900 ) ) ;
#984 = DIRECTION ( 'NONE',  ( 0.0000000000000000000, -1.000000000000000000, 0.0000000000000000000 ) ) ;
#985 = B_SPLINE_CURVE_WITH_KNOTS ( 'NONE', 1,
 ( #612, #981 ),
 .UNSPECIFIED., .F., .F.,
 ( 2, 2 ),
 ( -0.01584632453476722900, -0.01387413330828064600 ),
 .UNSPECIFIED. ) ;
#986 = TRIMMED_CURVE ( 'NONE', #1649, ( PARAMETER_VALUE ( -0.0000000000000000000 ), #298 ), ( PARAMETER_VALUE ( 1.000000000000000200 ), #1637 ), .T., .PARAMETER. ) ;
#987 = CARTESIAN_POINT ( 'NONE',  ( 6.123233995736766000E-017, 1.000000000000000000, 1.000000000000000000 ) ) ;
#988 = APPLICATION_PROTOCOL_DEFINITION ( 'international standard', 'config_control_design', 1994, #1930 ) ;
#989 =( BOUNDED_CURVE ( )  B_SPLINE_CURVE ( 2, ( #152, #1310, #536, #920, #175 ),
 .UNSPECIFIED., .F., .F. ) 
 B_SPLINE_CURVE_WITH_KNOTS ( ( 3, 2, 3 ),
 ( 0.0000000000000000000, 1.570796326794896600, 3.141592653589793100 ),
 .UNSPECIFIED. ) 
 CURVE ( )  GEOMETRIC_REPRESENTATION_ITEM ( )  RATIONAL_B_SPLINE_CURVE ( ( 1.000000000000000000, 0.7071067811865475700, 1.000000000000000000, 0.7071067811865475700, 1.000000000000000000 ) ) 
 REPRESENTATION_ITEM ( '' )  );
#990 = CARTESIAN_POINT ( 'NONE',  ( -12.84523257866513100, -2.000000000000000400, 7.500000000000000900 ) ) ;
#991 = APPROVAL ( #419, 'UNKNOWN' ) ;
#992 = CARTESIAN_POINT ( 'NONE',  ( -1.999999999999981800, 14.88209376666334900, 1.000000000000000000 ) ) ;
#993 = PERSON_AND_ORGANIZATION_ROLE ( 'creator' ) ;
#994 =( NAMED_UNIT ( * ) PLANE_ANGLE_UNIT ( ) SI_UNIT ( $, .RADIAN. ) );
#995 = B_SPLINE_CURVE_WITH_KNOTS ( 'NONE', 1,
 ( #2135, #2326 ),
 .UNSPECIFIED., .F., .F.,
 ( 2, 2 ),
 ( -0.0007259781388222330700, 0.0000000000000000000 ),
 .UNSPECIFIED. ) ;
#996 = CARTESIAN_POINT ( 'NONE',  ( -13.00000000000000200, 1.005988238676657200, 7.500000000000000900 ) ) ;
#997 = LOCAL_TIME ( 18, 31, 31.00000000000000000, #750 ) ;
#998 = CARTESIAN_POINT ( 'NONE',  ( 2.000000000000018200, 15.84632453476723600, 3.000000000000000000 ) ) ;
#999 = B_SPLINE_CURVE_WITH_KNOTS ( 'NONE', 1,
 ( #1169, #598 ),
 .UNSPECIFIED., .F., .F.,
 ( 2, 2 ),
 ( 0.0001435935394490297400, 0.001154767421334919300 ),
 .UNSPECIFIED. ) ;
#1000 = PERSON ( 'NAUO-PER2', 'UNSPECIFIED', 'UNSPECIFIED', ('UNSPECIFIED'), ('UNSPECIFIED'), ('UNSPECIFIED') ) ;
#1001 = DATE_AND_TIME ( #1913, #683 ) ;
#1002 = CARTESIAN_POINT ( 'NONE',  ( 5.604890757529891400, 9.707955562915042700, 4.500000000000000000 ) ) ;
#1003 = CARTESIAN_POINT ( 'NONE',  ( -2.000000000000018200, -14.88209376666334900, 2.000000000000000000 ) ) ;
#1004 = SHAPE_DEFINITION_REPRESENTATION ( #1516, #899 ) ;
#1005 = SECURITY_CLASSIFICATION_LEVEL ( 'unclassified' ) ;
#1006 = PRODUCT_DEFINITION_FORMATION_WITH_SPECIFIED_SOURCE ( '任何', '', #263, .NOT_KNOWN. ) ;
#1007 = CARTESIAN_POINT ( 'NONE',  ( 6.524697460949623100, 13.04085346853606700, 4.500000000000000000 ) ) ;
#1008 = CARTESIAN_POINT ( 'NONE',  ( 9.184850993605147900E-016, -5.000000000000000000, 0.5000000000000000000 ) ) ;
#1009 = DATE_TIME_ROLE ( 'classification_date' ) ;
#1010 = B_SPLINE_CURVE_WITH_KNOTS ( 'NONE', 1,
 ( #2435, #137 ),
 .UNSPECIFIED., .F., .F.,
 ( 2, 2 ),
 ( -0.01584632453476728400, -0.01387413330828054400 ),
 .UNSPECIFIED. ) ;
#1011 = CARTESIAN_POINT ( 'NONE',  ( 14.00000000000000000, -3.429011037612589300E-015, 8.500000000000001800 ) ) ;
#1012 = TRIMMED_CURVE ( 'NONE', #68, ( PARAMETER_VALUE ( 0.0000000000000000000 ), #122 ), ( PARAMETER_VALUE ( 1.000000000000000000 ), #2219 ), .T., .PARAMETER. ) ;
#1013 = CARTESIAN_POINT ( 'NONE',  ( 0.0000000000000000000, 0.0000000000000000000, 4.500000000000000000 ) ) ;
#1014 = CARTESIAN_POINT ( 'NONE',  ( -14.88209376666334400, -2.000000000000033800, 2.000000000000000000 ) ) ;
#1015 = DATE_TIME_ROLE ( 'classification_date' ) ;
#1016 = B_SPLINE_CURVE_WITH_KNOTS ( 'NONE', 1,
 ( #887, #527 ),
 .UNSPECIFIED., .F., .F.,
 ( 2, 2 ),
 ( 0.0000000000000000000, 0.001000000000000000000 ),
 .UNSPECIFIED. ) ;
#1017 = CARTESIAN_POINT ( 'NONE',  ( 12.84523257866513100, 2.000000000000000400, 8.500000000000001800 ) ) ;
#1018 = CARTESIAN_POINT ( 'NONE',  ( -5.500000000000000000, 0.2812659928146238300, 0.8000000000000000400 ) ) ;
#1019 = CARTESIAN_POINT ( 'NONE',  ( 0.7885158724367333800, 11.36574955363496600, 4.500000000000000000 ) ) ;
#1020 = APPROVAL_ROLE ( '' ) ;
#1021 = LOCAL_TIME ( 18, 31, 31.00000000000000000, #1584 ) ;
#1022 = CARTESIAN_POINT ( 'NONE',  ( -13.00000000000000200, -1.592040838891559300E-015, 1.000000000000000900 ) ) ;
#1023 = CARTESIAN_POINT ( 'NONE',  ( 0.0003897936983143501200, 6.785639206585364600, 0.8000000000000000400 ) ) ;
#1024 =( BOUNDED_CURVE ( )  B_SPLINE_CURVE ( 2, ( #248, #647, #852, #1586, #254 ),
 .UNSPECIFIED., .F., .F. ) 
 B_SPLINE_CURVE_WITH_KNOTS ( ( 3, 2, 3 ),
 ( 3.141592653589793100, 4.712388980384689700, 6.283185307179586200 ),
 .UNSPECIFIED. ) 
 CURVE ( )  GEOMETRIC_REPRESENTATION_ITEM ( )  RATIONAL_B_SPLINE_CURVE ( ( 1.000000000000000000, 0.7071067811865475700, 1.000000000000000000, 0.7071067811865475700, 1.000000000000000000 ) ) 
 REPRESENTATION_ITEM ( '' )  );
#1025 = DATE_AND_TIME ( #1916, #656 ) ;
#1026 = CARTESIAN_POINT ( 'NONE',  ( -2.250334105676050200, -2.000128539727361600, 1.399999999999999900 ) ) ;
#1027 = VECTOR ( 'NONE', #2285, 2.000000000000043500 ) ;
#1028 = PERSON_AND_ORGANIZATION ( #187, #2179 ) ;
#1029 = CARTESIAN_POINT ( 'NONE',  ( -3.061616997868383100E-016, 5.000000000000000000, 0.5000000000000000000 ) ) ;
#1030 = VECTOR ( 'NONE', #1868, 1.999999999999998200 ) ;
#1031 = CARTESIAN_POINT ( 'NONE',  ( 1.999999999999855200, 13.85640646055104100, 7.500000000000000900 ) ) ;
#1032 = APPROVAL ( #839, 'UNKNOWN' ) ;
#1033 = B_SPLINE_CURVE_WITH_KNOTS ( 'NONE', 1,
 ( #515, #700 ),
 .UNSPECIFIED., .F., .F.,
 ( 2, 2 ),
 ( -0.001121667481656953300, 0.0000000000000000000 ),
 .UNSPECIFIED. ) ;
#1034 = CARTESIAN_POINT ( 'NONE',  ( 1.293757353273763200, 13.04085346853604600, 4.500000000000000000 ) ) ;
#1035 = CARTESIAN_POINT ( 'NONE',  ( 5.000000000000000000, 6.123233995736766300E-016, 0.5000000000000000000 ) ) ;
#1036 =( REPRESENTATION_RELATIONSHIP ('NONE','NONE', #163, #1906 ) REPRESENTATION_RELATIONSHIP_WITH_TRANSFORMATION ( #1553 )SHAPE_REPRESENTATION_RELATIONSHIP( ) );
#1037 = B_SPLINE_CURVE_WITH_KNOTS ( 'NONE', 1,
 ( #2167, #258 ),
 .UNSPECIFIED., .F., .F.,
 ( 2, 2 ),
 ( 0.0000000000000000000, 0.0009999999999999995900 ),
 .UNSPECIFIED. ) ;
#1038 = CARTESIAN_POINT ( 'NONE',  ( 13.00000000000000200, 1.592040838891559300E-015, 9.500000000000001800 ) ) ;
#1039 =( BOUNDED_CURVE ( )  B_SPLINE_CURVE ( 2, ( #1696, #1905, #1296 ),
 .UNSPECIFIED., .F., .F. ) 
 B_SPLINE_CURVE_WITH_KNOTS ( ( 3, 3 ),
 ( 3.039403131574284400, 3.141592653589793100 ),
 .UNSPECIFIED. ) 
 CURVE ( )  GEOMETRIC_REPRESENTATION_ITEM ( )  RATIONAL_B_SPLINE_CURVE ( ( 1.000000000000000000, 0.9986949466583133800, 1.000000000000000000 ) ) 
 REPRESENTATION_ITEM ( '' )  );
#1040 = CARTESIAN_POINT ( 'NONE',  ( 7.960204194457796500E-016, -13.00000000000000200, 1.000000000000000900 ) ) ;
#1041 = CARTESIAN_POINT ( 'NONE',  ( 5.471371984686380900, 0.5604360848379633700, 1.399999999999999900 ) ) ;
#1042 = CARTESIAN_POINT ( 'NONE',  ( 9.524697460949624900, 13.42660781724169200, -0.001470274547651917500 ) ) ;
#1043 = B_SPLINE_CURVE_WITH_KNOTS ( 'NONE', 1,
 ( #1091, #2041 ),
 .UNSPECIFIED., .F., .F.,
 ( 2, 2 ),
 ( 0.01387340975402964700, 0.01584632453476726000 ),
 .UNSPECIFIED. ) ;
#1044 = PERSON_AND_ORGANIZATION_ROLE ( 'classification_officer' ) ;
#1045 = PRODUCT_DEFINITION ( '未知', '', #1858, #1630 ) ;
#1046 = CARTESIAN_POINT ( 'NONE',  ( -9.056644323379715700E-014, 13.15663215632973300, 7.500000000000000900 ) ) ;
#1047 = CARTESIAN_POINT ( 'NONE',  ( 13.00000000000000400, -13.00000000000000200, 1.000000000000000900 ) ) ;
#1048 = ITEM_DEFINED_TRANSFORMATION ( 'NONE', 'NONE', #2376,  #1510 ) ;
#1049 = CARTESIAN_POINT ( 'NONE',  ( 5.500000000000000000, 0.2809492259410330500, 0.8000000000000000400 ) ) ;
#1050 = LINE ( 'NONE', #1669, #2444 ) ;
#1051 = CARTESIAN_POINT ( 'NONE',  ( 2.249757518739518200, -5.018823677603647200, 1.399999999999999900 ) ) ;
#1052 = CARTESIAN_POINT ( 'NONE',  ( 15.84632453476708700, -2.000000000000042600, 0.0000000000000000000 ) ) ;
#1053 = CARTESIAN_POINT ( 'NONE',  ( 6.524697460949623100, 13.04085346853606700, 0.0000000000000000000 ) ) ;
#1054 = CARTESIAN_POINT ( 'NONE',  ( 2.005012930814861000, -15.84632453476727300, 0.0000000000000000000 ) ) ;
#1055 = B_SPLINE_CURVE_WITH_KNOTS ( 'NONE', 1,
 ( #265, #1232 ),
 .UNSPECIFIED., .F., .F.,
 ( 2, 2 ),
 ( 0.0001435935394489811600, 0.001154767421334870800 ),
 .UNSPECIFIED. ) ;
#1056 = PERSON_AND_ORGANIZATION ( #187, #2179 ) ;
#1057 = B_SPLINE_CURVE_WITH_KNOTS ( 'NONE', 1,
 ( #2296, #1161 ),
 .UNSPECIFIED., .F., .F.,
 ( 2, 2 ),
 ( 0.0000000000000000000, 0.0005999999999999999500 ),
 .UNSPECIFIED. ) ;
#1058 = TRIMMED_CURVE ( 'NONE', #1863, ( PARAMETER_VALUE ( 0.0000000000000000000 ), #947 ), ( PARAMETER_VALUE ( 0.9999999999999994400 ), #738 ), .T., .PARAMETER. ) ;
#1059 = VECTOR ( 'NONE', #2056, 1.000000000000001800 ) ;
#1060 = CARTESIAN_POINT ( 'NONE',  ( 3.221550042549819400, 4.457759002385308200, 0.8000000000000000400 ) ) ;
#1061 = B_SPLINE_CURVE_WITH_KNOTS ( 'NONE', 1,
 ( #169, #2255 ),
 .UNSPECIFIED., .F., .F.,
 ( 2, 2 ),
 ( -0.002005012930814790700, -0.002000000000000023500 ),
 .UNSPECIFIED. ) ;
#1062 = CARTESIAN_POINT ( 'NONE',  ( 4.252617487574490000, 9.365749553634977100, 4.500000000000000000 ) ) ;
#1063 = CARTESIAN_POINT ( 'NONE',  ( 5.000000000000000900, -4.999999999999999100, 0.0000000000000000000 ) ) ;
#1064 = SECURITY_CLASSIFICATION ( '', '', #1361 ) ;
#1065 = CARTESIAN_POINT ( 'NONE',  ( 6.524697460949623100, 12.22660781724169100, -0.001470274547651917500 ) ) ;
#1066 = CC_DESIGN_PERSON_AND_ORGANIZATION_ASSIGNMENT ( #1200, #1563, ( #133 ) ) ;
#1067 = B_SPLINE_CURVE_WITH_KNOTS ( 'NONE', 1,
 ( #1185, #435 ),
 .UNSPECIFIED., .F., .F.,
 ( 2, 2 ),
 ( -0.0007259781388222330700, 0.0000000000000000000 ),
 .UNSPECIFIED. ) ;
#1068 = CARTESIAN_POINT ( 'NONE',  ( -0.7259781388222331700, -2.710505431213761100E-017, 1.355252715606880500E-017 ) ) ;
#1069 = CARTESIAN_POINT ( 'NONE',  ( -14.88209376666334400, -2.000000000000033800, 1.000000000000000000 ) ) ;
#1070 = B_SPLINE_CURVE_WITH_KNOTS ( 'NONE', 1,
 ( #239, #36 ),
 .UNSPECIFIED., .F., .F.,
 ( 2, 2 ),
 ( 0.002000000000000000900, 0.008500000000000000600 ),
 .UNSPECIFIED. ) ;
#1071 = CARTESIAN_POINT ( 'NONE',  ( 6.524697460949623100, 13.42660781724169200, -0.001470274547651917500 ) ) ;
#1072 = CARTESIAN_POINT ( 'NONE',  ( -13.87413330828054100, 2.000000000000146500, 1.000000000000000000 ) ) ;
#1073 = CARTESIAN_POINT ( 'NONE',  ( 1.999999999999855200, 13.85640646055104200, 7.500000000000000900 ) ) ;
#1074 = CARTESIAN_POINT ( 'NONE',  ( 0.9999999999999998900, 1.000000000000000200, 0.7999999999999999300 ) ) ;
#1075 = DIRECTION ( 'NONE',  ( -0.01324487790376553500, 0.9999122827574998800, 0.0000000000000000000 ) ) ;
#1076 = CARTESIAN_POINT ( 'NONE',  ( -2.005012930814970700, 13.84632453476726300, 0.0000000000000000000 ) ) ;
#1077 = CARTESIAN_POINT ( 'NONE',  ( 6.524697460949623100, 12.22660781724169100, 4.498529725452346600 ) ) ;
#1078 = CC_DESIGN_DATE_AND_TIME_ASSIGNMENT ( #2203, #1009, ( #1755 ) ) ;
#1079 = CALENDAR_DATE ( 2026, 12, 9 ) ;
#1080 = CARTESIAN_POINT ( 'NONE',  ( -15.84632453476728400, 2.000000000000144300, 3.000000000000000000 ) ) ;
#1081 = CARTESIAN_POINT ( 'NONE',  ( 13.00000000000000200, 1.592040838891559300E-015, 8.500000000000001800 ) ) ;
#1082 = CARTESIAN_POINT ( 'NONE',  ( -5.500000000000000900, -5.499999999999999100, 0.0000000000000000000 ) ) ;
#1083 = PERSON_AND_ORGANIZATION ( #187, #2179 ) ;
#1084 = B_SPLINE_CURVE_WITH_KNOTS ( 'NONE', 1,
 ( #1985, #2392 ),
 .UNSPECIFIED., .F., .F.,
 ( 2, 2 ),
 ( 0.01387340975402964700, 0.01584632453476726000 ),
 .UNSPECIFIED. ) ;
#1085 = APPROVAL_PERSON_ORGANIZATION ( #2150, #439, #1546 ) ;
#1086 = CARTESIAN_POINT ( 'NONE',  ( -0.7259781388222331700, 0.0000000000000000000, 0.0000000000000000000 ) ) ;
#1087 = CARTESIAN_POINT ( 'NONE',  ( -2.005012930814970700, 15.84632453476726100, 0.0000000000000000000 ) ) ;
#1088 = VECTOR ( 'NONE', #760, 5.000000000000011500 ) ;
#1089 =( BOUNDED_CURVE ( )  B_SPLINE_CURVE ( 2, ( #1842, #2427, #706, #313, #1286 ),
 .UNSPECIFIED., .F., .F. ) 
 B_SPLINE_CURVE_WITH_KNOTS ( ( 3, 2, 3 ),
 ( 1.224646799147353200E-016, 1.570796326794896800, 3.141592653589793100 ),
 .UNSPECIFIED. ) 
 CURVE ( )  GEOMETRIC_REPRESENTATION_ITEM ( )  RATIONAL_B_SPLINE_CURVE ( ( 1.000000000000000000, 0.7071067811865475700, 1.000000000000000000, 0.7071067811865475700, 1.000000000000000000 ) ) 
 REPRESENTATION_ITEM ( '' )  );
#1090 = CARTESIAN_POINT ( 'NONE',  ( 0.0000000000000000000, 0.0000000000000000000, 4.500000000000000000 ) ) ;
#1091 = CARTESIAN_POINT ( 'NONE',  ( 2.005012930814874700, -13.87340975402966100, 0.0000000000000000000 ) ) ;
#1092 = VECTOR ( 'NONE', #1461, 4.005012930814957400 ) ;
#1093 = GEOMETRICALLY_BOUNDED_WIREFRAME_SHAPE_REPRESENTATION ( '', ( #149, #1510 ), #1803 ) ;
#1094 = CARTESIAN_POINT ( 'NONE',  ( -1.000000000000000200, -0.9999999999999998900, 0.7999999999999999300 ) ) ;
#1095 = CARTESIAN_POINT ( 'NONE',  ( 0.0000000000000000000, 0.0000000000000000000, 0.0000000000000000000 ) ) ;
#1096 = CARTESIAN_POINT ( 'NONE',  ( -15.84632453476722900, -2.000000000000037300, 1.000000000000000000 ) ) ;
#1097 = PRODUCT_DEFINITION ( '未知', '', #1130, #110 ) ;
#1098 = CARTESIAN_POINT ( 'NONE',  ( 5.354890757529894100, 9.274942861022825700, 3.741409711877517800 ) ) ;
#1099 = CARTESIAN_POINT ( 'NONE',  ( 1.999999999999997300, 15.84632453476723600, 0.0000000000000000000 ) ) ;
#1100 = B_SPLINE_CURVE_WITH_KNOTS ( 'NONE', 1,
 ( #1604, #651 ),
 .UNSPECIFIED., .F., .F.,
 ( 2, 2 ),
 ( -0.0000000000000000000, 0.004499999999999999700 ),
 .UNSPECIFIED. ) ;
#1101 = CARTESIAN_POINT ( 'NONE',  ( 0.0000000000000000000, 0.0000000000000000000, 1.000000000000000000 ) ) ;
#1102 = CARTESIAN_POINT ( 'NONE',  ( 5.499999999999999100, -5.500000000000000900, 0.0000000000000000000 ) ) ;
#1103 =( BOUNDED_CURVE ( )  B_SPLINE_CURVE ( 2, ( #1616, #1255, #2034 ),
 .UNSPECIFIED., .F., .F. ) 
 B_SPLINE_CURVE_WITH_KNOTS ( ( 3, 3 ),
 ( 6.128725708695402100, 6.283185307179586200 ),
 .UNSPECIFIED. ) 
 CURVE ( )  GEOMETRIC_REPRESENTATION_ITEM ( )  RATIONAL_B_SPLINE_CURVE ( ( 1.000000000000000000, 0.9970192610334746000, 1.000000000000000000 ) ) 
 REPRESENTATION_ITEM ( '' )  );
#1104 = DIRECTION ( 'NONE',  ( 0.0000000000000000000, 0.0000000000000000000, 1.000000000000000000 ) ) ;
#1105 = CARTESIAN_POINT ( 'NONE',  ( -0.7355936306317365500, 0.7259144580217802300, 0.0000000000000000000 ) ) ;
#1106 = DIRECTION ( 'NONE',  ( 1.301042606982622300E-015, -1.000000000000000000, 0.0000000000000000000 ) ) ;
#1107 = CARTESIAN_POINT ( 'NONE',  ( -1.999999999999981800, 14.88209376666334900, 2.000000000000000000 ) ) ;
#1108 = CARTESIAN_POINT ( 'NONE',  ( 13.85640646055101900, 2.000000000000000400, 8.500000000000001800 ) ) ;
#1109 = CARTESIAN_POINT ( 'NONE',  ( -2.250091624415564900, -1.999708549864105000, 0.8000000000000000400 ) ) ;
#1110 = DIRECTION ( 'NONE',  ( 0.8519510868775588300, -0.5236213761566137500, 0.0000000000000000000 ) ) ;
#1111 = CARTESIAN_POINT ( 'NONE',  ( 1.999999999999981800, -15.84632453476723600, 3.000000000000000000 ) ) ;
#1112 = CALENDAR_DATE ( 2026, 12, 9 ) ;
#1113 = B_SPLINE_CURVE_WITH_KNOTS ( 'NONE', 1,
 ( #2026, #1867 ),
 .UNSPECIFIED., .F., .F.,
 ( 2, 2 ),
 ( -0.0000000000000000000, 0.004499999999999999700 ),
 .UNSPECIFIED. ) ;
#1114 = CC_DESIGN_DATE_AND_TIME_ASSIGNMENT ( #1375, #2137, ( #45 ) ) ;
#1115 = CARTESIAN_POINT ( 'NONE',  ( 15.84632453476721500, 2.000000000000147900, 3.000000000000000000 ) ) ;
#1116 = CALENDAR_DATE ( 2026, 12, 9 ) ;
#1117 = DIRECTION ( 'NONE',  ( 0.0000000000000000000, 0.0000000000000000000, 1.000000000000000000 ) ) ;
#1118 = CARTESIAN_POINT ( 'NONE',  ( 2.249757518739515100, -2.000128539727356700, 0.2000000000000000900 ) ) ;
#1119 =( BOUNDED_CURVE ( )  B_SPLINE_CURVE ( 2, ( #1035, #808, #1008, #1404, #2333 ),
 .UNSPECIFIED., .F., .F. ) 
 B_SPLINE_CURVE_WITH_KNOTS ( ( 3, 2, 3 ),
 ( 3.141592653589793100, 4.712388980384689700, 6.283185307179586200 ),
 .UNSPECIFIED. ) 
 CURVE ( )  GEOMETRIC_REPRESENTATION_ITEM ( )  RATIONAL_B_SPLINE_CURVE ( ( 1.000000000000000000, 0.7071067811865475700, 1.000000000000000000, 0.7071067811865475700, 1.000000000000000000 ) ) 
 REPRESENTATION_ITEM ( '' )  );
#1120 = DATE_AND_TIME ( #1952, #2335 ) ;
#1121 = TRIMMED_CURVE ( 'NONE', #2212, ( PARAMETER_VALUE ( 0.0000000000000000000 ), #1253 ), ( PARAMETER_VALUE ( 1.000000000000000000 ), #2029 ), .T., .PARAMETER. ) ;
#1122 = DIRECTION ( 'NONE',  ( 1.293095828386625800E-015, -1.000000000000000000, 0.0000000000000000000 ) ) ;
#1123 = CARTESIAN_POINT ( 'NONE',  ( -15.84632453476728400, 2.000000000000144300, 0.0000000000000000000 ) ) ;
#1124 = B_SPLINE_CURVE_WITH_KNOTS ( 'NONE', 1,
 ( #874, #2204 ),
 .UNSPECIFIED., .F., .F.,
 ( 2, 2 ),
 ( -0.002000000000000000000, 0.001000000000000000000 ),
 .UNSPECIFIED. ) ;
#1125 = CARTESIAN_POINT ( 'NONE',  ( -1.000000000000000200, -0.9999999999999998900, 1.000000000000000000 ) ) ;
#1126 = CARTESIAN_POINT ( 'NONE',  ( 14.00000000000000000, 1.714505518806294600E-015, 8.500000000000001800 ) ) ;
#1127 = CARTESIAN_POINT ( 'NONE',  ( -2.250334105676050200, -2.000128539727361600, 0.8000000000000000400 ) ) ;
#1128 = CARTESIAN_POINT ( 'NONE',  ( 13.00000000000000200, 1.592040838891559300E-015, 7.500000000000000900 ) ) ;
#1129 = CARTESIAN_POINT ( 'NONE',  ( -13.84632453476728200, -2.005012930814825900, 0.0000000000000000000 ) ) ;
#1130 = PRODUCT_DEFINITION_FORMATION_WITH_SPECIFIED_SOURCE ( '任何', '', #194, .NOT_KNOWN. ) ;
#1131 = B_SPLINE_CURVE_WITH_KNOTS ( 'NONE', 1,
 ( #315, #885 ),
 .UNSPECIFIED., .F., .F.,
 ( 2, 2 ),
 ( 0.01387340975402964700, 0.01584632453476726000 ),
 .UNSPECIFIED. ) ;
#1132 = CARTESIAN_POINT ( 'NONE',  ( -1.999999999999981800, 14.88209376666334900, 2.000000000000000000 ) ) ;
#1133 = B_SPLINE_CURVE_WITH_KNOTS ( 'NONE', 1,
 ( #2107, #9 ),
 .UNSPECIFIED., .F., .F.,
 ( 2, 2 ),
 ( 0.0000000000000000000, 0.0005999999999999999500 ),
 .UNSPECIFIED. ) ;
#1134 = APPROVAL_ROLE ( '' ) ;
#1135 = CARTESIAN_POINT ( 'NONE',  ( -1.608122649676636600E-016, 1.000000000000000000, 0.0000000000000000000 ) ) ;
#1136 =( GEOMETRIC_REPRESENTATION_CONTEXT ( 3 ) GLOBAL_UNCERTAINTY_ASSIGNED_CONTEXT ( ( #1598 ) ) GLOBAL_UNIT_ASSIGNED_CONTEXT ( ( #2131, #994, #2322 ) ) REPRESENTATION_CONTEXT ( 'NONE', 'WORKASPACE' ) );
#1137 = TRIMMED_CURVE ( 'NONE', #1533, ( PARAMETER_VALUE ( 0.0000000000000000000 ), #1341 ), ( PARAMETER_VALUE ( 1.000000000000000000 ), #1535 ), .T., .PARAMETER. ) ;
#1138 = CARTESIAN_POINT ( 'NONE',  ( 13.99999999999999800, 1.005154776142878700, 7.500000000000000900 ) ) ;
#1139 = CARTESIAN_POINT ( 'NONE',  ( 15.84632453476708700, -2.000000000000042600, 0.0000000000000000000 ) ) ;
#1140 = APPLICATION_PROTOCOL_DEFINITION ( 'international standard', 'config_control_design', 1994, #1705 ) ;
#1141 = CARTESIAN_POINT ( 'NONE',  ( 2.249757518739515100, -2.000128539727356700, 0.8000000000000000400 ) ) ;
#1142 = ORGANIZATION ( 'NAUO-ORG2', 'UNSPECIFIED', 'UNSPECIFIED' ) ;
#1143 = AXIS2_PLACEMENT_3D ( 'NONE', #1101, #546, #1295 ) ;
#1144 = DATE_AND_TIME ( #2148, #1322 ) ;
#1145 = CARTESIAN_POINT ( 'NONE',  ( 5.000000000000000000, 6.123233995736766300E-016, 2.100000000000000100 ) ) ;
#1146 = B_SPLINE_CURVE_WITH_KNOTS ( 'NONE', 1,
 ( #462, #1250 ),
 .UNSPECIFIED., .F., .F.,
 ( 2, 2 ),
 ( -0.0000000000000000000, 0.004499999999999999700 ),
 .UNSPECIFIED. ) ;
#1147 = CARTESIAN_POINT ( 'NONE',  ( 0.2421057109229765300, 11.21933939212121900, 0.0000000000000000000 ) ) ;
#1148 = CARTESIAN_POINT ( 'NONE',  ( -13.84632453476724100, 2.000000000000144800, 0.0000000000000000000 ) ) ;
#1149 = CALENDAR_DATE ( 2026, 12, 9 ) ;
#1150 = VECTOR ( 'NONE', #2195, 10.00000000000000000 ) ;
#1151 = CARTESIAN_POINT ( 'NONE',  ( -1.836970198721029900E-016, -1.000000000000000000, 1.000000000000000000 ) ) ;
#1152 =( BOUNDED_CURVE ( )  B_SPLINE_CURVE ( 2, ( #2370, #1974, #1216 ),
 .UNSPECIFIED., .F., .F. ) 
 B_SPLINE_CURVE_WITH_KNOTS ( ( 3, 3 ),
 ( 3.141592653589793100, 3.284940222495158500 ),
 .UNSPECIFIED. ) 
 CURVE ( )  GEOMETRIC_REPRESENTATION_ITEM ( )  RATIONAL_B_SPLINE_CURVE ( ( 1.000000000000000000, 0.9974325337111245000, 1.000000000000000000 ) ) 
 REPRESENTATION_ITEM ( '' )  );
#1153 = APPROVAL_ROLE ( '' ) ;
#1154 = CARTESIAN_POINT ( 'NONE',  ( -1.000000000000000000, 0.0000000000000000000, 0.8000000000000000400 ) ) ;
#1155 = LINE ( 'NONE', #790, #2101 ) ;
#1156 = CARTESIAN_POINT ( 'NONE',  ( -0.6069950734001704500, 2.948910772381669900, 1.399999999999999900 ) ) ;
#1157 = DIRECTION ( 'NONE',  ( 0.0000000000000000000, 0.0000000000000000000, 1.000000000000000000 ) ) ;
#1158 =( BOUNDED_CURVE ( )  B_SPLINE_CURVE ( 2, ( #730, #2259, #916, #2059, #1810 ),
 .UNSPECIFIED., .F., .F. ) 
 B_SPLINE_CURVE_WITH_KNOTS ( ( 3, 2, 3 ),
 ( 1.224646799147353200E-016, 1.570796326794896800, 3.141592653589793100 ),
 .UNSPECIFIED. ) 
 CURVE ( )  GEOMETRIC_REPRESENTATION_ITEM ( )  RATIONAL_B_SPLINE_CURVE ( ( 1.000000000000000000, 0.7071067811865475700, 1.000000000000000000, 0.7071067811865475700, 1.000000000000000000 ) ) 
 REPRESENTATION_ITEM ( '' )  );
#1159 = CARTESIAN_POINT ( 'NONE',  ( -2.000000000000018200, -13.88209376666335100, 2.999999999999999600 ) ) ;
#1160 = APPLICATION_PROTOCOL_DEFINITION ( 'international standard', 'config_control_design', 1994, #405 ) ;
#1161 = CARTESIAN_POINT ( 'NONE',  ( 0.6072833668683927900, 2.948411433447147200, 0.8000000000000000400 ) ) ;
#1162 = DIRECTION ( 'NONE',  ( -0.9563047559630352100, 0.2923717047227372700, 0.0000000000000000000 ) ) ;
#1163 = CC_DESIGN_APPROVAL ( #1032, ( #639 ) ) ;
#1164 = B_SPLINE_CURVE_WITH_KNOTS ( 'NONE', 1,
 ( #894, #348 ),
 .UNSPECIFIED., .F., .F.,
 ( 2, 2 ),
 ( 0.0000000000000000000, 0.001964230768103885200 ),
 .UNSPECIFIED. ) ;
#1165 = B_SPLINE_CURVE_WITH_KNOTS ( 'NONE', 1,
 ( #466, #648 ),
 .UNSPECIFIED., .F., .F.,
 ( 2, 2 ),
 ( -0.0000000000000000000, 0.0008000000000000000400 ),
 .UNSPECIFIED. ) ;
#1166 = CARTESIAN_POINT ( 'NONE',  ( -14.88209376666335600, 1.999999999999966200, 2.000000000000000000 ) ) ;
#1167 = DIRECTION ( 'NONE',  ( 0.0000000000000000000, 0.0000000000000000000, 1.000000000000000000 ) ) ;
#1168 = B_SPLINE_CURVE_WITH_KNOTS ( 'NONE', 1,
 ( #1694, #554 ),
 .UNSPECIFIED., .F., .F.,
 ( 2, 2 ),
 ( -0.002005012930815423900, -0.002000000000000544700 ),
 .UNSPECIFIED. ) ;
#1169 = CARTESIAN_POINT ( 'NONE',  ( -1.999999999999951800, -13.85640646055102800, 8.500000000000001800 ) ) ;
#1170 = DIRECTION ( 'NONE',  ( -0.9563047559630353200, 0.2923717047227373200, 0.0000000000000000000 ) ) ;
#1171 = APPROVAL_PERSON_ORGANIZATION ( #679, #424, #653 ) ;
#1172 = PERSON ( 'NAUO-PER1', 'UNSPECIFIED', 'UNSPECIFIED', ('UNSPECIFIED'), ('UNSPECIFIED'), ('UNSPECIFIED') ) ;
#1173 = CARTESIAN_POINT ( 'NONE',  ( -13.87340975402966800, -2.005012930814822300, 0.0000000000000000000 ) ) ;
#1174 = COORDINATED_UNIVERSAL_TIME_OFFSET ( 8, 0, .AHEAD. ) ;
#1175 = APPROVAL_ROLE ( '' ) ;
#1176 = COORDINATED_UNIVERSAL_TIME_OFFSET ( 8, 0, .AHEAD. ) ;
#1177 = B_SPLINE_CURVE_WITH_KNOTS ( 'NONE', 1,
 ( #2052, #129 ),
 .UNSPECIFIED., .F., .F.,
 ( 2, 2 ),
 ( -0.001199999999999999700, 0.0000000000000000000 ),
 .UNSPECIFIED. ) ;
#1178 = VECTOR ( 'NONE', #2271, 3.999999999999995600 ) ;
#1179 = CC_DESIGN_PERSON_AND_ORGANIZATION_ASSIGNMENT ( #2305, #246, ( #1858 ) ) ;
#1180 = CARTESIAN_POINT ( 'NONE',  ( 2.000000000000018200, 13.88209376666335100, 2.999999999999999600 ) ) ;
#1181 =( BOUNDED_CURVE ( )  B_SPLINE_CURVE ( 2, ( #2451, #742, #2256 ),
 .UNSPECIFIED., .F., .F. ) 
 B_SPLINE_CURVE_WITH_KNOTS ( ( 3, 3 ),
 ( 4.557929381900502000, 4.866848578868870200 ),
 .UNSPECIFIED. ) 
 CURVE ( )  GEOMETRIC_REPRESENTATION_ITEM ( )  RATIONAL_B_SPLINE_CURVE ( ( 1.000000000000000000, 0.9880948137434714100, 1.000000000000000000 ) ) 
 REPRESENTATION_ITEM ( '' )  );
#1182 = CARTESIAN_POINT ( 'NONE',  ( -2.005012930814970700, 13.87340975402964800, 0.0000000000000000000 ) ) ;
#1183 = APPROVAL_ROLE ( '' ) ;
#1184 = CARTESIAN_POINT ( 'NONE',  ( 13.85640646055102100, 2.000000000000000400, 7.500000000000000900 ) ) ;
#1185 = CARTESIAN_POINT ( 'NONE',  ( -0.7355936306317365500, 0.7259144580217802300, 4.500000000000000000 ) ) ;
#1186 = CARTESIAN_POINT ( 'NONE',  ( 1.999999999999981800, -15.84632453476723600, 1.000000000000000000 ) ) ;
#1187 = B_SPLINE_CURVE_WITH_KNOTS ( 'NONE', 1,
 ( #1452, #1835 ),
 .UNSPECIFIED., .F., .F.,
 ( 2, 2 ),
 ( 0.0000000000000000000, 0.002103303284701583000 ),
 .UNSPECIFIED. ) ;
#1188 = APPROVAL_STATUS ( 'not_yet_approved' ) ;
#1189 = DIRECTION ( 'NONE',  ( 0.0000000000000000000, 0.0000000000000000000, 1.000000000000000000 ) ) ;
#1190 =( BOUNDED_CURVE ( )  B_SPLINE_CURVE ( 2, ( #1856, #2061, #2053 ),
 .UNSPECIFIED., .F., .F. ) 
 B_SPLINE_CURVE_WITH_KNOTS ( ( 3, 3 ),
 ( 4.855917213794599600, 6.140018398067761400 ),
 .UNSPECIFIED. ) 
 CURVE ( )  GEOMETRIC_REPRESENTATION_ITEM ( )  RATIONAL_B_SPLINE_CURVE ( ( 1.000000000000000000, 0.8008694680895526200, 1.000000000000000000 ) ) 
 REPRESENTATION_ITEM ( '' )  );
#1191 = CARTESIAN_POINT ( 'NONE',  ( -14.00000000000000400, -13.99999999999999800, 9.500000000000001800 ) ) ;
#1192 = CC_DESIGN_DATE_AND_TIME_ASSIGNMENT ( #1609, #1206, ( #1064 ) ) ;
#1193 = B_SPLINE_CURVE_WITH_KNOTS ( 'NONE', 1,
 ( #2035, #303 ),
 .UNSPECIFIED., .F., .F.,
 ( 2, 2 ),
 ( -0.002250334105676052600, 0.002249757518739513800 ),
 .UNSPECIFIED. ) ;
#1194 = CARTESIAN_POINT ( 'NONE',  ( 0.09508313639458240700, 0.7646888231784224600, 0.7414097118775230300 ) ) ;
#1195 = CARTESIAN_POINT ( 'NONE',  ( 1.999999999999998200, 13.87413330828056200, 1.000000000000000000 ) ) ;
#1196 = PERSON_AND_ORGANIZATION_ROLE ( 'classification_officer' ) ;
#1197 = TRIMMED_CURVE ( 'NONE', #1997, ( PARAMETER_VALUE ( 0.0000000000000000000 ), #1485 ), ( PARAMETER_VALUE ( 1.000000000000000000 ), #1681 ), .T., .PARAMETER. ) ;
#1198 = DATE_AND_TIME ( #392, #2119 ) ;
#1199 = CARTESIAN_POINT ( 'NONE',  ( 14.00000000000000000, -3.429011037612589300E-015, 9.500000000000001800 ) ) ;
#1200 = PERSON_AND_ORGANIZATION ( #187, #2179 ) ;
#1201 = SHAPE_REPRESENTATION_RELATIONSHIP ( 'NONE' , 'NONE' ,  #899, #1093 ) ;
#1202 = DATE_AND_TIME ( #779, #2028 ) ;
#1203 = CARTESIAN_POINT ( 'NONE',  ( 6.524697460949623100, 13.04085346853606700, 4.498529725452346600 ) ) ;
#1204 = CARTESIAN_POINT ( 'NONE',  ( 13.88209376666337200, -1.999999999999873000, 2.000000000000000000 ) ) ;
#1205 = LOCAL_TIME ( 18, 31, 31.00000000000000000, #1742 ) ;
#1206 = DATE_TIME_ROLE ( 'classification_date' ) ;
#1207 = VECTOR ( 'NONE', #224, 0.4000000000000045200 ) ;
#1208 = TRIMMED_CURVE ( 'NONE', #1798, ( PARAMETER_VALUE ( 0.0000000000000000000 ), #1915 ), ( PARAMETER_VALUE ( 1.284101184273148700 ), #1883 ), .T., .PARAMETER. ) ;
#1209 =( BOUNDED_CURVE ( )  B_SPLINE_CURVE ( 2, ( #1908, #2085, #591 ),
 .UNSPECIFIED., .F., .F. ) 
 B_SPLINE_CURVE_WITH_KNOTS ( ( 3, 3 ),
 ( 5.133798233967469900, 6.283185307179586200 ),
 .UNSPECIFIED. ) 
 CURVE ( )  GEOMETRIC_REPRESENTATION_ITEM ( )  RATIONAL_B_SPLINE_CURVE ( ( 1.000000000000000000, 0.8393589284653505400, 1.000000000000000000 ) ) 
 REPRESENTATION_ITEM ( '' )  );
#1210 = CC_DESIGN_SECURITY_CLASSIFICATION ( #1998, ( #2457 ) ) ;
#1211 = CARTESIAN_POINT ( 'NONE',  ( -2.000000000000048400, 13.85640646055101200, 8.500000000000001800 ) ) ;
#1212 = UNCERTAINTY_MEASURE_WITH_UNIT (LENGTH_MEASURE( 1.000000000000000100E-005 ), #409, 'distance_accuracy_value', 'NONE');
#1213 = LINE ( 'NONE', #1736, #1652 ) ;
#1214 = CARTESIAN_POINT ( 'NONE',  ( -5.000000000000000900, -4.999999999999999100, 1.599999999999999900 ) ) ;
#1215 = DATE_TIME_ROLE ( 'classification_date' ) ;
#1216 = CARTESIAN_POINT ( 'NONE',  ( 13.85640646055101900, -1.999999999999998700, 7.500000000000000900 ) ) ;
#1217 = PERSON ( 'NAUO-PER5', 'UNSPECIFIED', 'UNSPECIFIED', ('UNSPECIFIED'), ('UNSPECIFIED'), ('UNSPECIFIED') ) ;
#1218 = B_SPLINE_CURVE_WITH_KNOTS ( 'NONE', 1,
 ( #807, #1776 ),
 .UNSPECIFIED., .F., .F.,
 ( 2, 2 ),
 ( 0.0000000000000000000, 0.004399999999999995100 ),
 .UNSPECIFIED. ) ;
#1219 = CARTESIAN_POINT ( 'NONE',  ( 9.524697460949624900, 13.42660781724169200, 4.498529725452346600 ) ) ;
#1220 = CARTESIAN_POINT ( 'NONE',  ( 13.87413330828055700, -2.000000000000048000, 1.000000000000000000 ) ) ;
#1221 = PRODUCT_RELATED_PRODUCT_CATEGORY ( 'detail', '', ( #54 ) ) ;
#1222 = B_SPLINE_CURVE_WITH_KNOTS ( 'NONE', 1,
 ( #1966, #1017 ),
 .UNSPECIFIED., .F., .F.,
 ( 2, 2 ),
 ( 0.0001435935394489811600, 0.001154767421334870800 ),
 .UNSPECIFIED. ) ;
#1223 = CARTESIAN_POINT ( 'NONE',  ( -2.000000000000045300, 12.84523257866512400, 7.500000000000000900 ) ) ;
#1224 = CARTESIAN_POINT ( 'NONE',  ( -2.250334105676050200, -2.000128539727361600, 0.2000000000000000900 ) ) ;
#1225 = CARTESIAN_POINT ( 'NONE',  ( 5.000000000000000000, 6.123233995736766300E-016, 1.600000000000000100 ) ) ;
#1226 = CARTESIAN_POINT ( 'NONE',  ( 4.052617487574508500, 9.019339392121231900, 4.500000000000000000 ) ) ;
#1227 = CARTESIAN_POINT ( 'NONE',  ( -5.000000000000000000, -1.224646799147353300E-015, 0.0000000000000000000 ) ) ;
#1228 =( BOUNDED_CURVE ( )  B_SPLINE_CURVE ( 2, ( #2165, #628, #1780 ),
 .UNSPECIFIED., .F., .F. ) 
 B_SPLINE_CURVE_WITH_KNOTS ( ( 3, 3 ),
 ( 4.290864838967158900, 5.133798233967469900 ),
 .UNSPECIFIED. ) 
 CURVE ( )  GEOMETRIC_REPRESENTATION_ITEM ( )  RATIONAL_B_SPLINE_CURVE ( ( 1.000000000000000000, 0.9124898971705696100, 1.000000000000000000 ) ) 
 REPRESENTATION_ITEM ( '' )  );
#1229 = DATE_AND_TIME ( #38, #1848 ) ;
#1230 = PERSON_AND_ORGANIZATION_ROLE ( 'classification_officer' ) ;
#1231 = APPROVAL_DATE_TIME ( #1739, #1685 ) ;
#1232 = CARTESIAN_POINT ( 'NONE',  ( -12.84523257866513100, 2.000000000000000400, 7.500000000000000900 ) ) ;
#1233 = APPROVAL_DATE_TIME ( #782, #535 ) ;
#1234 = CARTESIAN_POINT ( 'NONE',  ( -2.250334105676050200, -2.000128539727361600, 0.8000000000000000400 ) ) ;
#1235 = LINE ( 'NONE', #1359, #722 ) ;
#1236 = CARTESIAN_POINT ( 'NONE',  ( 9.524697460949624900, 12.22660781724169100, 4.498529725452346600 ) ) ;
#1237 = CARTESIAN_POINT ( 'NONE',  ( 5.500000000000000900, -5.499999999999999100, 0.5000000000000000000 ) ) ;
#1238 = VECTOR ( 'NONE', #550, 3.023971845403351700 ) ;
#1239 = TRIMMED_CURVE ( 'NONE', #1155, ( PARAMETER_VALUE ( 0.0000000000000000000 ), #28 ), ( PARAMETER_VALUE ( 1.000000000000000000 ), #1542 ), .T., .PARAMETER. ) ;
#1240 = B_SPLINE_CURVE_WITH_KNOTS ( 'NONE', 1,
 ( #500, #888 ),
 .UNSPECIFIED., .F., .F.,
 ( 2, 2 ),
 ( -0.0005999999999999999500, 0.0000000000000000000 ),
 .UNSPECIFIED. ) ;
#1241 = APPROVAL ( #229, '未指定' ) ;
#1242 = CARTESIAN_POINT ( 'NONE',  ( -13.00000000000000200, -1.005988238676660800, 8.500000000000001800 ) ) ;
#1243 = B_SPLINE_CURVE_WITH_KNOTS ( 'NONE', 1,
 ( #1344, #2320 ),
 .UNSPECIFIED., .F., .F.,
 ( 2, 2 ),
 ( 0.0000000000000000000, 0.004000000000000000100 ),
 .UNSPECIFIED. ) ;
#1244 = CARTESIAN_POINT ( 'NONE',  ( -5.500000000000000000, 6.735557395310442000E-016, 0.8000000000000000400 ) ) ;
#1245 = CARTESIAN_POINT ( 'NONE',  ( 5.095083136394562100, 9.424942861022824300, 3.741409711877517800 ) ) ;
#1246 = CARTESIAN_POINT ( 'NONE',  ( 1.999999999999981800, -14.88209376666334900, 1.000000000000000000 ) ) ;
#1247 = AXIS2_PLACEMENT_3D ( 'NONE', #1698, #757, #1511 ) ;
#1248 = B_SPLINE_CURVE_WITH_KNOTS ( 'NONE', 1,
 ( #2185, #484 ),
 .UNSPECIFIED., .F., .F.,
 ( 2, 2 ),
 ( -0.0000000000000000000, 0.004499999999999999700 ),
 .UNSPECIFIED. ) ;
#1249 = DIRECTION ( 'NONE',  ( 0.9563047559630354400, 0.2923717047227373200, 0.0000000000000000000 ) ) ;
#1250 = CARTESIAN_POINT ( 'NONE',  ( 0.7885158724367333800, 11.36574955363496600, 0.0000000000000000000 ) ) ;
#1251 = CARTESIAN_POINT ( 'NONE',  ( 1.000000000000000000, -2.449293598294706400E-016, 0.0000000000000000000 ) ) ;
#1252 = B_SPLINE_CURVE_WITH_KNOTS ( 'NONE', 1,
 ( #214, #2138 ),
 .UNSPECIFIED., .F., .F.,
 ( 2, 2 ),
 ( 0.0009999999999999991500, 0.002000000000000000900 ),
 .UNSPECIFIED. ) ;
#1253 = CARTESIAN_POINT ( 'NONE',  ( 5.354890757529894100, 9.274942861022825700, 3.741409711877517800 ) ) ;
#1254 = APPROVAL ( #1527, '未指定' ) ;
#1255 = CARTESIAN_POINT ( 'NONE',  ( -13.00000000000000200, -1.005988238676661000, 7.500000000000000900 ) ) ;
#1256 = COORDINATED_UNIVERSAL_TIME_OFFSET ( 8, 0, .AHEAD. ) ;
#1257 = CARTESIAN_POINT ( 'NONE',  ( -2.250334105676046200, -5.018565174711909500, 0.2000000000000000900 ) ) ;
#1258 = ITEM_DEFINED_TRANSFORMATION ( 'NONE', 'NONE', #549,  #1510 ) ;
#1259 = CARTESIAN_POINT ( 'NONE',  ( 9.524697460949624900, 12.22660781724169100, -0.001470274547651917500 ) ) ;
#1260 = CARTESIAN_POINT ( 'NONE',  ( 1.999999999999981800, -14.88209376666334900, 2.000000000000000000 ) ) ;
#1261 = COORDINATED_UNIVERSAL_TIME_OFFSET ( 8, 0, .AHEAD. ) ;
#1262 = CARTESIAN_POINT ( 'NONE',  ( 6.524697460949623100, 12.22660781724169100, -0.001470274547651917500 ) ) ;
#1263 = CARTESIAN_POINT ( 'NONE',  ( -13.88209376666334400, -2.000000000000030200, 2.999999999999999600 ) ) ;
#1264 = DATE_AND_TIME ( #1149, #2238 ) ;
#1265 = CARTESIAN_POINT ( 'NONE',  ( -1.836970198721029900E-016, -1.000000000000000000, 1.000000000000000000 ) ) ;
#1266 = B_SPLINE_CURVE_WITH_KNOTS ( 'NONE', 1,
 ( #47, #1186 ),
 .UNSPECIFIED., .F., .F.,
 ( 2, 2 ),
 ( -0.0009642307681038858900, 0.0000000000000000000 ),
 .UNSPECIFIED. ) ;
#1267 = CARTESIAN_POINT ( 'NONE',  ( 4.252617487574490000, 9.365749553634977100, 0.0000000000000000000 ) ) ;
#1268 = CARTESIAN_POINT ( 'NONE',  ( -1.000000000000000000, 1.224646799147353200E-016, 0.0000000000000000000 ) ) ;
#1269 = B_SPLINE_CURVE_WITH_KNOTS ( 'NONE', 1,
 ( #2348, #457 ),
 .UNSPECIFIED., .F., .F.,
 ( 2, 2 ),
 ( 0.002000128539727359900, 0.005018823677603649800 ),
 .UNSPECIFIED. ) ;
#1270 = AXIS2_PLACEMENT_3D ( 'NONE', #2240, #135, #1871 ) ;
#1271 = CARTESIAN_POINT ( 'NONE',  ( 0.0000000000000000000, 0.0000000000000000000, 0.0000000000000000000 ) ) ;
#1272 = CARTESIAN_POINT ( 'NONE',  ( -13.87413330828054300, 2.000000000000144800, 1.000000000000000000 ) ) ;
#1273 = B_SPLINE_CURVE_WITH_KNOTS ( 'NONE', 1,
 ( #713, #1455 ),
 .UNSPECIFIED., .F., .F.,
 ( 2, 2 ),
 ( -0.0000000000000000000, 0.0005000000000000000100 ),
 .UNSPECIFIED. ) ;
#1274 = CARTESIAN_POINT ( 'NONE',  ( 1.000000000000000000, -2.449293598294706400E-016, 1.000000000000000000 ) ) ;
#1275 = CARTESIAN_POINT ( 'NONE',  ( 5.095083136394562100, 9.424942861022824300, 0.7414097118775241400 ) ) ;
#1276 = CARTESIAN_POINT ( 'NONE',  ( 19.52469746094962500, 13.42660781724169200, 2.248529725452347500 ) ) ;
#1277 = DESIGN_CONTEXT ( 'detailed design', #1552, 'design' ) ;
#1278 = B_SPLINE_CURVE_WITH_KNOTS ( 'NONE', 1,
 ( #2332, #1781 ),
 .UNSPECIFIED., .F., .F.,
 ( 2, 2 ),
 ( -0.0000000000000000000, 0.004499999999999999700 ),
 .UNSPECIFIED. ) ;
#1279 = CARTESIAN_POINT ( 'NONE',  ( 0.0000000000000000000, 2.000000000000000400, 8.500000000000001800 ) ) ;
#1280 = B_SPLINE_CURVE_WITH_KNOTS ( 'NONE', 1,
 ( #1600, #1577 ),
 .UNSPECIFIED., .F., .F.,
 ( 2, 2 ),
 ( 0.0009999999999999991500, 0.002000000000000000900 ),
 .UNSPECIFIED. ) ;
#1281 = CARTESIAN_POINT ( 'NONE',  ( 0.0000000000000000000, 0.0000000000000000000, 0.0000000000000000000 ) ) ;
#1282 = DIRECTION ( 'NONE',  ( 0.0000000000000000000, 0.0000000000000000000, -1.000000000000000000 ) ) ;
#1283 = CC_DESIGN_DATE_AND_TIME_ASSIGNMENT ( #241, #1215, ( #639 ) ) ;
#1284 = CARTESIAN_POINT ( 'NONE',  ( -2.005012930814970700, 15.84632453476726100, 1.000000000000000000 ) ) ;
#1285 = DIRECTION ( 'NONE',  ( -0.8660254037844432600, 2.403703357979461200E-017, -0.4999999999999919500 ) ) ;
#1286 = CARTESIAN_POINT ( 'NONE',  ( -5.500000000000000000, 6.735557395310442000E-016, 0.0000000000000000000 ) ) ;
#1287 = PERSON_AND_ORGANIZATION ( #187, #2179 ) ;
#1288 = APPROVAL_PERSON_ORGANIZATION ( #156, #1254, #2103 ) ;
#1289 = CARTESIAN_POINT ( 'NONE',  ( 6.524697460949623100, 13.42660781724169200, -0.001470274547651917500 ) ) ;
#1290 = CARTESIAN_POINT ( 'NONE',  ( 2.005012930814861000, -15.84632453476727300, 1.000000000000000000 ) ) ;
#1291 = LINE ( 'NONE', #703, #2414 ) ;
#1292 = TRIMMED_CURVE ( 'NONE', #399, ( PARAMETER_VALUE ( 0.0000000000000000000 ), #1300 ), ( PARAMETER_VALUE ( 1.000000000000000200 ), #347 ), .T., .PARAMETER. ) ;
#1293 = CIRCLE ( 'NONE', #727, 14.01754525785239600 ) ;
#1294 = PERSON_AND_ORGANIZATION ( #187, #2179 ) ;
#1295 = DIRECTION ( 'NONE',  ( 0.9563047559630353200, 0.2923717047227373200, 0.0000000000000000000 ) ) ;
#1296 = CARTESIAN_POINT ( 'NONE',  ( -5.500000000000000000, 6.735557395310442000E-016, 0.8000000000000000400 ) ) ;
#1297 = B_SPLINE_CURVE_WITH_KNOTS ( 'NONE', 1,
 ( #855, #2005 ),
 .UNSPECIFIED., .F., .F.,
 ( 2, 2 ),
 ( 0.01387340975402964700, 0.01584632453476726000 ),
 .UNSPECIFIED. ) ;
#1298 = B_SPLINE_CURVE_WITH_KNOTS ( 'NONE', 1,
 ( #279, #2189 ),
 .UNSPECIFIED., .F., .F.,
 ( 2, 2 ),
 ( 0.0000000000000000000, 0.0005999999999999999500 ),
 .UNSPECIFIED. ) ;
#1299 = CARTESIAN_POINT ( 'NONE',  ( 2.249757518739515100, -2.000128539727356700, 0.8000000000000000400 ) ) ;
#1300 = CARTESIAN_POINT ( 'NONE',  ( 4.052617487574508500, 9.019339392121231900, 0.0000000000000000000 ) ) ;
#1301 = B_SPLINE_CURVE_WITH_KNOTS ( 'NONE', 1,
 ( #900, #1099 ),
 .UNSPECIFIED., .F., .F.,
 ( 2, 2 ),
 ( -0.002000000000000000000, 0.001000000000000000000 ),
 .UNSPECIFIED. ) ;
#1302 = CARTESIAN_POINT ( 'NONE',  ( 2.000000000000018200, 14.88209376666334900, 2.000000000000000000 ) ) ;
#1303 = CC_DESIGN_DATE_AND_TIME_ASSIGNMENT ( #218, #197, ( #1045 ) ) ;
#1304 = B_SPLINE_CURVE_WITH_KNOTS ( 'NONE', 1,
 ( #1449, #1833 ),
 .UNSPECIFIED., .F., .F.,
 ( 2, 2 ),
 ( -0.0000000000000000000, 0.001000000000000000000 ),
 .UNSPECIFIED. ) ;
#1305 = CARTESIAN_POINT ( 'NONE',  ( -1.999999999999981800, 14.88209376666334900, 2.000000000000000000 ) ) ;
#1306 = CARTESIAN_POINT ( 'NONE',  ( 0.0000000000000000000, 0.0000000000000000000, 0.0000000000000000000 ) ) ;
#1307 = CARTESIAN_POINT ( 'NONE',  ( 2.249757518739518200, -5.018823677603647200, 0.8000000000000000400 ) ) ;
#1308 = CARTESIAN_POINT ( 'NONE',  ( -2.000000000000095900, -13.84632453476724800, 0.0000000000000000000 ) ) ;
#1309 = B_SPLINE_CURVE_WITH_KNOTS ( 'NONE', 1,
 ( #329, #526 ),
 .UNSPECIFIED., .F., .F.,
 ( 2, 2 ),
 ( -0.0000000000000000000, 0.001964230768103885200 ),
 .UNSPECIFIED. ) ;
#1310 = CARTESIAN_POINT ( 'NONE',  ( -5.500000000000000000, 5.499999999999999100, 0.0000000000000000000 ) ) ;
#1311 = B_SPLINE_CURVE_WITH_KNOTS ( 'NONE', 1,
 ( #23, #12 ),
 .UNSPECIFIED., .F., .F.,
 ( 2, 2 ),
 ( -0.002250334105676051800, 0.002249757518739512900 ),
 .UNSPECIFIED. ) ;
#1312 = DIRECTION ( 'NONE',  ( 0.9563047559630353200, 0.2923717047227373200, 0.0000000000000000000 ) ) ;
#1313 = TRIMMED_CURVE ( 'NONE', #277, ( PARAMETER_VALUE ( 0.0000000000000000000 ), #2318 ), ( PARAMETER_VALUE ( 1.000000000000000000 ), #1363 ), .T., .PARAMETER. ) ;
#1314 = APPROVAL_DATE_TIME ( #1198, #1032 ) ;
#1315 = CARTESIAN_POINT ( 'NONE',  ( 13.99999999999999800, 14.00000000000000400, 9.500000000000001800 ) ) ;
#1316 = CARTESIAN_POINT ( 'NONE',  ( 0.7885158724367333800, 11.36574955363496600, 0.0000000000000000000 ) ) ;
#1317 = DIRECTION ( 'NONE',  ( 0.0000000000000000000, 0.0000000000000000000, 1.000000000000000000 ) ) ;
#1318 = PRODUCT_DEFINITION_SHAPE ( 'NONE', 'NONE',  #1702 ) ;
#1319 = CONTEXT_DEPENDENT_SHAPE_REPRESENTATION ( #56, #966 ) ;
#1320 = CC_DESIGN_PERSON_AND_ORGANIZATION_ASSIGNMENT ( #1431, #62, ( #1064 ) ) ;
#1321 = CARTESIAN_POINT ( 'NONE',  ( 2.000000000000018200, 14.88209376666334900, 2.000000000000000000 ) ) ;
#1322 = LOCAL_TIME ( 18, 31, 31.00000000000000000, #247 ) ;
#1323 = APPROVAL_STATUS ( 'not_yet_approved' ) ;
#1324 = CARTESIAN_POINT ( 'NONE',  ( -0.6069950734001704500, 2.948910772381669900, 1.399999999999999900 ) ) ;
#1325 = LINE ( 'NONE', #335, #843 ) ;
#1326 = LINE ( 'NONE', #2227, #756 ) ;
#1327 = CARTESIAN_POINT ( 'NONE',  ( 0.0000000000000000000, 0.0000000000000000000, 1.600000000000000100 ) ) ;
#1328 = CARTESIAN_POINT ( 'NONE',  ( -1.000000000000000200, -0.9999999999999998900, 0.0000000000000000000 ) ) ;
#1329 = CARTESIAN_POINT ( 'NONE',  ( 1.524697460949611600, 12.64085346853604400, 0.0000000000000000000 ) ) ;
#1330 = CARTESIAN_POINT ( 'NONE',  ( -13.84632453476728200, -2.005012930814825900, 0.0000000000000000000 ) ) ;
#1331 = CARTESIAN_POINT ( 'NONE',  ( -1.000000000000000000, 1.224646799147353200E-016, 1.000000000000000000 ) ) ;
#1332 =( BOUNDED_CURVE ( )  B_SPLINE_CURVE ( 2, ( #506, #312, #678 ),
 .UNSPECIFIED., .F., .F. ) 
 B_SPLINE_CURVE_WITH_KNOTS ( ( 3, 3 ),
 ( 2.987133055105609000, 3.141592653589793100 ),
 .UNSPECIFIED. ) 
 CURVE ( )  GEOMETRIC_REPRESENTATION_ITEM ( )  RATIONAL_B_SPLINE_CURVE ( ( 1.000000000000000000, 0.9970192610334746000, 1.000000000000000000 ) ) 
 REPRESENTATION_ITEM ( '' )  );
#1333 =( NAMED_UNIT ( * ) PLANE_ANGLE_UNIT ( ) SI_UNIT ( $, .RADIAN. ) );
#1334 = CARTESIAN_POINT ( 'NONE',  ( -1.000000000000000000, 1.224646799147353200E-016, 1.600000000000000100 ) ) ;
#1335 = CARTESIAN_POINT ( 'NONE',  ( -14.00000000000000000, 1.714505518806294600E-015, 9.500000000000001800 ) ) ;
#1336 = CARTESIAN_POINT ( 'NONE',  ( -1.836970198721029900E-016, -1.000000000000000000, 0.8000000000000000400 ) ) ;
#1337 = CARTESIAN_POINT ( 'NONE',  ( 2.005012930814874700, -13.84632453476727500, 0.0000000000000000000 ) ) ;
#1338 = CC_DESIGN_APPROVAL ( #991, ( #45 ) ) ;
#1339 = PERSON_AND_ORGANIZATION_ROLE ( 'creator' ) ;
#1340 = CARTESIAN_POINT ( 'NONE',  ( 3.221550042549819800, 4.457759002385306400, 1.399999999999999900 ) ) ;
#1341 = CARTESIAN_POINT ( 'NONE',  ( 13.84632453476727000, 2.005012930814922700, 0.0000000000000000000 ) ) ;
#1342 = B_SPLINE_CURVE_WITH_KNOTS ( 'NONE', 1,
 ( #1069, #1807 ),
 .UNSPECIFIED., .F., .F.,
 ( 2, 2 ),
 ( -0.0009642307681038858900, 0.0000000000000000000 ),
 .UNSPECIFIED. ) ;
#1343 =( BOUNDED_CURVE ( )  B_SPLINE_CURVE ( 2, ( #523, #1074, #1834, #325, #1851 ),
 .UNSPECIFIED., .F., .F. ) 
 B_SPLINE_CURVE_WITH_KNOTS ( ( 3, 2, 3 ),
 ( 1.224646799147353200E-016, 1.570796326794896800, 3.141592653589793100 ),
 .UNSPECIFIED. ) 
 CURVE ( )  GEOMETRIC_REPRESENTATION_ITEM ( )  RATIONAL_B_SPLINE_CURVE ( ( 1.000000000000000000, 0.7071067811865475700, 1.000000000000000000, 0.7071067811865475700, 1.000000000000000000 ) ) 
 REPRESENTATION_ITEM ( '' )  );
#1344 = CARTESIAN_POINT ( 'NONE',  ( -14.88209376666334400, -2.000000000000033800, 2.000000000000000000 ) ) ;
#1345 = PERSON_AND_ORGANIZATION_ROLE ( 'design_owner' ) ;
#1346 = CARTESIAN_POINT ( 'NONE',  ( 2.249757518739515100, -2.000128539727356700, 0.8000000000000000400 ) ) ;
#1347 = APPROVAL_PERSON_ORGANIZATION ( #1790, #2220, #1592 ) ;
#1348 = B_SPLINE_CURVE_WITH_KNOTS ( 'NONE', 1,
 ( #543, #949 ),
 .UNSPECIFIED., .F., .F.,
 ( 2, 2 ),
 ( 0.0000000000000000000, 0.001000000000000000000 ),
 .UNSPECIFIED. ) ;
#1349 = CC_DESIGN_APPROVAL ( #1734, ( #1006 ) ) ;
#1350 = DATE_AND_TIME ( #2351, #2449 ) ;
#1351 = CARTESIAN_POINT ( 'NONE',  ( -2.250334105676050200, -2.000128539727361600, 1.399999999999999900 ) ) ;
#1352 = COORDINATED_UNIVERSAL_TIME_OFFSET ( 8, 0, .AHEAD. ) ;
#1353 = CARTESIAN_POINT ( 'NONE',  ( -14.88209376666335600, 1.999999999999966200, 1.000000000000000000 ) ) ;
#1354 = VECTOR ( 'NONE', #1910, 4.005012930814949400 ) ;
#1355 = LINE ( 'NONE', #1687, #1059 ) ;
#1356 = B_SPLINE_CURVE_WITH_KNOTS ( 'NONE', 1,
 ( #264, #1053 ),
 .UNSPECIFIED., .F., .F.,
 ( 2, 2 ),
 ( 1.470274547652784800E-006, 0.004499999999999999700 ),
 .UNSPECIFIED. ) ;
#1357 = LINE ( 'NONE', #1308, #403 ) ;
#1358 = CARTESIAN_POINT ( 'NONE',  ( -2.000000000000048800, 13.85640646055101400, 8.500000000000001800 ) ) ;
#1359 = CARTESIAN_POINT ( 'NONE',  ( 2.000000000000018200, 15.84632453476723600, 3.000000000000000000 ) ) ;
#1360 = B_SPLINE_CURVE_WITH_KNOTS ( 'NONE', 1,
 ( #268, #440 ),
 .UNSPECIFIED., .F., .F.,
 ( 2, 2 ),
 ( -0.007500000000000002300, -0.006500000000000000600 ),
 .UNSPECIFIED. ) ;
#1361 = SECURITY_CLASSIFICATION_LEVEL ( 'unclassified' ) ;
#1362 = CARTESIAN_POINT ( 'NONE',  ( 1.999999999999855200, 13.85640646055104200, 8.500000000000001800 ) ) ;
#1363 = CARTESIAN_POINT ( 'NONE',  ( 2.000000000000018200, 15.84632453476723600, 3.000000000000000000 ) ) ;
#1364 = APPROVAL ( #2156, 'UNKNOWN' ) ;
#1365 = CARTESIAN_POINT ( 'NONE',  ( -0.3629890694111165800, -0.9973042717158877600, 0.3629890694111166400 ) ) ;
#1366 = CARTESIAN_POINT ( 'NONE',  ( 14.88209376666337000, -1.999999999999862600, 2.000000000000000000 ) ) ;
#1367 = TRIMMED_CURVE ( 'NONE', #459, ( PARAMETER_VALUE ( 0.0000000000000000000 ), #1504 ), ( PARAMETER_VALUE ( 0.9999999999999997800 ), #1891 ), .T., .PARAMETER. ) ;
#1368 = SECURITY_CLASSIFICATION_LEVEL ( 'unclassified' ) ;
#1369 = B_SPLINE_CURVE_WITH_KNOTS ( 'NONE', 1,
 ( #1383, #450 ),
 .UNSPECIFIED., .F., .F.,
 ( 2, 2 ),
 ( -0.002005012930815067000, 0.001999999999999901200 ),
 .UNSPECIFIED. ) ;
#1370 = CARTESIAN_POINT ( 'NONE',  ( -13.00000000000000200, -1.592040838891559300E-015, 1.000000000000000900 ) ) ;
#1371 = B_SPLINE_CURVE_WITH_KNOTS ( 'NONE', 1,
 ( #1468, #882 ),
 .UNSPECIFIED., .F., .F.,
 ( 2, 2 ),
 ( 0.0000000000000000000, 0.0005999999999999999500 ),
 .UNSPECIFIED. ) ;
#1372 = LOCAL_TIME ( 18, 31, 31.00000000000000000, #1399 ) ;
#1373 = CARTESIAN_POINT ( 'NONE',  ( 1.524697460949611600, 12.64085346853604400, 0.0000000000000000000 ) ) ;
#1374 = CARTESIAN_POINT ( 'NONE',  ( -5.000000000000000000, 4.999999999999999100, 0.5000000000000000000 ) ) ;
#1375 = DATE_AND_TIME ( #929, #1884 ) ;
#1376 = B_SPLINE_CURVE_WITH_KNOTS ( 'NONE', 1,
 ( #1263, #1651 ),
 .UNSPECIFIED., .F., .F.,
 ( 2, 2 ),
 ( 0.0000000000000000000, 0.0009999999999999995900 ),
 .UNSPECIFIED. ) ;
#1377 = CALENDAR_DATE ( 2026, 12, 9 ) ;
#1378 = CC_DESIGN_APPROVAL ( #1254, ( #1858 ) ) ;
#1379 = CARTESIAN_POINT ( 'NONE',  ( -13.00000000000000200, 0.0000000000000000000, 8.500000000000001800 ) ) ;
#1380 = PERSON_AND_ORGANIZATION ( #187, #2179 ) ;
#1381 = LINE ( 'NONE', #2, #1088 ) ;
#1382 = VECTOR ( 'NONE', #984, 0.9642307681038859700 ) ;
#1383 = CARTESIAN_POINT ( 'NONE',  ( -2.005012930814970700, 15.84632453476726100, 0.0000000000000000000 ) ) ;
#1384 =( BOUNDED_CURVE ( )  B_SPLINE_CURVE ( 2, ( #962, #2292, #1128 ),
 .UNSPECIFIED., .F., .F. ) 
 B_SPLINE_CURVE_WITH_KNOTS ( ( 3, 3 ),
 ( 2.987133055105609000, 3.141592653589793100 ),
 .UNSPECIFIED. ) 
 CURVE ( )  GEOMETRIC_REPRESENTATION_ITEM ( )  RATIONAL_B_SPLINE_CURVE ( ( 1.000000000000000000, 0.9970192610334746000, 1.000000000000000000 ) ) 
 REPRESENTATION_ITEM ( '' )  );
#1385 =( BOUNDED_CURVE ( )  B_SPLINE_CURVE ( 2, ( #1145, #2097, #1532, #772, #2299 ),
 .UNSPECIFIED., .F., .F. ) 
 B_SPLINE_CURVE_WITH_KNOTS ( ( 3, 2, 3 ),
 ( 1.224646799147353200E-016, 1.570796326794896800, 3.141592653589793100 ),
 .UNSPECIFIED. ) 
 CURVE ( )  GEOMETRIC_REPRESENTATION_ITEM ( )  RATIONAL_B_SPLINE_CURVE ( ( 1.000000000000000000, 0.7071067811865475700, 1.000000000000000000, 0.7071067811865475700, 1.000000000000000000 ) ) 
 REPRESENTATION_ITEM ( '' )  );
#1386 = CARTESIAN_POINT ( 'NONE',  ( -0.9999999999999998900, 0.9999999999999998900, 1.000000000000000000 ) ) ;
#1387 = TRIMMED_CURVE ( 'NONE', #2313, ( PARAMETER_VALUE ( 0.0000000000000000000 ), #1052 ), ( PARAMETER_VALUE ( 0.9999999999999997800 ), #174 ), .T., .PARAMETER. ) ;
#1388 = CARTESIAN_POINT ( 'NONE',  ( 1.999999999999981800, -15.84632453476723600, 1.000000000000000000 ) ) ;
#1389 = SECURITY_CLASSIFICATION_LEVEL ( 'unclassified' ) ;
#1390 = CC_DESIGN_PERSON_AND_ORGANIZATION_ASSIGNMENT ( #1083, #1757, ( #2124 ) ) ;
#1391 = CARTESIAN_POINT ( 'NONE',  ( 2.000000000000045700, -12.84523257866512400, 8.500000000000001800 ) ) ;
#1392 = CARTESIAN_POINT ( 'NONE',  ( 1.000000000000000000, -1.224646799147353200E-016, 1.600000000000000100 ) ) ;
#1393 = B_SPLINE_CURVE_WITH_KNOTS ( 'NONE', 1,
 ( #859, #2193 ),
 .UNSPECIFIED., .F., .F.,
 ( 2, 2 ),
 ( 0.0000000000000000000, 0.002103303284701583000 ),
 .UNSPECIFIED. ) ;
#1394 = CARTESIAN_POINT ( 'NONE',  ( 6.524697460949623100, 12.22660781724169100, -0.001470274547651917500 ) ) ;
#1395 = CARTESIAN_POINT ( 'NONE',  ( -14.88209376666335600, 1.999999999999966200, 2.000000000000000000 ) ) ;
#1396 =( BOUNDED_CURVE ( )  B_SPLINE_CURVE ( 2, ( #1745, #996, #400 ),
 .UNSPECIFIED., .F., .F. ) 
 B_SPLINE_CURVE_WITH_KNOTS ( ( 3, 3 ),
 ( 0.0000000000000000000, 0.1544595984841841100 ),
 .UNSPECIFIED. ) 
 CURVE ( )  GEOMETRIC_REPRESENTATION_ITEM ( )  RATIONAL_B_SPLINE_CURVE ( ( 1.000000000000000000, 0.9970192610334746000, 1.000000000000000000 ) ) 
 REPRESENTATION_ITEM ( '' )  );
#1397 = CARTESIAN_POINT ( 'NONE',  ( 13.00000000000000200, 13.00000000000000500, 9.500000000000001800 ) ) ;
#1398 = CARTESIAN_POINT ( 'NONE',  ( 1.000000000000000000, 1.224646799147353200E-016, 1.000000000000000000 ) ) ;
#1399 = COORDINATED_UNIVERSAL_TIME_OFFSET ( 8, 0, .AHEAD. ) ;
#1400 = CARTESIAN_POINT ( 'NONE',  ( -1.000000000000000000, 1.224646799147353200E-016, 0.0000000000000000000 ) ) ;
#1401 = CALENDAR_DATE ( 2026, 12, 9 ) ;
#1402 = CARTESIAN_POINT ( 'NONE',  ( 6.524697460949623100, 12.64085346853606300, 0.0000000000000000000 ) ) ;
#1403 = LINE ( 'NONE', #230, #971 ) ;
#1404 = CARTESIAN_POINT ( 'NONE',  ( -4.999999999999999100, -5.000000000000000900, 0.5000000000000000000 ) ) ;
#1405 =( BOUNDED_CURVE ( )  B_SPLINE_CURVE ( 2, ( #820, #1018, #1244 ),
 .UNSPECIFIED., .F., .T. ) 
 B_SPLINE_CURVE_WITH_KNOTS ( ( 3, 3 ),
 ( 3.039403131574284400, 3.141592653589793100 ),
 .UNSPECIFIED. ) 
 CURVE ( )  GEOMETRIC_REPRESENTATION_ITEM ( )  RATIONAL_B_SPLINE_CURVE ( ( 1.000000000000000000, 0.9986949466583133800, 1.000000000000000000 ) ) 
 REPRESENTATION_ITEM ( '' )  );
#1406 = LOCAL_TIME ( 18, 31, 31.00000000000000000, #2415 ) ;
#1407 =( REPRESENTATION_RELATIONSHIP ('NONE','NONE', #163, #1860 ) REPRESENTATION_RELATIONSHIP_WITH_TRANSFORMATION ( #1048 )SHAPE_REPRESENTATION_RELATIONSHIP( ) );
#1408 = VECTOR ( 'NONE', #323, 10.00000000000000000 ) ;
#1409 = CARTESIAN_POINT ( 'NONE',  ( -2.000000000000048400, 13.85640646055101200, 7.500000000000000900 ) ) ;
#1410 = PERSON_AND_ORGANIZATION ( #187, #2179 ) ;
#1411 = APPROVAL ( #625, 'UNKNOWN' ) ;
#1412 = VECTOR ( 'NONE', #3, 1.999999999999883900 ) ;
#1413 = CARTESIAN_POINT ( 'NONE',  ( -2.250334105676046200, -5.018565174711909500, 1.399999999999999900 ) ) ;
#1414 = CARTESIAN_POINT ( 'NONE',  ( 6.524697460949623100, 13.42660781724169200, 4.498529725452346600 ) ) ;
#1415 = B_SPLINE_CURVE_WITH_KNOTS ( 'NONE', 1,
 ( #1763, #2344 ),
 .UNSPECIFIED., .F., .F.,
 ( 2, 2 ),
 ( 0.0000000000000000000, 0.004000000000000000100 ),
 .UNSPECIFIED. ) ;
#1416 = GEOMETRICALLY_BOUNDED_WIREFRAME_SHAPE_REPRESENTATION ( '', ( #358, #1510 ), #1136 ) ;
#1417 = CARTESIAN_POINT ( 'NONE',  ( -13.00000000000000200, 13.00000000000000200, 9.500000000000001800 ) ) ;
#1418 = AXIS2_PLACEMENT_3D ( 'NONE', #1327, #179, #2084 ) ;
#1419 = CARTESIAN_POINT ( 'NONE',  ( -5.471307561289364700, 0.5610646752183052800, 0.8000000000000000400 ) ) ;
#1420 = B_SPLINE_CURVE_WITH_KNOTS ( 'NONE', 1,
 ( #1166, #1353 ),
 .UNSPECIFIED., .F., .F.,
 ( 2, 2 ),
 ( 0.0000000000000000000, 0.001000000000000000000 ),
 .UNSPECIFIED. ) ;
#1421 = CARTESIAN_POINT ( 'NONE',  ( -2.250334105676046200, -5.018565174711858000, 0.8000000000000000400 ) ) ;
#1422 = CARTESIAN_POINT ( 'NONE',  ( 0.09508313639458371200, 0.7646888231784241300, 3.741409711877516500 ) ) ;
#1423 = CARTESIAN_POINT ( 'NONE',  ( -1.999999999999981800, 15.84632453476725700, 1.000000000000000000 ) ) ;
#1424 = CC_DESIGN_PERSON_AND_ORGANIZATION_ASSIGNMENT ( #15, #1778, ( #1473 ) ) ;
#1425 = CARTESIAN_POINT ( 'NONE',  ( 14.00000000000000200, 1.714505518806294800E-015, 9.500000000000001800 ) ) ;
#1426 = B_SPLINE_CURVE_WITH_KNOTS ( 'NONE', 1,
 ( #2405, #2224 ),
 .UNSPECIFIED., .F., .F.,
 ( 2, 2 ),
 ( -0.0000000000000000000, 0.01000000000000000200 ),
 .UNSPECIFIED. ) ;
#1427 = CARTESIAN_POINT ( 'NONE',  ( 9.524697460949624900, 13.42660781724169200, 4.498529725452346600 ) ) ;
#1428 = CARTESIAN_POINT ( 'NONE',  ( 1.999999999999981800, -13.88209376666335100, 2.999999999999999600 ) ) ;
#1429 = APPROVAL_DATE_TIME ( #359, #2220 ) ;
#1430 =( BOUNDED_CURVE ( )  B_SPLINE_CURVE ( 2, ( #456, #1784, #1457 ),
 .UNSPECIFIED., .F., .F. ) 
 B_SPLINE_CURVE_WITH_KNOTS ( ( 3, 3 ),
 ( 3.141592653589793100, 3.296052252073977200 ),
 .UNSPECIFIED. ) 
 CURVE ( )  GEOMETRIC_REPRESENTATION_ITEM ( )  RATIONAL_B_SPLINE_CURVE ( ( 1.000000000000000000, 0.9970192610334746000, 1.000000000000000000 ) ) 
 REPRESENTATION_ITEM ( '' )  );
#1431 = PERSON_AND_ORGANIZATION ( #1172, #423 ) ;
#1432 = VECTOR ( 'NONE', #1853, 3.018436634984494700 ) ;
#1433 = CARTESIAN_POINT ( 'NONE',  ( 2.857329179076197900, -0.9487822326543009500, 0.8000000000000000400 ) ) ;
#1434 = APPROVAL_PERSON_ORGANIZATION ( #752, #1793, #1772 ) ;
#1435 = DIRECTION ( 'NONE',  ( 1.000000000000000000, 1.927431284470900200E-016, 0.0000000000000000000 ) ) ;
#1436 = COORDINATED_UNIVERSAL_TIME_OFFSET ( 8, 0, .AHEAD. ) ;
#1437 = CARTESIAN_POINT ( 'NONE',  ( -0.7355936306317365500, 0.7259144580217802300, 4.500000000000000000 ) ) ;
#1438 = CARTESIAN_POINT ( 'NONE',  ( 1.999999999999997300, 15.84632453476723600, 0.0000000000000000000 ) ) ;
#1439 = CIRCLE ( 'NONE', #1611, 1.000000000000000000 ) ;
#1440 = DIRECTION ( 'NONE',  ( 0.0000000000000000000, 0.0000000000000000000, -1.000000000000000000 ) ) ;
#1441 = CARTESIAN_POINT ( 'NONE',  ( -1.999999999999981800, 14.88209376666334900, 1.000000000000000000 ) ) ;
#1442 = CC_DESIGN_DATE_AND_TIME_ASSIGNMENT ( #925, #1791, ( #724 ) ) ;
#1443 = CARTESIAN_POINT ( 'NONE',  ( -14.00000000000000200, 0.0000000000000000000, 8.500000000000001800 ) ) ;
#1444 = CARTESIAN_POINT ( 'NONE',  ( 1.000000000000000000, -2.449293598294706400E-016, 0.8000000000000000400 ) ) ;
#1445 = B_SPLINE_CURVE_WITH_KNOTS ( 'NONE', 1,
 ( #1096, #1486 ),
 .UNSPECIFIED., .F., .F.,
 ( 2, 2 ),
 ( 0.0000000000000000000, 0.002000000000000000000 ),
 .UNSPECIFIED. ) ;
#1446 = DIRECTION ( 'NONE',  ( -1.000000000000000000, 0.0000000000000000000, 0.0000000000000000000 ) ) ;
#1447 = TRIMMED_CURVE ( 'NONE', #1326, ( PARAMETER_VALUE ( 0.0000000000000000000 ), #1276 ), ( PARAMETER_VALUE ( 1.000000000000000200 ), #872 ), .T., .PARAMETER. ) ;
#1448 = CARTESIAN_POINT ( 'NONE',  ( -0.7259781388222331700, 0.0000000000000000000, 0.0000000000000000000 ) ) ;
#1449 = CARTESIAN_POINT ( 'NONE',  ( -15.84632453476728000, -2.005012930814804600, 1.000000000000000000 ) ) ;
#1450 = B_SPLINE_CURVE_WITH_KNOTS ( 'NONE', 1,
 ( #2350, #255 ),
 .UNSPECIFIED., .F., .F.,
 ( 2, 2 ),
 ( 0.0000000000000000000, 0.001300000000000000400 ),
 .UNSPECIFIED. ) ;
#1451 = CARTESIAN_POINT ( 'NONE',  ( 5.500000000000000000, 6.735557395310442000E-016, 0.0000000000000000000 ) ) ;
#1452 = CARTESIAN_POINT ( 'NONE',  ( 1.293757353273763200, 13.04085346853604600, 4.500000000000000000 ) ) ;
#1453 = CARTESIAN_POINT ( 'NONE',  ( 1.999999999999997300, 15.84632453476723600, 0.0000000000000000000 ) ) ;
#1454 = SECURITY_CLASSIFICATION ( '', '', #2361 ) ;
#1455 = CARTESIAN_POINT ( 'NONE',  ( -5.500000000000000000, 0.0000000000000000000, 0.0000000000000000000 ) ) ;
#1456 = AXIS2_PLACEMENT_3D ( 'NONE', #1724, #1902, #761 ) ;
#1457 = CARTESIAN_POINT ( 'NONE',  ( 12.84523257866513100, -1.999999999999998700, 7.500000000000000900 ) ) ;
#1458 = CARTESIAN_POINT ( 'NONE',  ( -0.0003462411434589778900, -6.027463983962815200, 0.2000000000000000900 ) ) ;
#1459 = LOCAL_TIME ( 18, 31, 31.00000000000000000, #1967 ) ;
#1460 = CARTESIAN_POINT ( 'NONE',  ( 9.524697460949624900, 13.42660781724169200, -0.001470274547651917500 ) ) ;
#1461 = DIRECTION ( 'NONE',  ( -4.504635680786106300E-014, -1.000000000000000000, 0.0000000000000000000 ) ) ;
#1462 = PERSON_AND_ORGANIZATION ( #187, #2179 ) ;
#1463 = CARTESIAN_POINT ( 'NONE',  ( 0.0000000000000000000, 0.0000000000000000000, 4.500000000000000000 ) ) ;
#1464 = AXIS2_PLACEMENT_3D ( 'NONE', #736, #1900, #1707 ) ;
#1465 = CARTESIAN_POINT ( 'NONE',  ( 13.88209376666333000, 2.000000000000127000, 2.000000000000000000 ) ) ;
#1466 = COORDINATED_UNIVERSAL_TIME_OFFSET ( 8, 0, .AHEAD. ) ;
#1467 = CARTESIAN_POINT ( 'NONE',  ( 0.1292544044071844700, 3.146657035107091300, 20.25989005998359000 ) ) ;
#1468 = CARTESIAN_POINT ( 'NONE',  ( -3.221037879010376900, 4.458129089873890100, 0.2000000000000000900 ) ) ;
#1469 = VECTOR ( 'NONE', #1521, 1.999999999999998200 ) ;
#1470 = CARTESIAN_POINT ( 'NONE',  ( 4.052617487574508500, 9.019339392121231900, 0.0000000000000000000 ) ) ;
#1471 = LINE ( 'NONE', #2445, #2425 ) ;
#1472 = CARTESIAN_POINT ( 'NONE',  ( -2.005012930814970700, 15.84632453476726100, 0.0000000000000000000 ) ) ;
#1473 = PRODUCT_DEFINITION ( '未知', '', #1554, #1957 ) ;
#1474 = B_SPLINE_CURVE_WITH_KNOTS ( 'NONE', 1,
 ( #1855, #692 ),
 .UNSPECIFIED., .F., .F.,
 ( 2, 2 ),
 ( 0.0000000000000000000, 0.0004000000000000045200 ),
 .UNSPECIFIED. ) ;
#1475 = CARTESIAN_POINT ( 'NONE',  ( 15.84632453476726800, 2.000000000000147900, 1.000000000000000000 ) ) ;
#1476 = CARTESIAN_POINT ( 'NONE',  ( 0.0000000000000000000, 0.0000000000000000000, 0.0000000000000000000 ) ) ;
#1477 = CARTESIAN_POINT ( 'NONE',  ( 2.857329179076198300, -0.9487822326543007300, 0.2000000000000000900 ) ) ;
#1478 = B_SPLINE_CURVE_WITH_KNOTS ( 'NONE', 1,
 ( #1777, #826 ),
 .UNSPECIFIED., .F., .F.,
 ( 2, 2 ),
 ( 0.0000000000000000000, 0.001000000000000000000 ),
 .UNSPECIFIED. ) ;
#1479 = CARTESIAN_POINT ( 'NONE',  ( 4.999999999999999100, -5.000000000000000900, 2.100000000000000100 ) ) ;
#1480 = CARTESIAN_POINT ( 'NONE',  ( 0.0000000000000000000, 0.0000000000000000000, 0.0000000000000000000 ) ) ;
#1481 = CARTESIAN_POINT ( 'NONE',  ( -0.9999999999999998900, 1.000000000000000000, 0.0000000000000000000 ) ) ;
#1482 = B_SPLINE_CURVE_WITH_KNOTS ( 'NONE', 1,
 ( #704, #1632 ),
 .UNSPECIFIED., .F., .F.,
 ( 2, 2 ),
 ( -0.0000000000000000000, 0.001000000000000000000 ),
 .UNSPECIFIED. ) ;
#1483 = CARTESIAN_POINT ( 'NONE',  ( 14.88209376666333000, 2.000000000000137700, 2.000000000000000000 ) ) ;
#1484 = DIRECTION ( 'NONE',  ( 0.8660254037844364900, -2.403703357979452600E-017, -0.5000000000000041100 ) ) ;
#1485 = CARTESIAN_POINT ( 'NONE',  ( -2.250091624415564900, -1.999708549864105000, 0.8000000000000000400 ) ) ;
#1486 = CARTESIAN_POINT ( 'NONE',  ( -15.84632453476722900, -2.000000000000037300, 3.000000000000000000 ) ) ;
#1487 = CC_DESIGN_APPROVAL ( #775, ( #1702 ) ) ;
#1488 = TRIMMED_CURVE ( 'NONE', #130, ( PARAMETER_VALUE ( 0.0000000000000000000 ), #225 ), ( PARAMETER_VALUE ( 1.000000000000000900 ), #1558 ), .T., .PARAMETER. ) ;
#1489 = CARTESIAN_POINT ( 'NONE',  ( 1.000000000000000000, 0.0000000000000000000, 0.0000000000000000000 ) ) ;
#1490 = AXIS2_PLACEMENT_3D ( 'NONE', #165, #384, #193 ) ;
#1491 =( BOUNDED_CURVE ( )  B_SPLINE_CURVE ( 2, ( #2104, #1728, #961 ),
 .UNSPECIFIED., .F., .F. ) 
 B_SPLINE_CURVE_WITH_KNOTS ( ( 3, 3 ),
 ( 3.141592653589793100, 4.290864838967155300 ),
 .UNSPECIFIED. ) 
 CURVE ( )  GEOMETRIC_REPRESENTATION_ITEM ( )  RATIONAL_B_SPLINE_CURVE ( ( 1.000000000000000000, 0.8393901523062640100, 1.000000000000000000 ) ) 
 REPRESENTATION_ITEM ( '' )  );
#1492 = DIRECTION ( 'NONE',  ( 4.736722315528249100E-017, 0.9999999999999997800, -3.701763678754931200E-018 ) ) ;
#1493 = ITEM_DEFINED_TRANSFORMATION ( 'NONE', 'NONE', #421,  #1510 ) ;
#1494 = B_SPLINE_CURVE_WITH_KNOTS ( 'NONE', 1,
 ( #830, #478 ),
 .UNSPECIFIED., .F., .F.,
 ( 2, 2 ),
 ( -0.002000000000000000000, -0.0009999999999999991500 ),
 .UNSPECIFIED. ) ;
#1495 = VECTOR ( 'NONE', #1435, 4.500091624415566600 ) ;
#1496 = DIRECTION ( 'NONE',  ( 0.0000000000000000000, 0.0000000000000000000, 1.000000000000000000 ) ) ;
#1497 = CARTESIAN_POINT ( 'NONE',  ( -13.85640646055102100, 2.000000000000000400, 8.500000000000001800 ) ) ;
#1498 = DATE_AND_TIME ( #718, #1714 ) ;
#1499 = DIRECTION ( 'NONE',  ( -1.000000000000000000, -2.818925648462548600E-015, 0.0000000000000000000 ) ) ;
#1500 =( BOUNDED_CURVE ( )  B_SPLINE_CURVE ( 2, ( #196, #1537, #1918, #20, #1732 ),
 .UNSPECIFIED., .F., .F. ) 
 B_SPLINE_CURVE_WITH_KNOTS ( ( 3, 2, 3 ),
 ( 0.0000000000000000000, 1.570796326794896600, 3.141592653589793100 ),
 .UNSPECIFIED. ) 
 CURVE ( )  GEOMETRIC_REPRESENTATION_ITEM ( )  RATIONAL_B_SPLINE_CURVE ( ( 1.000000000000000000, 0.7071067811865475700, 1.000000000000000000, 0.7071067811865475700, 1.000000000000000000 ) ) 
 REPRESENTATION_ITEM ( '' )  );
#1501 = CIRCLE ( 'NONE', #1247, 5.147458192237759400 ) ;
#1502 = CARTESIAN_POINT ( 'NONE',  ( 2.249757518739518200, -5.018823677603647200, 0.2000000000000000900 ) ) ;
#1503 = B_SPLINE_CURVE_WITH_KNOTS ( 'NONE', 1,
 ( #666, #2359 ),
 .UNSPECIFIED., .F., .F.,
 ( 2, 2 ),
 ( -0.01000000000000000200, 0.0000000000000000000 ),
 .UNSPECIFIED. ) ;
#1504 = CARTESIAN_POINT ( 'NONE',  ( 1.293757353273763200, 13.04085346853604600, 0.0000000000000000000 ) ) ;
#1505 = DIRECTION ( 'NONE',  ( 3.465104369835454900E-015, 1.000000000000000000, 0.0000000000000000000 ) ) ;
#1506 = SECURITY_CLASSIFICATION ( '', '', #1005 ) ;
#1507 =( BOUNDED_CURVE ( )  B_SPLINE_CURVE ( 2, ( #946, #1328, #1512, #373, #1708 ),
 .UNSPECIFIED., .F., .F. ) 
 B_SPLINE_CURVE_WITH_KNOTS ( ( 3, 2, 3 ),
 ( 3.141592653589793100, 4.712388980384689700, 6.283185307179586200 ),
 .UNSPECIFIED. ) 
 CURVE ( )  GEOMETRIC_REPRESENTATION_ITEM ( )  RATIONAL_B_SPLINE_CURVE ( ( 1.000000000000000000, 0.7071067811865475700, 1.000000000000000000, 0.7071067811865475700, 1.000000000000000000 ) ) 
 REPRESENTATION_ITEM ( '' )  );
#1508 = CARTESIAN_POINT ( 'NONE',  ( -11.39557159626980000, -8.879950782134599800, 18.01102622885519000 ) ) ;
#1509 = CARTESIAN_POINT ( 'NONE',  ( -0.6069950734001704500, 2.948910772381669900, 0.8000000000000000400 ) ) ;
#1510 = AXIS2_PLACEMENT_3D ( 'NONE', #1568, #1189, #50 ) ;
#1511 = DIRECTION ( 'NONE',  ( -0.4372317213824448200, -0.8993488877054022200, 0.0000000000000000000 ) ) ;
#1512 = CARTESIAN_POINT ( 'NONE',  ( -1.836970198721029900E-016, -1.000000000000000000, 0.0000000000000000000 ) ) ;
#1513 = CARTESIAN_POINT ( 'NONE',  ( 6.123233995736766000E-017, 1.000000000000000000, 1.600000000000000100 ) ) ;
#1514 = DIRECTION ( 'NONE',  ( -0.8660254037844401500, 0.4999999999999975600, 0.0000000000000000000 ) ) ;
#1515 = DIRECTION ( 'NONE',  ( -0.9897174932435487400, -0.1430359520110449100, 0.0000000000000000000 ) ) ;
#1516 = PRODUCT_DEFINITION_SHAPE ( 'NONE', 'NONE',  #1473 ) ;
#1517 = APPLICATION_CONTEXT ( 'configuration controlled 3d designs of mechanical parts and assemblies' ) ;
#1518 = CARTESIAN_POINT ( 'NONE',  ( 2.249757518739518200, -5.018823677603647200, 0.2000000000000000900 ) ) ;
#1519 = CC_DESIGN_PERSON_AND_ORGANIZATION_ASSIGNMENT ( #2413, #41, ( #1935 ) ) ;
#1520 = CARTESIAN_POINT ( 'NONE',  ( -5.500000000000000000, 6.735557395310442000E-016, 2.100000000000000100 ) ) ;
#1521 = DIRECTION ( 'NONE',  ( -6.938893903907234700E-015, -1.000000000000000000, 0.0000000000000000000 ) ) ;
#1522 = B_SPLINE_CURVE_WITH_KNOTS ( 'NONE', 1,
 ( #1260, #661 ),
 .UNSPECIFIED., .F., .F.,
 ( 2, 2 ),
 ( 0.0000000000000000000, 0.001000000000000000000 ),
 .UNSPECIFIED. ) ;
#1523 = APPROVAL_DATE_TIME ( #602, #991 ) ;
#1524 = B_SPLINE_CURVE_WITH_KNOTS ( 'NONE', 1,
 ( #944, #2432 ),
 .UNSPECIFIED., .F., .F.,
 ( 2, 2 ),
 ( -0.0005999999999999999500, 0.0000000000000000000 ),
 .UNSPECIFIED. ) ;
#1525 = CARTESIAN_POINT ( 'NONE',  ( -2.000000000000097300, -13.87413330828055000, 0.0000000000000000000 ) ) ;
#1526 = APPROVAL_PERSON_ORGANIZATION ( #270, #144, #2316 ) ;
#1527 = APPROVAL_STATUS ( 'not_yet_approved' ) ;
#1528 = CARTESIAN_POINT ( 'NONE',  ( 2.249757518739518200, -5.018823677603647200, 0.8000000000000000400 ) ) ;
#1529 = PERSON_AND_ORGANIZATION ( #187, #2179 ) ;
#1530 = VECTOR ( 'NONE', #2213, 4.499999999999999100 ) ;
#1531 = B_SPLINE_CURVE_WITH_KNOTS ( 'NONE', 1,
 ( #1026, #853 ),
 .UNSPECIFIED., .F., .F.,
 ( 2, 2 ),
 ( -0.002250334105676052200, 0.002249757518739512900 ),
 .UNSPECIFIED. ) ;
#1532 = CARTESIAN_POINT ( 'NONE',  ( -8.040613248383183700E-016, 5.000000000000000000, 2.100000000000000100 ) ) ;
#1533 = LINE ( 'NONE', #533, #1030 ) ;
#1534 = LOCAL_TIME ( 18, 31, 31.00000000000000000, #1436 ) ;
#1535 = CARTESIAN_POINT ( 'NONE',  ( 15.84632453476726800, 2.005012930814915200, 0.0000000000000000000 ) ) ;
#1536 = VECTOR ( 'NONE', #1106, 1.999999999999974000 ) ;
#1537 = CARTESIAN_POINT ( 'NONE',  ( -5.000000000000000000, 4.999999999999999100, 0.0000000000000000000 ) ) ;
#1538 = APPROVAL_STATUS ( 'not_yet_approved' ) ;
#1539 = B_SPLINE_CURVE_WITH_KNOTS ( 'NONE', 1,
 ( #1219, #1619 ),
 .UNSPECIFIED., .F., .F.,
 ( 2, 2 ),
 ( 0.0000000000000000000, 0.001199999999999999700 ),
 .UNSPECIFIED. ) ;
#1540 = CARTESIAN_POINT ( 'NONE',  ( -13.00000000000000500, 13.00000000000000200, 1.000000000000000900 ) ) ;
#1541 = CARTESIAN_POINT ( 'NONE',  ( 3.367778697655221000E-016, 5.500000000000000000, 2.100000000000000100 ) ) ;
#1542 = CARTESIAN_POINT ( 'NONE',  ( 2.000000000000018200, 14.88209376666334900, 1.000000000000000000 ) ) ;
#1543 = CC_DESIGN_PERSON_AND_ORGANIZATION_ASSIGNMENT ( #540, #1044, ( #639 ) ) ;
#1544 =( BOUNDED_CURVE ( )  B_SPLINE_CURVE ( 2, ( #318, #1242, #292 ),
 .UNSPECIFIED., .F., .F. ) 
 B_SPLINE_CURVE_WITH_KNOTS ( ( 3, 3 ),
 ( 3.141592653589793100, 3.296052252073977200 ),
 .UNSPECIFIED. ) 
 CURVE ( )  GEOMETRIC_REPRESENTATION_ITEM ( )  RATIONAL_B_SPLINE_CURVE ( ( 1.000000000000000000, 0.9970192610334746000, 1.000000000000000000 ) ) 
 REPRESENTATION_ITEM ( '' )  );
#1545 = CARTESIAN_POINT ( 'NONE',  ( -13.87413330828054100, 2.000000000000146500, 0.0000000000000000000 ) ) ;
#1546 = APPROVAL_ROLE ( '' ) ;
#1547 = CARTESIAN_POINT ( 'NONE',  ( 1.000000000000000000, 1.224646799147353200E-016, 0.0000000000000000000 ) ) ;
#1548 = CARTESIAN_POINT ( 'NONE',  ( -1.000000000000000200, -0.9999999999999998900, 0.7999999999999999300 ) ) ;
#1549 = CARTESIAN_POINT ( 'NONE',  ( 0.0000000000000000000, 0.0000000000000000000, 0.0000000000000000000 ) ) ;
#1550 = CARTESIAN_POINT ( 'NONE',  ( 5.499999999999999100, 5.500000000000000000, 0.5000000000000000000 ) ) ;
#1551 = B_SPLINE_CURVE_WITH_KNOTS ( 'NONE', 1,
 ( #709, #908 ),
 .UNSPECIFIED., .F., .F.,
 ( 2, 2 ),
 ( -0.005230940107675860300, -0.0000000000000000000 ),
 .UNSPECIFIED. ) ;
#1552 = APPLICATION_CONTEXT ( 'configuration controlled 3d designs of mechanical parts and assemblies' ) ;
#1553 = ITEM_DEFINED_TRANSFORMATION ( 'NONE', 'NONE', #2249,  #1510 ) ;
#1554 = PRODUCT_DEFINITION_FORMATION_WITH_SPECIFIED_SOURCE ( '任何', '', #2124, .NOT_KNOWN. ) ;
#1555 = B_SPLINE_CURVE_WITH_KNOTS ( 'NONE', 1,
 ( #2139, #66 ),
 .UNSPECIFIED., .F., .F.,
 ( 2, 2 ),
 ( 0.0000000000000000000, 0.001964230768103885200 ),
 .UNSPECIFIED. ) ;
#1556 = CARTESIAN_POINT ( 'NONE',  ( 1.000000000000000000, 1.224646799147353200E-016, 1.000000000000000000 ) ) ;
#1557 = APPROVAL_DATE_TIME ( #2058, #1411 ) ;
#1558 = CARTESIAN_POINT ( 'NONE',  ( 2.000000000000018200, 14.88209376666334900, 1.000000000000000000 ) ) ;
#1559 = B_SPLINE_CURVE_WITH_KNOTS ( 'NONE', 1,
 ( #2082, #2057 ),
 .UNSPECIFIED., .F., .F.,
 ( 2, 2 ),
 ( 0.002000128539727359000, 0.005018823677603649800 ),
 .UNSPECIFIED. ) ;
#1560 = PERSON_AND_ORGANIZATION ( #187, #2179 ) ;
#1561 = CARTESIAN_POINT ( 'NONE',  ( 13.87413330828055700, -2.000000000000048000, 0.0000000000000000000 ) ) ;
#1562 = SHAPE_DEFINITION_REPRESENTATION ( #1318, #1860 ) ;
#1563 = PERSON_AND_ORGANIZATION_ROLE ( 'design_supplier' ) ;
#1564 = CARTESIAN_POINT ( 'NONE',  ( 6.524697460949623100, 13.42660781724169200, 4.498529725452346600 ) ) ;
#1565 = TRIMMED_CURVE ( 'NONE', #1579, ( PARAMETER_VALUE ( 0.0000000000000000000 ), #541 ), ( PARAMETER_VALUE ( 1.000000000000000000 ), #2443 ), .T., .PARAMETER. ) ;
#1566 = CARTESIAN_POINT ( 'NONE',  ( 12.84523257866513100, -2.000000000000000400, 8.500000000000001800 ) ) ;
#1567 = CARTESIAN_POINT ( 'NONE',  ( 5.604890757529891400, 9.707955562915042700, 0.0000000000000000000 ) ) ;
#1568 = CARTESIAN_POINT ( 'NONE',  ( 0.0000000000000000000, 0.0000000000000000000, 0.0000000000000000000 ) ) ;
#1569 =( BOUNDED_CURVE ( )  B_SPLINE_CURVE ( 2, ( #857, #2007, #2368 ),
 .UNSPECIFIED., .F., .F. ) 
 B_SPLINE_CURVE_WITH_KNOTS ( ( 3, 3 ),
 ( 2.998245084684427700, 3.141592653589793100 ),
 .UNSPECIFIED. ) 
 CURVE ( )  GEOMETRIC_REPRESENTATION_ITEM ( )  RATIONAL_B_SPLINE_CURVE ( ( 1.000000000000000000, 0.9974325337111245000, 1.000000000000000000 ) ) 
 REPRESENTATION_ITEM ( '' )  );
#1570 =( GEOMETRIC_REPRESENTATION_CONTEXT ( 3 ) GLOBAL_UNCERTAINTY_ASSIGNED_CONTEXT ( ( #1878 ) ) GLOBAL_UNIT_ASSIGNED_CONTEXT ( ( #943, #157, #2431 ) ) REPRESENTATION_CONTEXT ( 'NONE', 'WORKASPACE' ) );
#1571 = B_SPLINE_CURVE_WITH_KNOTS ( 'NONE', 1,
 ( #1926, #956 ),
 .UNSPECIFIED., .F., .F.,
 ( 2, 2 ),
 ( -0.0000000000000000000, 0.0005000000000000002300 ),
 .UNSPECIFIED. ) ;
#1572 =( BOUNDED_CURVE ( )  B_SPLINE_CURVE ( 2, ( #355, #2260, #201 ),
 .UNSPECIFIED., .F., .F. ) 
 B_SPLINE_CURVE_WITH_KNOTS ( ( 3, 3 ),
 ( 1.427448757889541800, 1.714143895700265500 ),
 .UNSPECIFIED. ) 
 CURVE ( )  GEOMETRIC_REPRESENTATION_ITEM ( )  RATIONAL_B_SPLINE_CURVE ( ( 1.000000000000000000, 0.9897433186107875700, 1.000000000000000000 ) ) 
 REPRESENTATION_ITEM ( '' )  );
#1573 = CC_DESIGN_DATE_AND_TIME_ASSIGNMENT ( #2331, #620, ( #1702 ) ) ;
#1574 = CARTESIAN_POINT ( 'NONE',  ( 0.6072833668683927900, 2.948411433447147200, 1.399999999999999900 ) ) ;
#1575 = CARTESIAN_POINT ( 'NONE',  ( -13.87340975402966800, -2.005012930814825500, 1.000000000000000000 ) ) ;
#1576 = APPROVAL_ROLE ( '' ) ;
#1577 = CARTESIAN_POINT ( 'NONE',  ( -2.000000000000045300, 12.84523257866512400, 7.500000000000000900 ) ) ;
#1578 = B_SPLINE_CURVE_WITH_KNOTS ( 'NONE', 1,
 ( #1944, #798 ),
 .UNSPECIFIED., .F., .F.,
 ( 2, 2 ),
 ( 0.0000000000000000000, 0.0003000000000000001900 ),
 .UNSPECIFIED. ) ;
#1579 = LINE ( 'NONE', #155, #1238 ) ;
#1580 = CARTESIAN_POINT ( 'NONE',  ( -13.88209376666335800, 1.999999999999969600, 2.000000000000000000 ) ) ;
#1581 = ITEM_DEFINED_TRANSFORMATION ( 'NONE', 'NONE', #1995,  #1510 ) ;
#1582 =( REPRESENTATION_RELATIONSHIP ('NONE','NONE', #163, #899 ) REPRESENTATION_RELATIONSHIP_WITH_TRANSFORMATION ( #1581 )SHAPE_REPRESENTATION_RELATIONSHIP( ) );
#1583 = B_SPLINE_CURVE_WITH_KNOTS ( 'NONE', 1,
 ( #2338, #1379 ),
 .UNSPECIFIED., .F., .F.,
 ( 2, 2 ),
 ( -0.0000000000000000000, 0.0009999999999999991500 ),
 .UNSPECIFIED. ) ;
#1584 = COORDINATED_UNIVERSAL_TIME_OFFSET ( 8, 0, .AHEAD. ) ;
#1585 = CC_DESIGN_APPROVAL ( #1793, ( #488 ) ) ;
#1586 = CARTESIAN_POINT ( 'NONE',  ( 13.00000000000000200, -13.00000000000000500, 9.500000000000001800 ) ) ;
#1587 = PERSON_AND_ORGANIZATION ( #187, #2179 ) ;
#1588 = VECTOR ( 'NONE', #1110, 1.000378170863102100 ) ;
#1589 = CARTESIAN_POINT ( 'NONE',  ( 5.000000000000000000, -1.224646799147353300E-015, 1.600000000000000100 ) ) ;
#1590 = CARTESIAN_POINT ( 'NONE',  ( -5.000000000000000000, 0.0000000000000000000, 0.5000000000000000000 ) ) ;
#1591 = B_SPLINE_CURVE_WITH_KNOTS ( 'NONE', 1,
 ( #2410, #2228 ),
 .UNSPECIFIED., .F., .F.,
 ( 2, 2 ),
 ( 0.0000000000000000000, 0.001964230768103885200 ),
 .UNSPECIFIED. ) ;
#1592 = APPROVAL_ROLE ( '' ) ;
#1593 = CARTESIAN_POINT ( 'NONE',  ( 1.999999999999867400, 12.84523257866515100, 8.500000000000001800 ) ) ;
#1594 = SHAPE_REPRESENTATION ( '电池层下盖', ( #1510 ), #2349 ) ;
#1595 = CARTESIAN_POINT ( 'NONE',  ( 5.604890757529891400, 9.707955562915042700, 0.0000000000000000000 ) ) ;
#1596 = CARTESIAN_POINT ( 'NONE',  ( 13.87340975402965300, 2.005012930814922700, 1.000000000000000000 ) ) ;
#1597 =( BOUNDED_CURVE ( )  B_SPLINE_CURVE ( 2, ( #2186, #1237, #860, #2194, #288 ),
 .UNSPECIFIED., .F., .F. ) 
 B_SPLINE_CURVE_WITH_KNOTS ( ( 3, 2, 3 ),
 ( 3.141592653589793100, 4.712388980384689700, 6.283185307179586200 ),
 .UNSPECIFIED. ) 
 CURVE ( )  GEOMETRIC_REPRESENTATION_ITEM ( )  RATIONAL_B_SPLINE_CURVE ( ( 1.000000000000000000, 0.7071067811865475700, 1.000000000000000000, 0.7071067811865475700, 1.000000000000000000 ) ) 
 REPRESENTATION_ITEM ( '' )  );
#1598 = UNCERTAINTY_MEASURE_WITH_UNIT (LENGTH_MEASURE( 1.000000000000000100E-005 ), #2131, 'distance_accuracy_value', 'NONE');
#1599 = SECURITY_CLASSIFICATION ( '', '', #1733 ) ;
#1600 = CARTESIAN_POINT ( 'NONE',  ( -2.000000000000045300, 12.84523257866512400, 8.500000000000001800 ) ) ;
#1601 = CARTESIAN_POINT ( 'NONE',  ( 2.857329179076197900, -0.9487822326543009500, 0.2000000000000000900 ) ) ;
#1602 = B_SPLINE_CURVE_WITH_KNOTS ( 'NONE', 1,
 ( #2091, #184 ),
 .UNSPECIFIED., .F., .F.,
 ( 2, 2 ),
 ( -0.01488209376666336500, -0.01387413330828055200 ),
 .UNSPECIFIED. ) ;
#1603 = CARTESIAN_POINT ( 'NONE',  ( -5.500000000000000000, 6.735557395310442000E-016, 2.100000000000000100 ) ) ;
#1604 = CARTESIAN_POINT ( 'NONE',  ( 0.0000000000000000000, 0.0000000000000000000, 4.500000000000000000 ) ) ;
#1605 = CARTESIAN_POINT ( 'NONE',  ( -14.00000000000000400, -13.99999999999999800, 0.0000000000000000000 ) ) ;
#1606 = ORGANIZATION ( 'NAUO-ORG6', 'UNSPECIFIED', 'UNSPECIFIED' ) ;
#1607 = CARTESIAN_POINT ( 'NONE',  ( -2.250334105676065300, -5.018565174711902400, 0.8000000000000000400 ) ) ;
#1608 = CARTESIAN_POINT ( 'NONE',  ( -5.471307561289364700, 0.5610646752183047200, 1.399999999999999900 ) ) ;
#1609 = DATE_AND_TIME ( #573, #997 ) ;
#1610 = CARTESIAN_POINT ( 'NONE',  ( 0.09508313639458240700, 0.7646888231784224600, 3.741409711877516500 ) ) ;
#1611 = AXIS2_PLACEMENT_3D ( 'NONE', #1476, #1117, #150 ) ;
#1612 = B_SPLINE_CURVE_WITH_KNOTS ( 'NONE', 1,
 ( #1642, #1653 ),
 .UNSPECIFIED., .F., .F.,
 ( 2, 2 ),
 ( 0.0001435935394489811600, 0.001154767421334870800 ),
 .UNSPECIFIED. ) ;
#1613 = DATE_AND_TIME ( #2125, #1406 ) ;
#1614 = APPROVAL_DATE_TIME ( #2129, #816 ) ;
#1615 = CC_DESIGN_SECURITY_CLASSIFICATION ( #488, ( #1554 ) ) ;
#1616 = CARTESIAN_POINT ( 'NONE',  ( -12.84523257866512900, -2.000000000000003600, 7.500000000000000900 ) ) ;
#1617 = CARTESIAN_POINT ( 'NONE',  ( -3.221037879010376900, 4.458129089873890100, 0.2000000000000000900 ) ) ;
#1618 = CARTESIAN_POINT ( 'NONE',  ( -0.6069950734001704500, 2.948910772381669900, 0.8000000000000000400 ) ) ;
#1619 = CARTESIAN_POINT ( 'NONE',  ( 9.524697460949624900, 12.22660781724169100, 4.498529725452346600 ) ) ;
#1620 = CARTESIAN_POINT ( 'NONE',  ( 2.000000000000000000, 13.87413330828056600, 0.0000000000000000000 ) ) ;
#1621 = CARTESIAN_POINT ( 'NONE',  ( 5.354890757529894100, 9.274942861022825700, 3.741409711877517800 ) ) ;
#1622 = B_SPLINE_CURVE_WITH_KNOTS ( 'NONE', 1,
 ( #1635, #2397 ),
 .UNSPECIFIED., .F., .F.,
 ( 2, 2 ),
 ( -0.001000378170863102000, 0.0000000000000000000 ),
 .UNSPECIFIED. ) ;
#1623 = CARTESIAN_POINT ( 'NONE',  ( 13.85640646055102100, -2.000000000000000400, 7.500000000000000900 ) ) ;
#1624 = CARTESIAN_POINT ( 'NONE',  ( -0.6069950734001704500, 2.948910772381669900, 0.2000000000000000900 ) ) ;
#1625 = B_SPLINE_CURVE_WITH_KNOTS ( 'NONE', 1,
 ( #143, #1302 ),
 .UNSPECIFIED., .F., .F.,
 ( 2, 2 ),
 ( 0.0000000000000000000, 0.0009999999999999991500 ),
 .UNSPECIFIED. ) ;
#1626 = CARTESIAN_POINT ( 'NONE',  ( 1.524697460949611600, 12.64085346853604400, 0.0000000000000000000 ) ) ;
#1627 = CARTESIAN_POINT ( 'NONE',  ( 2.000000000000018200, 13.88209376666335100, 2.999999999999999600 ) ) ;
#1628 =( BOUNDED_CURVE ( )  B_SPLINE_CURVE ( 2, ( #690, #139, #2412 ),
 .UNSPECIFIED., .F., .F. ) 
 B_SPLINE_CURVE_WITH_KNOTS ( ( 3, 3 ),
 ( 5.133798233967469900, 6.283185307179586200 ),
 .UNSPECIFIED. ) 
 CURVE ( )  GEOMETRIC_REPRESENTATION_ITEM ( )  RATIONAL_B_SPLINE_CURVE ( ( 1.000000000000000000, 0.8393589284653505400, 1.000000000000000000 ) ) 
 REPRESENTATION_ITEM ( '' )  );
#1629 = CARTESIAN_POINT ( 'NONE',  ( 0.0000000000000000000, 0.0000000000000000000, 0.0000000000000000000 ) ) ;
#1630 = DESIGN_CONTEXT ( 'detailed design', #1904, 'design' ) ;
#1631 = CC_DESIGN_SECURITY_CLASSIFICATION ( #1765, ( #1130 ) ) ;
#1632 = CARTESIAN_POINT ( 'NONE',  ( 2.005012930814874700, -13.87340975402966100, 0.0000000000000000000 ) ) ;
#1633 =( BOUNDED_CURVE ( )  B_SPLINE_CURVE ( 2, ( #2172, #1214, #280, #636, #1589 ),
 .UNSPECIFIED., .F., .F. ) 
 B_SPLINE_CURVE_WITH_KNOTS ( ( 3, 2, 3 ),
 ( 3.141592653589793100, 4.712388980384689700, 6.283185307179586200 ),
 .UNSPECIFIED. ) 
 CURVE ( )  GEOMETRIC_REPRESENTATION_ITEM ( )  RATIONAL_B_SPLINE_CURVE ( ( 1.000000000000000000, 0.7071067811865475700, 1.000000000000000000, 0.7071067811865475700, 1.000000000000000000 ) ) 
 REPRESENTATION_ITEM ( '' )  );
#1634 = CARTESIAN_POINT ( 'NONE',  ( -2.250334105676047500, -5.018565174711909500, 0.2000000000000000900 ) ) ;
#1635 = CARTESIAN_POINT ( 'NONE',  ( 5.604890757529891400, 9.707955562915042700, 4.500000000000000000 ) ) ;
#1636 = CARTESIAN_POINT ( 'NONE',  ( -2.005012930814970700, 15.84632453476726100, 1.000000000000000000 ) ) ;
#1637 = CARTESIAN_POINT ( 'NONE',  ( 0.3548907575299157200, 0.6146888231784247700, 0.7414097118775230300 ) ) ;
#1638 = DATE_AND_TIME ( #2174, #717 ) ;
#1639 = CARTESIAN_POINT ( 'NONE',  ( 13.87340975402965500, 2.005012930814922700, 0.0000000000000000000 ) ) ;
#1640 = CIRCLE ( 'NONE', #1730, 5.500000000000000000 ) ;
#1641 = B_SPLINE_CURVE_WITH_KNOTS ( 'NONE', 1,
 ( #758, #1943 ),
 .UNSPECIFIED., .F., .F.,
 ( 2, 2 ),
 ( 0.0001435935394489811600, 0.001154767421334870800 ),
 .UNSPECIFIED. ) ;
#1642 = CARTESIAN_POINT ( 'NONE',  ( -13.85640646055102100, -2.000000000000000400, 8.500000000000001800 ) ) ;
#1643 = PERSON_AND_ORGANIZATION ( #187, #2179 ) ;
#1644 = B_SPLINE_CURVE_WITH_KNOTS ( 'NONE', 1,
 ( #771, #1346 ),
 .UNSPECIFIED., .F., .F.,
 ( 2, 2 ),
 ( 0.0000000000000000000, 0.0005999999999999999500 ),
 .UNSPECIFIED. ) ;
#1645 = TRIMMED_CURVE ( 'NONE', #693, ( PARAMETER_VALUE ( 0.0000000000000000000 ), #749 ), ( PARAMETER_VALUE ( 1.000000000000000000 ), #16 ), .T., .PARAMETER. ) ;
#1646 = CALENDAR_DATE ( 2026, 12, 9 ) ;
#1647 = DIRECTION ( 'NONE',  ( 0.4999999999999977800, 0.8660254037844399300, 0.0000000000000000000 ) ) ;
#1648 = CARTESIAN_POINT ( 'NONE',  ( 15.84632453476721500, 2.000000000000147900, 3.000000000000000000 ) ) ;
#1649 = LINE ( 'NONE', #886, #1150 ) ;
#1650 = CC_DESIGN_PERSON_AND_ORGANIZATION_ASSIGNMENT ( #1854, #1345, ( #194 ) ) ;
#1651 = CARTESIAN_POINT ( 'NONE',  ( -13.88209376666334400, -2.000000000000030200, 2.000000000000000000 ) ) ;
#1652 = VECTOR ( 'NONE', #416, 0.9999999999999991100 ) ;
#1653 = CARTESIAN_POINT ( 'NONE',  ( -12.84523257866513100, -2.000000000000000400, 8.500000000000001800 ) ) ;
#1654 = CARTESIAN_POINT ( 'NONE',  ( 5.095083136394562100, 9.424942861022824300, 3.741409711877517800 ) ) ;
#1655 = CARTESIAN_POINT ( 'NONE',  ( 1.000000000000000000, 0.0000000000000000000, 0.0000000000000000000 ) ) ;
#1656 = B_SPLINE_CURVE_WITH_KNOTS ( 'NONE', 1,
 ( #226, #1203 ),
 .UNSPECIFIED., .F., .F.,
 ( 2, 2 ),
 ( 0.0000000000000000000, 0.0003857543487056237100 ),
 .UNSPECIFIED. ) ;
#1657 = DIRECTION ( 'NONE',  ( 0.0000000000000000000, -1.000000000000000000, 0.0000000000000000000 ) ) ;
#1658 = CARTESIAN_POINT ( 'NONE',  ( 1.999999999999981800, -13.88209376666335100, 2.000000000000000000 ) ) ;
#1659 = DIRECTION ( 'NONE',  ( 0.0000000000000000000, 0.0000000000000000000, -1.000000000000000000 ) ) ;
#1660 = CARTESIAN_POINT ( 'NONE',  ( -2.857040885607912400, -0.9482828937198133400, 0.8000000000000000400 ) ) ;
#1661 = B_SPLINE_CURVE_WITH_KNOTS ( 'NONE', 1,
 ( #1, #2096 ),
 .UNSPECIFIED., .F., .F.,
 ( 2, 2 ),
 ( -0.006500000000000000600, 0.001000000000000000000 ),
 .UNSPECIFIED. ) ;
#1662 = CARTESIAN_POINT ( 'NONE',  ( -2.857040885607912400, -0.9482828937198131100, 0.8000000000000000400 ) ) ;
#1663 = CARTESIAN_POINT ( 'NONE',  ( 0.3548907575299157200, 0.6146888231784247700, 0.7414097118775232500 ) ) ;
#1664 = CC_DESIGN_PERSON_AND_ORGANIZATION_ASSIGNMENT ( #2269, #822, ( #1702 ) ) ;
#1665 = B_SPLINE_CURVE_WITH_KNOTS ( 'NONE', 1,
 ( #1983, #1775 ),
 .UNSPECIFIED., .F., .F.,
 ( 2, 2 ),
 ( -0.002250334105676052600, 0.002249757518739513800 ),
 .UNSPECIFIED. ) ;
#1666 = CARTESIAN_POINT ( 'NONE',  ( -1.000000000000000000, 1.224646799147353200E-016, 1.000000000000000000 ) ) ;
#1667 = CARTESIAN_POINT ( 'NONE',  ( 0.0000000000000000000, -2.000000000000000400, 8.500000000000001800 ) ) ;
#1668 = LOCAL_TIME ( 18, 31, 31.00000000000000000, #1256 ) ;
#1669 = CARTESIAN_POINT ( 'NONE',  ( -2.250334105676050200, -2.000128539727361600, 0.8000000000000000400 ) ) ;
#1670 = CARTESIAN_POINT ( 'NONE',  ( 9.524697460949624900, 12.22660781724169100, 4.498529725452346600 ) ) ;
#1671 = CARTESIAN_POINT ( 'NONE',  ( 15.84632453476726800, 2.005012930814915200, 0.0000000000000000000 ) ) ;
#1672 = APPROVAL_PERSON_ORGANIZATION ( #40, #1364, #222 ) ;
#1673 =( BOUNDED_CURVE ( )  B_SPLINE_CURVE ( 2, ( #1596, #1771, #1195 ),
 .UNSPECIFIED., .F., .F. ) 
 B_SPLINE_CURVE_WITH_KNOTS ( ( 3, 3 ),
 ( 0.1435282334099130500, 1.427629417683075700 ),
 .UNSPECIFIED. ) 
 CURVE ( )  GEOMETRIC_REPRESENTATION_ITEM ( )  RATIONAL_B_SPLINE_CURVE ( ( 1.000000000000000000, 0.8008694680895523900, 1.000000000000000000 ) ) 
 REPRESENTATION_ITEM ( '' )  );
#1674 = CARTESIAN_POINT ( 'NONE',  ( -5.500000000000000000, -1.347111479062088400E-015, 0.0000000000000000000 ) ) ;
#1675 = APPROVAL_PERSON_ORGANIZATION ( #249, #535, #1153 ) ;
#1676 = LINE ( 'NONE', #892, #307 ) ;
#1677 = B_SPLINE_CURVE_WITH_KNOTS ( 'NONE', 1,
 ( #2241, #1518 ),
 .UNSPECIFIED., .F., .F.,
 ( 2, 2 ),
 ( 0.002000128539727359000, 0.005018823677603649800 ),
 .UNSPECIFIED. ) ;
#1678 = DIRECTION ( 'NONE',  ( -4.310636441611380200E-016, -1.000000000000000000, 2.345964369867641900E-016 ) ) ;
#1679 = CARTESIAN_POINT ( 'NONE',  ( -5.471307561289364700, 0.5610646752183040500, 0.2000000000000000900 ) ) ;
#1680 = CALENDAR_DATE ( 2026, 12, 9 ) ;
#1681 = CARTESIAN_POINT ( 'NONE',  ( 2.250000000000001800, -1.999708549864104100, 0.8000000000000000400 ) ) ;
#1682 = CIRCLE ( 'NONE', #2277, 1.000000000000000000 ) ;
#1683 = CARTESIAN_POINT ( 'NONE',  ( 6.123233995736766000E-017, 1.000000000000000000, 0.0000000000000000000 ) ) ;
#1684 =( BOUNDED_CURVE ( )  B_SPLINE_CURVE ( 2, ( #941, #725, #2064 ),
 .UNSPECIFIED., .F., .F. ) 
 B_SPLINE_CURVE_WITH_KNOTS ( ( 3, 3 ),
 ( 0.1435282334099130500, 1.427629417683075700 ),
 .UNSPECIFIED. ) 
 CURVE ( )  GEOMETRIC_REPRESENTATION_ITEM ( )  RATIONAL_B_SPLINE_CURVE ( ( 1.000000000000000000, 0.8008694680895523900, 1.000000000000000000 ) ) 
 REPRESENTATION_ITEM ( '' )  );
#1685 = APPROVAL ( #1963, '未指定' ) ;
#1686 = CARTESIAN_POINT ( 'NONE',  ( 2.000000000000018200, 15.84632453476723600, 3.000000000000000000 ) ) ;
#1687 = CARTESIAN_POINT ( 'NONE',  ( 0.0000000000000000000, 2.000000000000000400, 8.500000000000001800 ) ) ;
#1688 = CARTESIAN_POINT ( 'NONE',  ( -0.6069950734001704500, 2.948910772381669900, 0.8000000000000000400 ) ) ;
#1689 = CARTESIAN_POINT ( 'NONE',  ( -2.250334105676050200, -2.000128539727361600, 0.8000000000000000400 ) ) ;
#1690 = CARTESIAN_POINT ( 'NONE',  ( 12.84523257866513100, 2.000000000000000400, 7.500000000000000900 ) ) ;
#1691 = B_SPLINE_CURVE_WITH_KNOTS ( 'NONE', 1,
 ( #1821, #2166 ),
 .UNSPECIFIED., .F., .F.,
 ( 2, 2 ),
 ( -0.0000000000000000000, 0.004499999999999999700 ),
 .UNSPECIFIED. ) ;
#1692 = CARTESIAN_POINT ( 'NONE',  ( -13.84632453476724100, 2.000000000000144800, 0.0000000000000000000 ) ) ;
#1693 = GEOMETRIC_CURVE_SET ( 'NONE', ( #167, #1494, #1569, #345, #245, #2008, #2267, #1825, #1938, #1055, #609, #861, #425, #1384, #712, #948, #503, #58, #1762, #866, #431, #1572, #1641, #969, #364, #1661, #517, #1507, #649, #1774, #1583, #2390, #72, #2105, #880, #1070, #330, #1956, #1396, #178, #2055, #1695, #776, #999, #833, #8, #1252, #1731, #2163, #915, #2207, #1152, #100, #1024, #1280, #1360, #134, #397, #584, #695, #1222, #624, #1430, #2424, #1612, #806, #1332, #1980, #442, #1801, #474, #1544, #1103, #213, #2237, #2024, #35, #1181, #1954, #1439, #942, #2280, #2323, #729, #256, #285 ) ) ;
#1694 = CARTESIAN_POINT ( 'NONE',  ( 2.005012930814861000, -15.84632453476727300, 1.000000000000000000 ) ) ;
#1695 = B_SPLINE_CURVE_WITH_KNOTS ( 'NONE', 1,
 ( #1556, #797 ),
 .UNSPECIFIED., .F., .F.,
 ( 2, 2 ),
 ( -0.0000000000000000000, 0.001000000000000000000 ),
 .UNSPECIFIED. ) ;
#1696 = CARTESIAN_POINT ( 'NONE',  ( -5.471307561289364700, 0.5610646752183040500, 0.8000000000000000400 ) ) ;
#1697 = CC_DESIGN_PERSON_AND_ORGANIZATION_ASSIGNMENT ( #605, #1912, ( #54 ) ) ;
#1698 = CARTESIAN_POINT ( 'NONE',  ( 0.0005403817207199260600, -0.3887843851495109100, 0.8000000000000000400 ) ) ;
#1699 = CARTESIAN_POINT ( 'NONE',  ( -12.84523257866513100, 2.000000000000000400, 8.500000000000001800 ) ) ;
#1700 = CARTESIAN_POINT ( 'NONE',  ( 0.7885158724367333800, 11.36574955363496600, 0.0000000000000000000 ) ) ;
#1701 = DIRECTION ( 'NONE',  ( 1.000000000000000000, -6.930208739670909800E-015, 0.0000000000000000000 ) ) ;
#1702 = PRODUCT_DEFINITION ( '未知', '', #133, #1277 ) ;
#1703 = COORDINATED_UNIVERSAL_TIME_OFFSET ( 8, 0, .AHEAD. ) ;
#1704 = CARTESIAN_POINT ( 'NONE',  ( 1.000000000000000000, -2.449293598294706400E-016, 1.000000000000000000 ) ) ;
#1705 = APPLICATION_CONTEXT ( 'configuration controlled 3d designs of mechanical parts and assemblies' ) ;
#1706 = APPROVAL_DATE_TIME ( #1144, #1241 ) ;
#1707 = DIRECTION ( 'NONE',  ( -0.4334103029091835900, -0.9011967095657693600, 0.0000000000000000000 ) ) ;
#1708 = CARTESIAN_POINT ( 'NONE',  ( 1.000000000000000000, -2.449293598294706400E-016, 0.0000000000000000000 ) ) ;
#1709 = COORDINATED_UNIVERSAL_TIME_OFFSET ( 8, 0, .AHEAD. ) ;
#1710 = CARTESIAN_POINT ( 'NONE',  ( -2.857040885607912400, -0.9482828937198131100, 1.399999999999999900 ) ) ;
#1711 = DIRECTION ( 'NONE',  ( -0.4999999999999975600, -0.8660254037844399300, 0.0000000000000000000 ) ) ;
#1712 = CARTESIAN_POINT ( 'NONE',  ( 13.87340975402965500, 2.005012930814922700, 0.0000000000000000000 ) ) ;
#1713 = B_SPLINE_CURVE_WITH_KNOTS ( 'NONE', 1,
 ( #992, #1911 ),
 .UNSPECIFIED., .F., .F.,
 ( 2, 2 ),
 ( 0.0000000000000000000, 0.004000000000000000100 ),
 .UNSPECIFIED. ) ;
#1714 = LOCAL_TIME ( 18, 31, 31.00000000000000000, #1466 ) ;
#1715 = AXIS2_PLACEMENT_3D ( 'NONE', #2383, #1104, #1249 ) ;
#1716 = LINE ( 'NONE', #2069, #1178 ) ;
#1717 =( BOUNDED_CURVE ( )  B_SPLINE_CURVE ( 2, ( #1827, #1094, #2404, #106, #1444 ),
 .UNSPECIFIED., .F., .F. ) 
 B_SPLINE_CURVE_WITH_KNOTS ( ( 3, 2, 3 ),
 ( 3.141592653589793100, 4.712388980384689700, 6.283185307179586200 ),
 .UNSPECIFIED. ) 
 CURVE ( )  GEOMETRIC_REPRESENTATION_ITEM ( )  RATIONAL_B_SPLINE_CURVE ( ( 1.000000000000000000, 0.7071067811865475700, 1.000000000000000000, 0.7071067811865475700, 1.000000000000000000 ) ) 
 REPRESENTATION_ITEM ( '' )  );
#1718 = APPROVAL_STATUS ( 'not_yet_approved' ) ;
#1719 = VECTOR ( 'NONE', #1942, 0.9999999999999995600 ) ;
#1720 =( BOUNDED_CURVE ( )  B_SPLINE_CURVE ( 2, ( #2022, #677, #1072 ),
 .UNSPECIFIED., .F., .F. ) 
 B_SPLINE_CURVE_WITH_KNOTS ( ( 3, 3 ),
 ( 1.714324560204813200, 2.998425744477961600 ),
 .UNSPECIFIED. ) 
 CURVE ( )  GEOMETRIC_REPRESENTATION_ITEM ( )  RATIONAL_B_SPLINE_CURVE ( ( 1.000000000000000000, 0.8008694680895566100, 1.000000000000000000 ) ) 
 REPRESENTATION_ITEM ( '' )  );
#1721 = CARTESIAN_POINT ( 'NONE',  ( -13.85640646055101900, -1.999999999999998700, 8.500000000000001800 ) ) ;
#1722 = CARTESIAN_POINT ( 'NONE',  ( 5.500000000000000000, 0.0000000000000000000, 2.100000000000000100 ) ) ;
#1723 = CARTESIAN_POINT ( 'NONE',  ( 4.252617487574490000, 9.365749553634977100, 0.0000000000000000000 ) ) ;
#1724 = CARTESIAN_POINT ( 'NONE',  ( 0.0000000000000000000, 0.0000000000000000000, 0.0000000000000000000 ) ) ;
#1725 = PRODUCT_RELATED_PRODUCT_CATEGORY ( 'detail', '', ( #2124 ) ) ;
#1726 = CARTESIAN_POINT ( 'NONE',  ( -2.005012930814970700, 13.87340975402964600, 0.0000000000000000000 ) ) ;
#1727 = APPLICATION_CONTEXT ( 'configuration controlled 3d designs of mechanical parts and assemblies' ) ;
#1728 = CARTESIAN_POINT ( 'NONE',  ( -5.499999999999999100, -3.561408848258640800, 0.8000000000000001600 ) ) ;
#1729 = DIRECTION ( 'NONE',  ( -1.039531310950636400E-014, -1.000000000000000000, 0.0000000000000000000 ) ) ;
#1730 = AXIS2_PLACEMENT_3D ( 'NONE', #1881, #1496, #2045 ) ;
#1731 = B_SPLINE_CURVE_WITH_KNOTS ( 'NONE', 1,
 ( #1184, #422 ),
 .UNSPECIFIED., .F., .F.,
 ( 2, 2 ),
 ( 0.0001435935394489811600, 0.001154767421334870800 ),
 .UNSPECIFIED. ) ;
#1732 = CARTESIAN_POINT ( 'NONE',  ( 5.000000000000000000, 6.123233995736766300E-016, 0.0000000000000000000 ) ) ;
#1733 = SECURITY_CLASSIFICATION_LEVEL ( 'unclassified' ) ;
#1734 = APPROVAL ( #2093, '未指定' ) ;
#1735 = CARTESIAN_POINT ( 'NONE',  ( 13.00000000000000200, 13.00000000000000500, 1.000000000000000900 ) ) ;
#1736 = CARTESIAN_POINT ( 'NONE',  ( 2.000000000000018200, 13.88209376666335100, 2.000000000000000000 ) ) ;
#1737 = COORDINATED_UNIVERSAL_TIME_OFFSET ( 8, 0, .AHEAD. ) ;
#1738 = CARTESIAN_POINT ( 'NONE',  ( 5.500000000000000000, 6.735557395310442000E-016, 0.5000000000000000000 ) ) ;
#1739 = DATE_AND_TIME ( #1377, #835 ) ;
#1740 = TRIMMED_CURVE ( 'NONE', #1716, ( PARAMETER_VALUE ( 0.0000000000000000000 ), #1723 ), ( PARAMETER_VALUE ( 1.000000000000000200 ), #1316 ), .T., .PARAMETER. ) ;
#1741 = PERSON_AND_ORGANIZATION_ROLE ( 'creator' ) ;
#1742 = COORDINATED_UNIVERSAL_TIME_OFFSET ( 8, 0, .AHEAD. ) ;
#1743 = LINE ( 'NONE', #164, #1588 ) ;
#1744 = B_SPLINE_CURVE_WITH_KNOTS ( 'NONE', 1,
 ( #2019, #667 ),
 .UNSPECIFIED., .F., .F.,
 ( 2, 2 ),
 ( 0.0000000000000000000, 0.001964230768103885200 ),
 .UNSPECIFIED. ) ;
#1745 = CARTESIAN_POINT ( 'NONE',  ( -13.00000000000000200, 0.0000000000000000000, 7.500000000000000900 ) ) ;
#1746 = VECTOR ( 'NONE', #1157, 2.000000000000000000 ) ;
#1747 = CARTESIAN_POINT ( 'NONE',  ( 0.0000000000000000000, 0.0000000000000000000, 0.0000000000000000000 ) ) ;
#1748 =( BOUNDED_CURVE ( )  B_SPLINE_CURVE ( 2, ( #2452, #177, #1679 ),
 .UNSPECIFIED., .F., .F. ) 
 B_SPLINE_CURVE_WITH_KNOTS ( ( 3, 3 ),
 ( 2.196469736573968900, 3.039403131574284400 ),
 .UNSPECIFIED. ) 
 CURVE ( )  GEOMETRIC_REPRESENTATION_ITEM ( )  RATIONAL_B_SPLINE_CURVE ( ( 1.000000000000000000, 0.9124898971705687200, 1.000000000000000000 ) ) 
 REPRESENTATION_ITEM ( '' )  );
#1749 = CARTESIAN_POINT ( 'NONE',  ( -2.000000000000018200, -15.84632453476723600, 3.000000000000000000 ) ) ;
#1750 = APPROVAL_ROLE ( '' ) ;
#1751 = B_SPLINE_CURVE_WITH_KNOTS ( 'NONE', 1,
 ( #301, #499 ),
 .UNSPECIFIED., .F., .F.,
 ( 2, 2 ),
 ( 0.0000000000000000000, 0.004000000000000000100 ),
 .UNSPECIFIED. ) ;
#1752 = AXIS2_PLACEMENT_3D ( 'NONE', #2229, #2264, #1312 ) ;
#1753 = CARTESIAN_POINT ( 'NONE',  ( -0.9999999999999998900, 0.9999999999999998900, 0.0000000000000000000 ) ) ;
#1754 = DIRECTION ( 'NONE',  ( 0.0000000000000000000, 0.0000000000000000000, -1.000000000000000000 ) ) ;
#1755 = SECURITY_CLASSIFICATION ( '', '', #2321 ) ;
#1756 = CARTESIAN_POINT ( 'NONE',  ( -3.367778697655221000E-016, 5.500000000000000000, 0.5000000000000000000 ) ) ;
#1757 = PERSON_AND_ORGANIZATION_ROLE ( 'design_owner' ) ;
#1758 = CARTESIAN_POINT ( 'NONE',  ( 9.524697460949624900, 13.42660781724169200, 4.498529725452346600 ) ) ;
#1759 = TRIMMED_CURVE ( 'NONE', #785, ( PARAMETER_VALUE ( 0.0000000000000000000 ), #2087 ), ( PARAMETER_VALUE ( 1.284101184273162400 ), #957 ), .T., .PARAMETER. ) ;
#1760 = B_SPLINE_CURVE_WITH_KNOTS ( 'NONE', 1,
 ( #1154, #973 ),
 .UNSPECIFIED., .F., .F.,
 ( 2, 2 ),
 ( 0.0000000000000000000, 0.0008000000000000000400 ),
 .UNSPECIFIED. ) ;
#1761 = CARTESIAN_POINT ( 'NONE',  ( -13.85640646055102100, 2.000000000000000400, 8.500000000000001800 ) ) ;
#1762 = B_SPLINE_CURVE_WITH_KNOTS ( 'NONE', 1,
 ( #1882, #737 ),
 .UNSPECIFIED., .F., .F.,
 ( 2, 2 ),
 ( -0.007500000000000002300, -0.006500000000000000600 ),
 .UNSPECIFIED. ) ;
#1763 = CARTESIAN_POINT ( 'NONE',  ( -13.88209376666334400, -2.000000000000030200, 2.000000000000000000 ) ) ;
#1764 = PERSON_AND_ORGANIZATION_ROLE ( 'classification_officer' ) ;
#1765 = SECURITY_CLASSIFICATION ( '', '', #30 ) ;
#1766 = CARTESIAN_POINT ( 'NONE',  ( 1.999999999999866100, 12.84523257866515200, 8.500000000000001800 ) ) ;
#1767 = CONTEXT_DEPENDENT_SHAPE_REPRESENTATION ( #794, #618 ) ;
#1768 = COORDINATED_UNIVERSAL_TIME_OFFSET ( 8, 0, .AHEAD. ) ;
#1769 = B_SPLINE_CURVE_WITH_KNOTS ( 'NONE', 1,
 ( #1007, #2154 ),
 .UNSPECIFIED., .F., .F.,
 ( 2, 2 ),
 ( -0.0000000000000000000, 1.470274547652784800E-006 ),
 .UNSPECIFIED. ) ;
#1770 = CARTESIAN_POINT ( 'NONE',  ( 0.09508313639458371200, 0.7646888231784241300, 3.741409711877516500 ) ) ;
#1771 = CARTESIAN_POINT ( 'NONE',  ( 12.37418934688454000, 12.37866125011706800, 1.000000000000000000 ) ) ;
#1772 = APPROVAL_ROLE ( '' ) ;
#1773 = VECTOR ( 'NONE', #1282, 4.499999999999999100 ) ;
#1774 = B_SPLINE_CURVE_WITH_KNOTS ( 'NONE', 1,
 ( #1907, #767 ),
 .UNSPECIFIED., .F., .F.,
 ( 2, 2 ),
 ( 0.006500000000000000600, 0.007500000000000002300 ),
 .UNSPECIFIED. ) ;
#1775 = CARTESIAN_POINT ( 'NONE',  ( 0.6072833668683923500, 2.948411433447146700, 1.399999999999999900 ) ) ;
#1776 = CARTESIAN_POINT ( 'NONE',  ( 4.052617487574507600, 9.019339392121231900, 4.500000000000000000 ) ) ;
#1777 = CARTESIAN_POINT ( 'NONE',  ( 2.000000000000018200, 14.88209376666334900, 2.000000000000000000 ) ) ;
#1778 = PERSON_AND_ORGANIZATION_ROLE ( 'creator' ) ;
#1779 = CARTESIAN_POINT ( 'NONE',  ( -13.00000000000000200, -13.00000000000000400, 1.000000000000000900 ) ) ;
#1780 = CARTESIAN_POINT ( 'NONE',  ( 2.249757518739515600, -5.018823677603649000, 1.399999999999999900 ) ) ;
#1781 = CARTESIAN_POINT ( 'NONE',  ( 4.752617487574487300, 10.23177495741941600, 0.0000000000000000000 ) ) ;
#1782 = B_SPLINE_CURVE_WITH_KNOTS ( 'NONE', 1,
 ( #2199, #1627 ),
 .UNSPECIFIED., .F., .F.,
 ( 2, 2 ),
 ( 0.0000000000000000000, 0.004000000000000000100 ),
 .UNSPECIFIED. ) ;
#1783 =( BOUNDED_CURVE ( )  B_SPLINE_CURVE ( 2, ( #858, #293, #1607 ),
 .UNSPECIFIED., .F., .F. ) 
 B_SPLINE_CURVE_WITH_KNOTS ( ( 3, 3 ),
 ( 3.141592653589793100, 4.290864838967155300 ),
 .UNSPECIFIED. ) 
 CURVE ( )  GEOMETRIC_REPRESENTATION_ITEM ( )  RATIONAL_B_SPLINE_CURVE ( ( 1.000000000000000000, 0.8393901523062640100, 1.000000000000000000 ) ) 
 REPRESENTATION_ITEM ( '' )  );
#1784 = CARTESIAN_POINT ( 'NONE',  ( 13.00000000000000200, -1.005988238676660800, 7.500000000000000900 ) ) ;
#1785 = CARTESIAN_POINT ( 'NONE',  ( 0.6072833668683927900, 2.948411433447147200, 0.2000000000000000900 ) ) ;
#1786 = B_SPLINE_CURVE_WITH_KNOTS ( 'NONE', 1,
 ( #1870, #1115 ),
 .UNSPECIFIED., .F., .F.,
 ( 2, 2 ),
 ( 0.0000000000000000000, 0.002000000000000000000 ),
 .UNSPECIFIED. ) ;
#1787 = CARTESIAN_POINT ( 'NONE',  ( 5.500000000000000000, 0.2809492259410326700, 0.8000000000000000400 ) ) ;
#1788 = CARTESIAN_POINT ( 'NONE',  ( 4.252617487574490000, 9.365749553634977100, 0.0000000000000000000 ) ) ;
#1789 = CARTESIAN_POINT ( 'NONE',  ( -13.88209376666335800, 1.999999999999969600, 2.999999999999999600 ) ) ;
#1790 = PERSON_AND_ORGANIZATION ( #2109, #2170 ) ;
#1791 = DATE_TIME_ROLE ( 'classification_date' ) ;
#1792 = PERSON_AND_ORGANIZATION ( #187, #2179 ) ;
#1793 = APPROVAL ( #445, '未指定' ) ;
#1794 = CARTESIAN_POINT ( 'NONE',  ( 2.249757518739515100, -2.000128539727356700, 0.2000000000000000900 ) ) ;
#1795 = COORDINATED_UNIVERSAL_TIME_OFFSET ( 8, 0, .AHEAD. ) ;
#1796 = B_SPLINE_CURVE_WITH_KNOTS ( 'NONE', 1,
 ( #468, #281 ),
 .UNSPECIFIED., .F., .F.,
 ( 2, 2 ),
 ( -0.002999999999999993600, 0.0000000000000000000 ),
 .UNSPECIFIED. ) ;
#1797 = VECTOR ( 'NONE', #1440, 2.999999999999993300 ) ;
#1798 = CIRCLE ( 'NONE', #1490, 14.01754525785239900 ) ;
#1799 = CARTESIAN_POINT ( 'NONE',  ( 6.524697460949623100, 13.04085346853606700, 4.498529725452346600 ) ) ;
#1800 = CARTESIAN_POINT ( 'NONE',  ( 5.000000000000000000, 6.123233995736766300E-016, 0.0000000000000000000 ) ) ;
#1801 = B_SPLINE_CURVE_WITH_KNOTS ( 'NONE', 1,
 ( #126, #698 ),
 .UNSPECIFIED., .F., .F.,
 ( 2, 2 ),
 ( 0.0001435935394490297400, 0.001154767421334919300 ),
 .UNSPECIFIED. ) ;
#1802 = CARTESIAN_POINT ( 'NONE',  ( -13.99999999999999800, -1.005154776142877800, 7.500000000000000900 ) ) ;
#1803 =( GEOMETRIC_REPRESENTATION_CONTEXT ( 3 ) GLOBAL_UNCERTAINTY_ASSIGNED_CONTEXT ( ( #1933 ) ) GLOBAL_UNIT_ASSIGNED_CONTEXT ( ( #945, #2268, #564 ) ) REPRESENTATION_CONTEXT ( 'NONE', 'WORKASPACE' ) );
#1804 = CARTESIAN_POINT ( 'NONE',  ( 14.00000000000000000, -3.429011037612589300E-015, 0.0000000000000000000 ) ) ;
#1805 = CARTESIAN_POINT ( 'NONE',  ( 2.857329179076197900, -0.9487822326543009500, 0.8000000000000000400 ) ) ;
#1806 = CARTESIAN_POINT ( 'NONE',  ( -0.7259781388222330500, 0.0000000000000000000, 0.0000000000000000000 ) ) ;
#1807 = CARTESIAN_POINT ( 'NONE',  ( -15.84632453476722900, -2.000000000000037300, 1.000000000000000000 ) ) ;
#1808 = CC_DESIGN_PERSON_AND_ORGANIZATION_ASSIGNMENT ( #1643, #614, ( #1554 ) ) ;
#1809 = TRIMMED_CURVE ( 'NONE', #2419, ( PARAMETER_VALUE ( 0.0000000000000000000 ), #674 ), ( PARAMETER_VALUE ( 0.9999999999999998900 ), #1832 ), .T., .PARAMETER. ) ;
#1810 = CARTESIAN_POINT ( 'NONE',  ( -5.000000000000000000, 6.123233995736766300E-016, 1.600000000000000100 ) ) ;
#1811 = B_SPLINE_CURVE_WITH_KNOTS ( 'NONE', 1,
 ( #236, #1014 ),
 .UNSPECIFIED., .F., .F.,
 ( 2, 2 ),
 ( 0.0000000000000000000, 0.0009999999999999991500 ),
 .UNSPECIFIED. ) ;
#1812 = CARTESIAN_POINT ( 'NONE',  ( 4.252617487574490000, 9.365749553634977100, 4.500000000000000000 ) ) ;
#1813 = CARTESIAN_POINT ( 'NONE',  ( -12.37418934688463400, -12.37866125011697300, 1.000000000000000000 ) ) ;
#1814 = B_SPLINE_CURVE_WITH_KNOTS ( 'NONE', 1,
 ( #2017, #115 ),
 .UNSPECIFIED., .F., .F.,
 ( 2, 2 ),
 ( 0.002000128539727359500, 0.005018565174711857000 ),
 .UNSPECIFIED. ) ;
#1815 = CARTESIAN_POINT ( 'NONE',  ( 0.3548907575299157200, 0.6146888231784247700, 3.741409711877516500 ) ) ;
#1816 = CARTESIAN_POINT ( 'NONE',  ( -9.539591339091658800E-014, 14.14508159514582500, 7.500000000000000900 ) ) ;
#1817 =( BOUNDED_CURVE ( )  B_SPLINE_CURVE ( 2, ( #2250, #2428, #665, #1479, #2244 ),
 .UNSPECIFIED., .F., .F. ) 
 B_SPLINE_CURVE_WITH_KNOTS ( ( 3, 2, 3 ),
 ( 3.141592653589793100, 4.712388980384689700, 6.283185307179586200 ),
 .UNSPECIFIED. ) 
 CURVE ( )  GEOMETRIC_REPRESENTATION_ITEM ( )  RATIONAL_B_SPLINE_CURVE ( ( 1.000000000000000000, 0.7071067811865475700, 1.000000000000000000, 0.7071067811865475700, 1.000000000000000000 ) ) 
 REPRESENTATION_ITEM ( '' )  );
#1818 = CARTESIAN_POINT ( 'NONE',  ( 0.9999999999999998900, -1.000000000000000200, 1.000000000000000000 ) ) ;
#1819 = CONTEXT_DEPENDENT_SHAPE_REPRESENTATION ( #1036, #387 ) ;
#1820 = PERSON_AND_ORGANIZATION ( #187, #2179 ) ;
#1821 = CARTESIAN_POINT ( 'NONE',  ( 0.2421057109229765300, 11.21933939212121900, 4.500000000000000000 ) ) ;
#1822 = PERSON_AND_ORGANIZATION ( #187, #2179 ) ;
#1823 = APPROVAL_PERSON_ORGANIZATION ( #607, #1734, #1134 ) ;
#1824 = VECTOR ( 'NONE', #1838, 1.199999999999999700 ) ;
#1825 = B_SPLINE_CURVE_WITH_KNOTS ( 'NONE', 1,
 ( #2353, #2363 ),
 .UNSPECIFIED., .F., .F.,
 ( 2, 2 ),
 ( -0.006500000000000000600, 0.001000000000000000000 ),
 .UNSPECIFIED. ) ;
#1826 = CARTESIAN_POINT ( 'NONE',  ( 12.84523257866512900, 2.000000000000000400, 8.500000000000001800 ) ) ;
#1827 = CARTESIAN_POINT ( 'NONE',  ( -1.000000000000000000, 1.224646799147353200E-016, 0.8000000000000000400 ) ) ;
#1828 = B_SPLINE_CURVE_WITH_KNOTS ( 'NONE', 1,
 ( #1340, #583 ),
 .UNSPECIFIED., .F., .F.,
 ( 2, 2 ),
 ( -0.0005999999999999999500, 0.0000000000000000000 ),
 .UNSPECIFIED. ) ;
#1829 =( BOUNDED_CURVE ( )  B_SPLINE_CURVE ( 2, ( #1655, #2038, #1683, #1481, #1268 ),
 .UNSPECIFIED., .F., .F. ) 
 B_SPLINE_CURVE_WITH_KNOTS ( ( 3, 2, 3 ),
 ( 0.0000000000000000000, 1.570796326794896600, 3.141592653589793100 ),
 .UNSPECIFIED. ) 
 CURVE ( )  GEOMETRIC_REPRESENTATION_ITEM ( )  RATIONAL_B_SPLINE_CURVE ( ( 1.000000000000000000, 0.7071067811865475700, 1.000000000000000000, 0.7071067811865475700, 1.000000000000000000 ) ) 
 REPRESENTATION_ITEM ( '' )  );
#1830 = CARTESIAN_POINT ( 'NONE',  ( 0.0000000000000000000, 0.0000000000000000000, 0.0000000000000000000 ) ) ;
#1831 = CARTESIAN_POINT ( 'NONE',  ( 14.88209376666333000, 2.000000000000137700, 1.000000000000000000 ) ) ;
#1832 = CARTESIAN_POINT ( 'NONE',  ( 6.524697460949623100, 13.04085346853606700, 0.0000000000000000000 ) ) ;
#1833 = CARTESIAN_POINT ( 'NONE',  ( -15.84632453476728000, -2.005012930814804600, 0.0000000000000000000 ) ) ;
#1834 = CARTESIAN_POINT ( 'NONE',  ( -1.608122649676636600E-016, 1.000000000000000000, 0.8000000000000000400 ) ) ;
#1835 = CARTESIAN_POINT ( 'NONE',  ( 0.2421057109229763600, 11.21933939212121900, 4.500000000000000000 ) ) ;
#1836 = DIRECTION ( 'NONE',  ( -1.000000000000000000, 0.0000000000000000000, 0.0000000000000000000 ) ) ;
#1837 = B_SPLINE_CURVE_WITH_KNOTS ( 'NONE', 1,
 ( #1799, #1984 ),
 .UNSPECIFIED., .F., .F.,
 ( 2, 2 ),
 ( 0.0003857543487056237100, 0.0007857543487056282300 ),
 .UNSPECIFIED. ) ;
#1838 = DIRECTION ( 'NONE',  ( 0.0000000000000000000, -1.000000000000000000, 0.0000000000000000000 ) ) ;
#1839 = CC_DESIGN_APPROVAL ( #1241, ( #133 ) ) ;
#1840 = CARTESIAN_POINT ( 'NONE',  ( 14.00000000000000200, 1.714505518806294800E-015, 8.500000000000001800 ) ) ;
#1841 = CARTESIAN_POINT ( 'NONE',  ( 13.00000000000000200, 1.592040838891559300E-015, 8.500000000000001800 ) ) ;
#1842 = CARTESIAN_POINT ( 'NONE',  ( 5.500000000000000000, 6.735557395310442000E-016, 0.0000000000000000000 ) ) ;
#1843 = GEOMETRICALLY_BOUNDED_WIREFRAME_SHAPE_REPRESENTATION ( '', ( #1693, #1510 ), #1570 ) ;
#1844 = CARTESIAN_POINT ( 'NONE',  ( 6.524697460949623100, 12.22660781724169100, 4.498529725452346600 ) ) ;
#1845 = CARTESIAN_POINT ( 'NONE',  ( -2.005012930814970700, 13.87340975402964800, 1.000000000000000000 ) ) ;
#1846 = CARTESIAN_POINT ( 'NONE',  ( -0.7259781388222331700, 0.0000000000000000000, 4.500000000000000000 ) ) ;
#1847 = B_SPLINE_CURVE_WITH_KNOTS ( 'NONE', 1,
 ( #1234, #1421 ),
 .UNSPECIFIED., .F., .F.,
 ( 2, 2 ),
 ( 0.002000128539727358600, 0.005018565174711855200 ),
 .UNSPECIFIED. ) ;
#1848 = LOCAL_TIME ( 18, 31, 31.00000000000000000, #1737 ) ;
#1849 = CARTESIAN_POINT ( 'NONE',  ( 14.88209376666337000, -1.999999999999862600, 2.000000000000000000 ) ) ;
#1850 = DIRECTION ( 'NONE',  ( -0.4999999999999919500, 4.163336342344315500E-017, 0.8660254037844432600 ) ) ;
#1851 = CARTESIAN_POINT ( 'NONE',  ( -1.000000000000000000, 1.224646799147353200E-016, 0.8000000000000000400 ) ) ;
#1852 = COORDINATED_UNIVERSAL_TIME_OFFSET ( 8, 0, .AHEAD. ) ;
#1853 = DIRECTION ( 'NONE',  ( 5.747092570607227700E-016, -1.000000000000000000, 0.0000000000000000000 ) ) ;
#1854 = PERSON_AND_ORGANIZATION ( #187, #2179 ) ;
#1855 = CARTESIAN_POINT ( 'NONE',  ( 6.524697460949623100, 12.64085346853606300, 0.0000000000000000000 ) ) ;
#1856 = CARTESIAN_POINT ( 'NONE',  ( 2.005012930814876500, -13.87340975402965900, 0.0000000000000000000 ) ) ;
#1857 = LINE ( 'NONE', #897, #1530 ) ;
#1858 = PRODUCT_DEFINITION_FORMATION_WITH_SPECIFIED_SOURCE ( '任何', '', #54, .NOT_KNOWN. ) ;
#1859 = DATE_AND_TIME ( #2358, #906 ) ;
#1860 = SHAPE_REPRESENTATION ( '单条腿V1', ( #1510 ), #1136 ) ;
#1861 = B_SPLINE_CURVE_WITH_KNOTS ( 'NONE', 1,
 ( #386, #404 ),
 .UNSPECIFIED., .F., .F.,
 ( 2, 2 ),
 ( 0.01387340975402964700, 0.01584632453476726000 ),
 .UNSPECIFIED. ) ;
#1862 = CARTESIAN_POINT ( 'NONE',  ( 13.88209376666333000, 2.000000000000127000, 2.999999999999999600 ) ) ;
#1863 = LINE ( 'NONE', #937, #1412 ) ;
#1864 = B_SPLINE_CURVE_WITH_KNOTS ( 'NONE', 1,
 ( #2023, #2044 ),
 .UNSPECIFIED., .F., .F.,
 ( 2, 2 ),
 ( 0.002000128539727359000, 0.005018823677603649800 ),
 .UNSPECIFIED. ) ;
#1865 = CARTESIAN_POINT ( 'NONE',  ( 13.99999999999999800, 1.005154776142867400, 8.500000000000001800 ) ) ;
#1866 = CARTESIAN_POINT ( 'NONE',  ( -2.250334105676050200, -2.000128539727361600, 0.8000000000000000400 ) ) ;
#1867 = CARTESIAN_POINT ( 'NONE',  ( 1.293757353273763200, 13.04085346853604600, 0.0000000000000000000 ) ) ;
#1868 = DIRECTION ( 'NONE',  ( 1.000000000000000000, -3.686287386450718200E-015, 0.0000000000000000000 ) ) ;
#1869 = B_SPLINE_CURVE_WITH_KNOTS ( 'NONE', 1,
 ( #2438, #1686 ),
 .UNSPECIFIED., .F., .F.,
 ( 2, 2 ),
 ( 0.0000000000000000000, 0.004000000000000000100 ),
 .UNSPECIFIED. ) ;
#1870 = CARTESIAN_POINT ( 'NONE',  ( 15.84632453476721500, 2.000000000000147900, 1.000000000000000000 ) ) ;
#1871 = DIRECTION ( 'NONE',  ( 1.000000000000000000, 0.0000000000000000000, 0.0000000000000000000 ) ) ;
#1872 = CARTESIAN_POINT ( 'NONE',  ( 3.221550042549819400, 4.457759002385307300, 0.2000000000000000900 ) ) ;
#1873 = CARTESIAN_POINT ( 'NONE',  ( -5.471307561289364700, 0.5610646752183052800, 0.8000000000000000400 ) ) ;
#1874 = B_SPLINE_CURVE_WITH_KNOTS ( 'NONE', 1,
 ( #1670, #1844 ),
 .UNSPECIFIED., .F., .F.,
 ( 2, 2 ),
 ( -0.0000000000000000000, 0.003000000000000000900 ),
 .UNSPECIFIED. ) ;
#1875 = CARTESIAN_POINT ( 'NONE',  ( -5.000000000000000000, 0.0000000000000000000, 0.0000000000000000000 ) ) ;
#1876 = CC_DESIGN_APPROVAL ( #1411, ( #1064 ) ) ;
#1877 = CARTESIAN_POINT ( 'NONE',  ( 1.999999999999981800, -13.88209376666335100, 2.000000000000000000 ) ) ;
#1878 = UNCERTAINTY_MEASURE_WITH_UNIT (LENGTH_MEASURE( 1.000000000000000100E-005 ), #943, 'distance_accuracy_value', 'NONE');
#1879 = CARTESIAN_POINT ( 'NONE',  ( 0.0000000000000000000, 2.000000000000000400, 7.500000000000000900 ) ) ;
#1880 = CARTESIAN_POINT ( 'NONE',  ( -1.000000000000000200, -0.9999999999999998900, 1.599999999999999900 ) ) ;
#1881 = CARTESIAN_POINT ( 'NONE',  ( 0.0000000000000000000, 0.0000000000000000000, 0.0000000000000000000 ) ) ;
#1882 = CARTESIAN_POINT ( 'NONE',  ( 2.000000000000048800, -13.85640646055101400, 8.500000000000001800 ) ) ;
#1883 = CARTESIAN_POINT ( 'NONE',  ( -13.87413330828054300, 2.000000000000145200, 0.0000000000000000000 ) ) ;
#1884 = LOCAL_TIME ( 18, 31, 31.00000000000000000, #2025 ) ;
#1885 = CALENDAR_DATE ( 2026, 12, 9 ) ;
#1886 = DIRECTION ( 'NONE',  ( -0.5000000000000041100, 4.163336342344343200E-017, -0.8660254037844364900 ) ) ;
#1887 = APPROVAL_DATE_TIME ( #432, #1734 ) ;
#1888 = VECTOR ( 'NONE', #1711, 2.103303284701583100 ) ;
#1889 = CARTESIAN_POINT ( 'NONE',  ( 0.0000000000000000000, 0.0000000000000000000, 1.600000000000000100 ) ) ;
#1890 = CARTESIAN_POINT ( 'NONE',  ( 13.85640646055101900, 2.000000000000001800, 7.500000000000000900 ) ) ;
#1891 = CARTESIAN_POINT ( 'NONE',  ( 0.2421057109229765300, 11.21933939212121900, 0.0000000000000000000 ) ) ;
#1892 = CARTESIAN_POINT ( 'NONE',  ( -13.84632453476724100, 2.000000000000144800, 0.0000000000000000000 ) ) ;
#1893 = CC_DESIGN_DATE_AND_TIME_ASSIGNMENT ( #1350, #2146, ( #1473 ) ) ;
#1894 = B_SPLINE_CURVE_WITH_KNOTS ( 'NONE', 1,
 ( #1111, #2225 ),
 .UNSPECIFIED., .F., .F.,
 ( 2, 2 ),
 ( 0.0000000000000000000, 0.001964230768103885200 ),
 .UNSPECIFIED. ) ;
#1895 = B_SPLINE_CURVE_WITH_KNOTS ( 'NONE', 1,
 ( #2159, #1433 ),
 .UNSPECIFIED., .F., .F.,
 ( 2, 2 ),
 ( 0.0000000000000000000, 0.0005999999999999999500 ),
 .UNSPECIFIED. ) ;
#1896 = CARTESIAN_POINT ( 'NONE',  ( 14.88209376666333000, 2.000000000000137700, 2.000000000000000000 ) ) ;
#1897 = APPLICATION_PROTOCOL_DEFINITION ( 'international standard', 'config_control_design', 1994, #1517 ) ;
#1898 = CARTESIAN_POINT ( 'NONE',  ( -1.000000000000000000, 1.224646799147353200E-016, 0.0000000000000000000 ) ) ;
#1899 = B_SPLINE_CURVE_WITH_KNOTS ( 'NONE', 1,
 ( #2161, #1225 ),
 .UNSPECIFIED., .F., .F.,
 ( 2, 2 ),
 ( -0.0000000000000000000, 0.0005000000000000002300 ),
 .UNSPECIFIED. ) ;
#1900 = DIRECTION ( 'NONE',  ( 0.0000000000000000000, 0.0000000000000000000, 1.000000000000000000 ) ) ;
#1901 = CARTESIAN_POINT ( 'NONE',  ( 5.500000000000000000, 5.499999999999999100, 2.100000000000000100 ) ) ;
#1902 = DIRECTION ( 'NONE',  ( 0.0000000000000000000, 0.0000000000000000000, 1.000000000000000000 ) ) ;
#1903 = CARTESIAN_POINT ( 'NONE',  ( -5.499999999999999100, -5.500000000000000900, 0.0000000000000000000 ) ) ;
#1904 = APPLICATION_CONTEXT ( 'configuration controlled 3d designs of mechanical parts and assemblies' ) ;
#1905 = CARTESIAN_POINT ( 'NONE',  ( -5.500000000000000000, 0.2812659928146238300, 0.8000000000000000400 ) ) ;
#1906 = SHAPE_REPRESENTATION ( '电池层上盖', ( #1510 ), #1570 ) ;
#1907 = CARTESIAN_POINT ( 'NONE',  ( -1.999999999999951800, -13.85640646055102800, 7.500000000000000900 ) ) ;
#1908 = CARTESIAN_POINT ( 'NONE',  ( 2.249757518739515600, -5.018823677603649000, 0.8000000000000000400 ) ) ;
#1909 = CARTESIAN_POINT ( 'NONE',  ( 1.293757353273763200, 13.04085346853604600, 0.0000000000000000000 ) ) ;
#1910 = DIRECTION ( 'NONE',  ( -8.662760924588682600E-016, 1.000000000000000000, 0.0000000000000000000 ) ) ;
#1911 = CARTESIAN_POINT ( 'NONE',  ( 2.000000000000018200, 14.88209376666334900, 1.000000000000000000 ) ) ;
#1912 = PERSON_AND_ORGANIZATION_ROLE ( 'design_owner' ) ;
#1913 = CALENDAR_DATE ( 2026, 12, 9 ) ;
#1914 = CARTESIAN_POINT ( 'NONE',  ( 1.000000000000000000, -2.449293598294706400E-016, 0.8000000000000000400 ) ) ;
#1915 = CARTESIAN_POINT ( 'NONE',  ( -2.005012930814970700, 13.87340975402965000, 0.0000000000000000000 ) ) ;
#1916 = CALENDAR_DATE ( 2026, 12, 9 ) ;
#1917 = VECTOR ( 'NONE', #684, 5.230940107675860600 ) ;
#1918 = CARTESIAN_POINT ( 'NONE',  ( -3.061616997868383100E-016, 5.000000000000000000, 0.0000000000000000000 ) ) ;
#1919 = TRIMMED_CURVE ( 'NONE', #220, ( PARAMETER_VALUE ( 0.0000000000000000000 ), #1086 ), ( PARAMETER_VALUE ( 1.000000000000000000 ), #136 ), .T., .PARAMETER. ) ;
#1920 = LINE ( 'NONE', #203, #1354 ) ;
#1921 = COORDINATED_UNIVERSAL_TIME_OFFSET ( 8, 0, .AHEAD. ) ;
#1922 = APPROVAL_ROLE ( '' ) ;
#1923 = LINE ( 'NONE', #1337, #1469 ) ;
#1924 = B_SPLINE_CURVE_WITH_KNOTS ( 'NONE', 1,
 ( #1580, #1395 ),
 .UNSPECIFIED., .F., .F.,
 ( 2, 2 ),
 ( 0.0000000000000000000, 0.0009999999999999991500 ),
 .UNSPECIFIED. ) ;
#1925 = CARTESIAN_POINT ( 'NONE',  ( 13.85640646055102100, 2.000000000000000400, 8.500000000000001800 ) ) ;
#1926 = CARTESIAN_POINT ( 'NONE',  ( -5.000000000000000000, 0.0000000000000000000, 2.100000000000000100 ) ) ;
#1927 = CARTESIAN_POINT ( 'NONE',  ( 2.000000000000018200, 13.88209376666335100, 2.000000000000000000 ) ) ;
#1928 = CC_DESIGN_PERSON_AND_ORGANIZATION_ASSIGNMENT ( #510, #34, ( #1755 ) ) ;
#1929 = CARTESIAN_POINT ( 'NONE',  ( 13.88209376666337200, -1.999999999999873000, 2.999999999999999600 ) ) ;
#1930 = APPLICATION_CONTEXT ( 'configuration controlled 3d designs of mechanical parts and assemblies' ) ;
#1931 = PRODUCT_DEFINITION_SHAPE ( 'NONE', 'NONE',  #2461 ) ;
#1932 = CARTESIAN_POINT ( 'NONE',  ( 7.844015098299181000, 13.42660781724169200, -0.001470274547651917500 ) ) ;
#1933 = UNCERTAINTY_MEASURE_WITH_UNIT (LENGTH_MEASURE( 1.000000000000000100E-005 ), #945, 'distance_accuracy_value', 'NONE');
#1934 = CARTESIAN_POINT ( 'NONE',  ( 0.9999999999999998900, -1.000000000000000200, 0.7999999999999999300 ) ) ;
#1935 = PRODUCT ( '单条腿V1', '单条腿V1', '', ( #631 ) ) ;
#1936 = CARTESIAN_POINT ( 'NONE',  ( -2.000000000000104800, -13.87413330828054800, 0.0000000000000000000 ) ) ;
#1937 = PERSON_AND_ORGANIZATION_ROLE ( 'classification_officer' ) ;
#1938 = B_SPLINE_CURVE_WITH_KNOTS ( 'NONE', 1,
 ( #1223, #1409 ),
 .UNSPECIFIED., .F., .F.,
 ( 2, 2 ),
 ( 0.02684523257866518200, 0.02785640646055107000 ),
 .UNSPECIFIED. ) ;
#1939 = B_SPLINE_CURVE_WITH_KNOTS ( 'NONE', 1,
 ( #2290, #1528 ),
 .UNSPECIFIED., .F., .F.,
 ( 2, 2 ),
 ( 0.002000128539727359000, 0.005018823677603649800 ),
 .UNSPECIFIED. ) ;
#1940 = CC_DESIGN_APPROVAL ( #2394, ( #1130 ) ) ;
#1941 = TRIMMED_CURVE ( 'NONE', #336, ( PARAMETER_VALUE ( 0.0000000000000000000 ), #1892 ), ( PARAMETER_VALUE ( 1.000000000000000000 ), #587 ), .T., .PARAMETER. ) ;
#1942 = DIRECTION ( 'NONE',  ( 0.0000000000000000000, 0.0000000000000000000, -1.000000000000000000 ) ) ;
#1943 = CARTESIAN_POINT ( 'NONE',  ( 12.84523257866513100, -2.000000000000000400, 8.500000000000001800 ) ) ;
#1944 = CARTESIAN_POINT ( 'NONE',  ( 5.095083136394562100, 9.424942861022824300, 3.741409711877517800 ) ) ;
#1945 = B_SPLINE_CURVE_WITH_KNOTS ( 'NONE', 1,
 ( #1749, #1159 ),
 .UNSPECIFIED., .F., .F.,
 ( 2, 2 ),
 ( 0.0000000000000000000, 0.001964230768103885200 ),
 .UNSPECIFIED. ) ;
#1946 = CARTESIAN_POINT ( 'NONE',  ( -1.999999999999981800, 13.88209376666335100, 2.000000000000000000 ) ) ;
#1947 = DATE_AND_TIME ( #183, #244 ) ;
#1948 = LINE ( 'NONE', #1109, #1432 ) ;
#1949 = APPROVAL_ROLE ( '' ) ;
#1950 = DATE_AND_TIME ( #1885, #1021 ) ;
#1951 = CARTESIAN_POINT ( 'NONE',  ( -13.85640646055102100, -2.000000000000000400, 7.500000000000000900 ) ) ;
#1952 = CALENDAR_DATE ( 2026, 12, 9 ) ;
#1953 = B_SPLINE_CURVE_WITH_KNOTS ( 'NONE', 1,
 ( #1042, #847 ),
 .UNSPECIFIED., .F., .F.,
 ( 2, 2 ),
 ( -0.004499999999999998800, 0.0000000000000000000 ),
 .UNSPECIFIED. ) ;
#1954 = CIRCLE ( 'NONE', #597, 14.00000000000000200 ) ;
#1955 = APPLICATION_PROTOCOL_DEFINITION ( 'international standard', 'config_control_design', 1994, #2130 ) ;
#1956 = B_SPLINE_CURVE_WITH_KNOTS ( 'NONE', 1,
 ( #1951, #990 ),
 .UNSPECIFIED., .F., .F.,
 ( 2, 2 ),
 ( 0.0001435935394489811600, 0.001154767421334870800 ),
 .UNSPECIFIED. ) ;
#1957 = DESIGN_CONTEXT ( 'detailed design', #2130, 'design' ) ;
#1958 = APPLICATION_PROTOCOL_DEFINITION ( 'international standard', 'config_control_design', 1994, #396 ) ;
#1959 = CARTESIAN_POINT ( 'NONE',  ( -5.471307561289364700, 0.5610646752183047200, 0.8000000000000000400 ) ) ;
#1960 = CARTESIAN_POINT ( 'NONE',  ( 0.09508313639458371200, 0.7646888231784241300, 0.7414097118775230300 ) ) ;
#1961 = CARTESIAN_POINT ( 'NONE',  ( 15.84632453476726800, 2.005012930814915200, 1.000000000000000000 ) ) ;
#1962 =( BOUNDED_CURVE ( )  B_SPLINE_CURVE ( 2, ( #1590, #1374, #1029, #2162, #619 ),
 .UNSPECIFIED., .F., .F. ) 
 B_SPLINE_CURVE_WITH_KNOTS ( ( 3, 2, 3 ),
 ( 0.0000000000000000000, 1.570796326794896600, 3.141592653589793100 ),
 .UNSPECIFIED. ) 
 CURVE ( )  GEOMETRIC_REPRESENTATION_ITEM ( )  RATIONAL_B_SPLINE_CURVE ( ( 1.000000000000000000, 0.7071067811865475700, 1.000000000000000000, 0.7071067811865475700, 1.000000000000000000 ) ) 
 REPRESENTATION_ITEM ( '' )  );
#1963 = APPROVAL_STATUS ( 'not_yet_approved' ) ;
#1964 = B_SPLINE_CURVE_WITH_KNOTS ( 'NONE', 1,
 ( #7, #539 ),
 .UNSPECIFIED., .F., .F.,
 ( 2, 2 ),
 ( -0.002250334105676052200, 0.002249757518739512900 ),
 .UNSPECIFIED. ) ;
#1965 = CC_DESIGN_SECURITY_CLASSIFICATION ( #1755, ( #133 ) ) ;
#1966 = CARTESIAN_POINT ( 'NONE',  ( 13.85640646055102100, 2.000000000000000400, 8.500000000000001800 ) ) ;
#1967 = COORDINATED_UNIVERSAL_TIME_OFFSET ( 8, 0, .AHEAD. ) ;
#1968 = B_SPLINE_CURVE_WITH_KNOTS ( 'NONE', 1,
 ( #1608, #1959 ),
 .UNSPECIFIED., .F., .F.,
 ( 2, 2 ),
 ( -0.0005999999999999999500, 0.0000000000000000000 ),
 .UNSPECIFIED. ) ;
#1969 = COORDINATED_UNIVERSAL_TIME_OFFSET ( 8, 0, .AHEAD. ) ;
#1970 = DATE_AND_TIME ( #1116, #1205 ) ;
#1971 = VECTOR ( 'NONE', #375, 1.472363177025763700 ) ;
#1972 = LINE ( 'NONE', #2047, #1536 ) ;
#1973 = VECTOR ( 'NONE', #734, 4.000000000000000900 ) ;
#1974 = CARTESIAN_POINT ( 'NONE',  ( 13.99999999999999800, -1.005154776142865200, 7.500000000000000900 ) ) ;
#1975 = B_SPLINE_CURVE_WITH_KNOTS ( 'NONE', 1,
 ( #1236, #93 ),
 .UNSPECIFIED., .F., .F.,
 ( 2, 2 ),
 ( 0.0000000000000000000, 0.004499999999999998800 ),
 .UNSPECIFIED. ) ;
#1976 = VECTOR ( 'NONE', #1505, 4.005012930814970700 ) ;
#1977 = CARTESIAN_POINT ( 'NONE',  ( -5.219763809935855600, 3.014031845607440600, 1.399999999999999900 ) ) ;
#1978 = CARTESIAN_POINT ( 'NONE',  ( 6.524697460949623100, 12.64085346853606300, 4.498529725452346600 ) ) ;
#1979 = CARTESIAN_POINT ( 'NONE',  ( 15.84632453476721500, 2.000000000000147900, 3.000000000000000000 ) ) ;
#1980 = B_SPLINE_CURVE_WITH_KNOTS ( 'NONE', 1,
 ( #2396, #1443 ),
 .UNSPECIFIED., .F., .F.,
 ( 2, 2 ),
 ( -0.008500000000000000600, -0.007500000000000002300 ),
 .UNSPECIFIED. ) ;
#1981 = CC_DESIGN_PERSON_AND_ORGANIZATION_ASSIGNMENT ( #333, #211, ( #1130 ) ) ;
#1982 = CARTESIAN_POINT ( 'NONE',  ( -1.999999999999955800, -12.84523257866513800, 8.500000000000001800 ) ) ;
#1983 = CARTESIAN_POINT ( 'NONE',  ( 2.857329179076197900, -0.9487822326543009500, 1.399999999999999900 ) ) ;
#1984 = CARTESIAN_POINT ( 'NONE',  ( 6.524697460949623100, 12.64085346853606300, 4.498529725452346600 ) ) ;
#1985 = CARTESIAN_POINT ( 'NONE',  ( -13.87340975402966800, -2.005012930814825500, 0.0000000000000000000 ) ) ;
#1986 = TRIMMED_CURVE ( 'NONE', #975, ( PARAMETER_VALUE ( 0.0000000000000000000 ), #509 ), ( PARAMETER_VALUE ( 0.9999999999999984500 ), #487 ), .T., .PARAMETER. ) ;
#1987 = CARTESIAN_POINT ( 'NONE',  ( -2.000000000000045300, 12.84523257866512400, 8.500000000000001800 ) ) ;
#1988 = CARTESIAN_POINT ( 'NONE',  ( 1.000000000000000000, -2.449293598294706400E-016, 0.0000000000000000000 ) ) ;
#1989 = CARTESIAN_POINT ( 'NONE',  ( 3.221550042549819800, 4.457759002385307300, 0.8000000000000000400 ) ) ;
#1990 = B_SPLINE_CURVE_WITH_KNOTS ( 'NONE', 1,
 ( #2211, #469 ),
 .UNSPECIFIED., .F., .F.,
 ( 2, 2 ),
 ( 0.0000000000000000000, 0.004000000000000178800 ),
 .UNSPECIFIED. ) ;
#1991 = CARTESIAN_POINT ( 'NONE',  ( 6.524697460949623100, 13.42660781724169200, 4.498529725452346600 ) ) ;
#1992 = CARTESIAN_POINT ( 'NONE',  ( 14.88209376666337000, -2.000000000000044900, 1.000000000000000000 ) ) ;
#1993 = B_SPLINE_CURVE_WITH_KNOTS ( 'NONE', 1,
 ( #555, #344 ),
 .UNSPECIFIED., .F., .F.,
 ( 2, 2 ),
 ( 0.0000000000000000000, 0.0005999999999999999500 ),
 .UNSPECIFIED. ) ;
#1994 = CONTEXT_DEPENDENT_SHAPE_REPRESENTATION ( #1407, #1931 ) ;
#1995 = AXIS2_PLACEMENT_3D ( 'NONE', #1467, #728, #522 ) ;
#1996 = COORDINATED_UNIVERSAL_TIME_OFFSET ( 8, 0, .AHEAD. ) ;
#1997 = LINE ( 'NONE', #101, #1495 ) ;
#1998 = SECURITY_CLASSIFICATION ( '', '', #1389 ) ;
#1999 = B_SPLINE_CURVE_WITH_KNOTS ( 'NONE', 1,
 ( #123, #1666 ),
 .UNSPECIFIED., .F., .F.,
 ( 2, 2 ),
 ( 0.003000000000000000100, 0.004000000000000000100 ),
 .UNSPECIFIED. ) ;
#2000 = CARTESIAN_POINT ( 'NONE',  ( -1.999999999999954500, -13.85640646055102500, 7.500000000000000900 ) ) ;
#2001 = CARTESIAN_POINT ( 'NONE',  ( 0.6072833668683927900, 2.948411433447147200, 0.8000000000000000400 ) ) ;
#2002 = LOCAL_TIME ( 18, 31, 31.00000000000000000, #1352 ) ;
#2003 = CARTESIAN_POINT ( 'NONE',  ( 3.221550042549819400, 4.457759002385308200, 0.8000000000000000400 ) ) ;
#2004 = CARTESIAN_POINT ( 'NONE',  ( 4.252617487574490000, 9.365749553634977100, 0.0000000000000000000 ) ) ;
#2005 = CARTESIAN_POINT ( 'NONE',  ( 2.005012930814861000, -15.84632453476727300, 1.000000000000000000 ) ) ;
#2006 = CARTESIAN_POINT ( 'NONE',  ( 6.524697460949623100, 13.42660781724169200, -0.001470274547651917500 ) ) ;
#2007 = CARTESIAN_POINT ( 'NONE',  ( -13.99999999999999800, 1.005154776142878700, 8.500000000000001800 ) ) ;
#2008 =( BOUNDED_CURVE ( )  B_SPLINE_CURVE ( 2, ( #1593, #290, #490 ),
 .UNSPECIFIED., .F., .F. ) 
 B_SPLINE_CURVE_WITH_KNOTS ( ( 3, 3 ),
 ( 1.416336728310722900, 1.725255925279084200 ),
 .UNSPECIFIED. ) 
 CURVE ( )  GEOMETRIC_REPRESENTATION_ITEM ( )  RATIONAL_B_SPLINE_CURVE ( ( 1.000000000000000000, 0.9880948137434719700, 1.000000000000000000 ) ) 
 REPRESENTATION_ITEM ( '' )  );
#2009 = CARTESIAN_POINT ( 'NONE',  ( -2.251371709547291100E-015, 14.00000000000000000, 0.0000000000000000000 ) ) ;
#2010 = CARTESIAN_POINT ( 'NONE',  ( 0.6072833668683923500, 2.948411433447146700, 0.2000000000000000900 ) ) ;
#2011 =( BOUNDED_CURVE ( )  B_SPLINE_CURVE ( 2, ( #191, #576, #2284, #27, #566 ),
 .UNSPECIFIED., .F., .F. ) 
 B_SPLINE_CURVE_WITH_KNOTS ( ( 3, 2, 3 ),
 ( 0.0000000000000000000, 1.570796326794896600, 3.141592653589793100 ),
 .UNSPECIFIED. ) 
 CURVE ( )  GEOMETRIC_REPRESENTATION_ITEM ( )  RATIONAL_B_SPLINE_CURVE ( ( 1.000000000000000000, 0.7071067811865475700, 1.000000000000000000, 0.7071067811865475700, 1.000000000000000000 ) ) 
 REPRESENTATION_ITEM ( '' )  );
#2012 = TRIMMED_CURVE ( 'NONE', #1357, ( PARAMETER_VALUE ( 0.0000000000000000000 ), #2251 ), ( PARAMETER_VALUE ( 1.000000000000000000 ), #356 ), .T., .PARAMETER. ) ;
#2013 = CARTESIAN_POINT ( 'NONE',  ( -0.3629890694111166400, -0.9973042717158877600, 0.3629890694111165800 ) ) ;
#2014 = CARTESIAN_POINT ( 'NONE',  ( -2.000000000000018200, -13.88209376666335100, 2.999999999999999600 ) ) ;
#2015 = CC_DESIGN_PERSON_AND_ORGANIZATION_ASSIGNMENT ( #2208, #1764, ( #488 ) ) ;
#2016 = CARTESIAN_POINT ( 'NONE',  ( -1.999999999999981800, 15.84632453476725700, 1.000000000000000000 ) ) ;
#2017 = CARTESIAN_POINT ( 'NONE',  ( 2.857329179076198300, -0.9487822326543007300, 0.8000000000000000400 ) ) ;
#2018 = CARTESIAN_POINT ( 'NONE',  ( 6.524697460949623100, 12.22660781724169100, -0.001470274547651917500 ) ) ;
#2019 = CARTESIAN_POINT ( 'NONE',  ( 2.000000000000018200, 15.84632453476723600, 3.000000000000000000 ) ) ;
#2020 = B_SPLINE_CURVE_WITH_KNOTS ( 'NONE', 1,
 ( #1019, #825 ),
 .UNSPECIFIED., .F., .F.,
 ( 2, 2 ),
 ( 0.0000000000000000000, 0.001472363177025763800 ),
 .UNSPECIFIED. ) ;
#2021 = CARTESIAN_POINT ( 'NONE',  ( 6.524697460949623100, 13.42660781724169200, 4.498529725452346600 ) ) ;
#2022 = CARTESIAN_POINT ( 'NONE',  ( -2.005012930814970700, 13.87340975402964600, 1.000000000000000000 ) ) ;
#2023 = CARTESIAN_POINT ( 'NONE',  ( 2.249757518739515100, -2.000128539727356700, 0.8000000000000000400 ) ) ;
#2024 =( BOUNDED_CURVE ( )  B_SPLINE_CURVE ( 2, ( #98, #493, #2009, #867, #2196 ),
 .UNSPECIFIED., .F., .F. ) 
 B_SPLINE_CURVE_WITH_KNOTS ( ( 3, 2, 3 ),
 ( 1.224646799147353200E-016, 1.570796326794896800, 3.141592653589793100 ),
 .UNSPECIFIED. ) 
 CURVE ( )  GEOMETRIC_REPRESENTATION_ITEM ( )  RATIONAL_B_SPLINE_CURVE ( ( 1.000000000000000000, 0.7071067811865475700, 1.000000000000000000, 0.7071067811865475700, 1.000000000000000000 ) ) 
 REPRESENTATION_ITEM ( '' )  );
#2025 = COORDINATED_UNIVERSAL_TIME_OFFSET ( 8, 0, .AHEAD. ) ;
#2026 = CARTESIAN_POINT ( 'NONE',  ( 1.293757353273763200, 13.04085346853604600, 4.500000000000000000 ) ) ;
#2027 = CARTESIAN_POINT ( 'NONE',  ( 5.000000000000000000, 6.123233995736766300E-016, 0.5000000000000000000 ) ) ;
#2028 = LOCAL_TIME ( 18, 31, 31.00000000000000000, #453 ) ;
#2029 = CARTESIAN_POINT ( 'NONE',  ( 5.354890757529894100, 9.274942861022825700, 0.7414097118775242500 ) ) ;
#2030 = TRIMMED_CURVE ( 'NONE', #2180, ( PARAMETER_VALUE ( 0.0000000000000000000 ), #2077 ), ( PARAMETER_VALUE ( 0.8942738232232053700 ), #954 ), .T., .PARAMETER. ) ;
#2031 = CARTESIAN_POINT ( 'NONE',  ( 12.84523257866512900, -2.000000000000003600, 8.500000000000001800 ) ) ;
#2032 = LOCAL_TIME ( 18, 31, 31.00000000000000000, #1795 ) ;
#2033 = VECTOR ( 'NONE', #2408, 4.500000000000000000 ) ;
#2034 = CARTESIAN_POINT ( 'NONE',  ( -13.00000000000000200, -3.184081677783118600E-015, 7.500000000000000900 ) ) ;
#2035 = CARTESIAN_POINT ( 'NONE',  ( 2.857329179076197900, -0.9487822326543009500, 0.8000000000000000400 ) ) ;
#2036 = VECTOR ( 'NONE', #2099, 1.999999999999998200 ) ;
#2037 = CARTESIAN_POINT ( 'NONE',  ( -0.3629890694111165800, -0.9973042717158879800, 0.3629890694111165800 ) ) ;
#2038 = CARTESIAN_POINT ( 'NONE',  ( 1.000000000000000000, 0.9999999999999998900, 0.0000000000000000000 ) ) ;
#2039 = CARTESIAN_POINT ( 'NONE',  ( 6.524697460949623100, 13.42660781724169200, 4.498529725452346600 ) ) ;
#2040 = B_SPLINE_CURVE_WITH_KNOTS ( 'NONE', 1,
 ( #1428, #2014 ),
 .UNSPECIFIED., .F., .F.,
 ( 2, 2 ),
 ( 0.0000000000000000000, 0.004000000000000000100 ),
 .UNSPECIFIED. ) ;
#2041 = CARTESIAN_POINT ( 'NONE',  ( 2.005012930814861000, -15.84632453476727300, 0.0000000000000000000 ) ) ;
#2042 = TRIMMED_CURVE ( 'NONE', #840, ( PARAMETER_VALUE ( 0.0000000000000000000 ), #109 ), ( PARAMETER_VALUE ( 1.000000000000000000 ), #2399 ), .T., .PARAMETER. ) ;
#2043 = CARTESIAN_POINT ( 'NONE',  ( 0.1292544044071365900, 15.24665703510704900, 20.25989005998355500 ) ) ;
#2044 = CARTESIAN_POINT ( 'NONE',  ( 2.249757518739518200, -5.018823677603647200, 0.8000000000000000400 ) ) ;
#2045 = DIRECTION ( 'NONE',  ( 0.9563047559630352100, 0.2923717047227372700, 0.0000000000000000000 ) ) ;
#2046 = CARTESIAN_POINT ( 'NONE',  ( -0.7259781388222331700, 0.0000000000000000000, 0.0000000000000000000 ) ) ;
#2047 = CARTESIAN_POINT ( 'NONE',  ( 1.999999999999997300, 15.84632453476723600, 0.0000000000000000000 ) ) ;
#2048 = B_SPLINE_CURVE_WITH_KNOTS ( 'NONE', 1,
 ( #1132, #1321 ),
 .UNSPECIFIED., .F., .F.,
 ( 2, 2 ),
 ( 0.0000000000000000000, 0.004000000000000000100 ),
 .UNSPECIFIED. ) ;
#2049 = CARTESIAN_POINT ( 'NONE',  ( 1.999999999999981800, -13.88209376666335100, 2.999999999999999600 ) ) ;
#2050 = CARTESIAN_POINT ( 'NONE',  ( 2.249757518739515100, -2.000128539727356700, 0.8000000000000000400 ) ) ;
#2051 = B_SPLINE_CURVE_WITH_KNOTS ( 'NONE', 1,
 ( #1275, #1654 ),
 .UNSPECIFIED., .F., .F.,
 ( 2, 2 ),
 ( -0.002999999999999993600, 0.0000000000000000000 ),
 .UNSPECIFIED. ) ;
#2052 = CARTESIAN_POINT ( 'NONE',  ( 6.524697460949623100, 12.22660781724169100, -0.001470274547651917500 ) ) ;
#2053 = CARTESIAN_POINT ( 'NONE',  ( 13.87413330828055500, -2.000000000000056000, 0.0000000000000000000 ) ) ;
#2054 = CALENDAR_DATE ( 2026, 12, 9 ) ;
#2055 =( BOUNDED_CURVE ( )  B_SPLINE_CURVE ( 2, ( #1370, #1540, #778, #1735, #233 ),
 .UNSPECIFIED., .F., .F. ) 
 B_SPLINE_CURVE_WITH_KNOTS ( ( 3, 2, 3 ),
 ( 3.141592653589793100, 4.712388980384689700, 6.283185307179586200 ),
 .UNSPECIFIED. ) 
 CURVE ( )  GEOMETRIC_REPRESENTATION_ITEM ( )  RATIONAL_B_SPLINE_CURVE ( ( 1.000000000000000000, 0.7071067811865475700, 1.000000000000000000, 0.7071067811865475700, 1.000000000000000000 ) ) 
 REPRESENTATION_ITEM ( '' )  );
#2056 = DIRECTION ( 'NONE',  ( 0.0000000000000000000, 0.0000000000000000000, -1.000000000000000000 ) ) ;
#2057 = CARTESIAN_POINT ( 'NONE',  ( -5.471307561289364700, 0.5610646752183052800, 0.2000000000000000900 ) ) ;
#2058 = DATE_AND_TIME ( #2145, #1459 ) ;
#2059 = CARTESIAN_POINT ( 'NONE',  ( -4.999999999999999100, 4.999999999999999100, 1.599999999999999900 ) ) ;
#2060 = PERSON_AND_ORGANIZATION ( #187, #2179 ) ;
#2061 = CARTESIAN_POINT ( 'NONE',  ( 12.37866125011701600, -12.37418934688458600, 0.0000000000000000000 ) ) ;
#2062 = CC_DESIGN_PERSON_AND_ORGANIZATION_ASSIGNMENT ( #491, #765, ( #276 ) ) ;
#2063 = PERSON_AND_ORGANIZATION ( #187, #2179 ) ;
#2064 = CARTESIAN_POINT ( 'NONE',  ( 1.999999999999998200, 13.87413330828056200, 0.0000000000000000000 ) ) ;
#2065 = CARTESIAN_POINT ( 'NONE',  ( 0.0000000000000000000, 2.000000000000000400, 7.500000000000000900 ) ) ;
#2066 = B_SPLINE_CURVE_WITH_KNOTS ( 'NONE', 1,
 ( #501, #340 ),
 .UNSPECIFIED., .F., .F.,
 ( 2, 2 ),
 ( 0.0000000000000000000, 0.0004000000000000045200 ),
 .UNSPECIFIED. ) ;
#2067 = CARTESIAN_POINT ( 'NONE',  ( 2.250000000000000400, -5.023680395267456700, 0.8000000000000000400 ) ) ;
#2068 = CARTESIAN_POINT ( 'NONE',  ( 13.85640646055102100, -2.000000000000000400, 8.500000000000001800 ) ) ;
#2069 = CARTESIAN_POINT ( 'NONE',  ( 4.252617487574490000, 9.365749553634977100, 0.0000000000000000000 ) ) ;
#2070 = CARTESIAN_POINT ( 'NONE',  ( -13.87340975402966800, -2.005012930814825500, 0.0000000000000000000 ) ) ;
#2071 = B_SPLINE_CURVE_WITH_KNOTS ( 'NONE', 1,
 ( #1648, #321 ),
 .UNSPECIFIED., .F., .F.,
 ( 2, 2 ),
 ( -0.0000000000000000000, 0.001964230768103885200 ),
 .UNSPECIFIED. ) ;
#2072 = TRIMMED_CURVE ( 'NONE', #1403, ( PARAMETER_VALUE ( 0.0000000000000000000 ), #1564 ), ( PARAMETER_VALUE ( 1.000000000000000400 ), #1758 ), .T., .PARAMETER. ) ;
#2073 = CARTESIAN_POINT ( 'NONE',  ( 14.88209376666333000, 2.000000000000137700, 1.000000000000000000 ) ) ;
#2074 = DIRECTION ( 'NONE',  ( 0.9563047559630353200, 0.2923717047227373200, 0.0000000000000000000 ) ) ;
#2075 = CARTESIAN_POINT ( 'NONE',  ( 5.500000000000000000, -6.735557395310442000E-016, 0.8000000000000000400 ) ) ;
#2076 = B_SPLINE_CURVE_WITH_KNOTS ( 'NONE', 1,
 ( #286, #91 ),
 .UNSPECIFIED., .F., .F.,
 ( 2, 2 ),
 ( 0.0000000000000000000, 0.0005999999999999999500 ),
 .UNSPECIFIED. ) ;
#2077 = CARTESIAN_POINT ( 'NONE',  ( -2.250334105676046200, -5.018565174711858000, 0.8000000000000000400 ) ) ;
#2078 = CARTESIAN_POINT ( 'NONE',  ( 0.5885158724367519600, 11.01933939212122100, 0.0000000000000000000 ) ) ;
#2079 = CARTESIAN_POINT ( 'NONE',  ( 2.005012930814861000, -15.84632453476727300, 0.0000000000000000000 ) ) ;
#2080 = CARTESIAN_POINT ( 'NONE',  ( 5.500000000000000000, 6.735557395310442000E-016, 0.0000000000000000000 ) ) ;
#2081 = APPROVAL_STATUS ( 'not_yet_approved' ) ;
#2082 = CARTESIAN_POINT ( 'NONE',  ( -2.857040885607912400, -0.9482828937198131100, 0.2000000000000000900 ) ) ;
#2083 = TRIMMED_CURVE ( 'NONE', #1923, ( PARAMETER_VALUE ( 0.0000000000000000000 ), #367 ), ( PARAMETER_VALUE ( 1.000000000000000000 ), #552 ), .T., .PARAMETER. ) ;
#2084 = DIRECTION ( 'NONE',  ( 0.9563047559630353200, 0.2923717047227373200, 0.0000000000000000000 ) ) ;
#2085 = CARTESIAN_POINT ( 'NONE',  ( 5.499999999999999100, -3.561857278769379900, 0.8000000000000000400 ) ) ;
#2086 = CARTESIAN_POINT ( 'NONE',  ( 6.524697460949623100, 12.64085346853606300, 0.0000000000000000000 ) ) ;
#2087 = CARTESIAN_POINT ( 'NONE',  ( 2.005012930814874700, -13.87340975402966100, 0.0000000000000000000 ) ) ;
#2088 = B_SPLINE_CURVE_WITH_KNOTS ( 'NONE', 1,
 ( #471, #1041 ),
 .UNSPECIFIED., .F., .F.,
 ( 2, 2 ),
 ( 0.002000128539727359500, 0.005018565174711857000 ),
 .UNSPECIFIED. ) ;
#2089 = COORDINATED_UNIVERSAL_TIME_OFFSET ( 8, 0, .AHEAD. ) ;
#2090 = TRIMMED_CURVE ( 'NONE', #841, ( PARAMETER_VALUE ( 0.0000000000000000000 ), #1123 ), ( PARAMETER_VALUE ( 0.9999999999999995600 ), #1692 ), .T., .PARAMETER. ) ;
#2091 = CARTESIAN_POINT ( 'NONE',  ( 14.88209376666337000, -2.000000000000045300, 1.000000000000000000 ) ) ;
#2092 = COORDINATED_UNIVERSAL_TIME_OFFSET ( 8, 0, .AHEAD. ) ;
#2093 = APPROVAL_STATUS ( 'not_yet_approved' ) ;
#2094 = APPROVAL_DATE_TIME ( #1264, #829 ) ;
#2095 = LINE ( 'NONE', #117, #2126 ) ;
#2096 = CARTESIAN_POINT ( 'NONE',  ( -14.00000000000000200, 0.0000000000000000000, 0.0000000000000000000 ) ) ;
#2097 = CARTESIAN_POINT ( 'NONE',  ( 4.999999999999999100, 5.000000000000000900, 2.100000000000000100 ) ) ;
#2098 = CIRCLE ( 'NONE', #219, 5.500000000000000000 ) ;
#2099 = DIRECTION ( 'NONE',  ( -1.000000000000000000, 1.062518129035795300E-014, 0.0000000000000000000 ) ) ;
#2100 = CC_DESIGN_PERSON_AND_ORGANIZATION_ASSIGNMENT ( #40, #1937, ( #1998 ) ) ;
#2101 = VECTOR ( 'NONE', #209, 1.000000000000000000 ) ;
#2102 = B_SPLINE_CURVE_WITH_KNOTS ( 'NONE', 1,
 ( #1245, #1610 ),
 .UNSPECIFIED., .F., .F.,
 ( 2, 2 ),
 ( -0.0000000000000000000, 0.01000000000000000200 ),
 .UNSPECIFIED. ) ;
#2103 = APPROVAL_ROLE ( '' ) ;
#2104 = CARTESIAN_POINT ( 'NONE',  ( -5.500000000000000000, 6.735557395310442000E-016, 0.8000000000000000400 ) ) ;
#2105 = B_SPLINE_CURVE_WITH_KNOTS ( 'NONE', 1,
 ( #1925, #43 ),
 .UNSPECIFIED., .F., .F.,
 ( 2, 2 ),
 ( -0.007500000000000002300, -0.006500000000000000600 ),
 .UNSPECIFIED. ) ;
#2106 = CARTESIAN_POINT ( 'NONE',  ( -14.00000000000000000, 1.714505518806294600E-015, 8.500000000000001800 ) ) ;
#2107 = CARTESIAN_POINT ( 'NONE',  ( -2.250334105676046200, -5.018565174711858000, 1.399999999999999900 ) ) ;
#2108 = CARTESIAN_POINT ( 'NONE',  ( -2.000000000000191800, -15.84632453476713100, 0.0000000000000000000 ) ) ;
#2109 = PERSON ( 'NAUO-PER4', 'UNSPECIFIED', 'UNSPECIFIED', ('UNSPECIFIED'), ('UNSPECIFIED'), ('UNSPECIFIED') ) ;
#2110 = GEOMETRIC_CURVE_SET ( 'NONE', ( #262, #1376, #76, #2339, #1304, #1301, #1016, #823, #497, #308, #524, #1720, #2364, #1482, #1043, #1591, #2297, #2181, #856, #234, #417, #1999, #1273, #119, #2407, #1751, #1124, #2258, #1786, #615, #903, #714, #29, #2048, #1348, #796, #1869, #1684, #352, #2314, #205, #1061, #2226, #1602, #465, #537, #989, #1168, #275, #2127, #1420, #1500, #2377, #89, #1243, #1945, #985, #2252, #1861, #890, #707, #1713, #562, #2118, #111, #2304, #2356, #1811, #1415, #1555, #530, #1369, #2144, #1962, #1119, #82, #1266, #199, #1037, #1673, #299, #2221, #2334, #411, #1924, #1478, #634, #594, #145, #1782, #380, #817, #228, #2436, #2400, #2040, #1342, #2173, #1084, #928, #662, #24, #1522, #1990, #489, #48, #455, #1744, #1297, #849, #1597, #2071, #1164, #267, #1625, #1190, #744, #1894, #1445, #1010, #1131, #2454, #1309, #159, #1829, #2275, #505, #2188, #762, #953, #2373, #1137, #1387, #1645, #61, #2083, #1058, #2012, #240, #673, #2090, #1941, #1208, #350, #613, #1759, #1313, #676, #2369, #2192, #1239, #1488, #1682, #2098, #786 ) ) ;
#2111 = PERSON_AND_ORGANIZATION_ROLE ( 'classification_officer' ) ;
#2112 = B_SPLINE_CURVE_WITH_KNOTS ( 'NONE', 1,
 ( #86, #1392 ),
 .UNSPECIFIED., .F., .F.,
 ( 2, 2 ),
 ( 0.0000000000000000000, 0.0008000000000000000400 ),
 .UNSPECIFIED. ) ;
#2113 = APPROVAL ( #1188, '未指定' ) ;
#2114 = CARTESIAN_POINT ( 'NONE',  ( -1.000000000000000000, 1.224646799147353200E-016, 0.8000000000000000400 ) ) ;
#2115 = CARTESIAN_POINT ( 'NONE',  ( 2.000000000000018200, 14.88209376666334900, 2.000000000000000000 ) ) ;
#2116 = CARTESIAN_POINT ( 'NONE',  ( 1.000000000000000000, 0.9999999999999998900, 1.000000000000000000 ) ) ;
#2117 = DIRECTION ( 'NONE',  ( 0.0000000000000000000, 0.0000000000000000000, 1.000000000000000000 ) ) ;
#2118 = B_SPLINE_CURVE_WITH_KNOTS ( 'NONE', 1,
 ( #1182, #221 ),
 .UNSPECIFIED., .F., .F.,
 ( 2, 2 ),
 ( 0.01387340975402964700, 0.01584632453476726000 ),
 .UNSPECIFIED. ) ;
#2119 = LOCAL_TIME ( 18, 31, 31.00000000000000000, #147 ) ;
#2120 =( BOUNDED_CURVE ( )  B_SPLINE_CURVE ( 2, ( #1060, #1023, #78 ),
 .UNSPECIFIED., .F., .F. ) 
 B_SPLINE_CURVE_WITH_KNOTS ( ( 3, 3 ),
 ( 0.9450080291810845100, 2.196469736573968900 ),
 .UNSPECIFIED. ) 
 CURVE ( )  GEOMETRIC_REPRESENTATION_ITEM ( )  RATIONAL_B_SPLINE_CURVE ( ( 1.000000000000000000, 0.8105352824517798600, 1.000000000000000000 ) ) 
 REPRESENTATION_ITEM ( '' )  );
#2121 = CARTESIAN_POINT ( 'NONE',  ( 0.9999999999999998900, 1.000000000000000200, 0.0000000000000000000 ) ) ;
#2122 = APPROVAL_PERSON_ORGANIZATION ( #2447, #2253, #1183 ) ;
#2123 =( NAMED_UNIT ( * ) SI_UNIT ( $, .STERADIAN. ) SOLID_ANGLE_UNIT ( ) );
#2124 = PRODUCT ( '三腿连接体', '三腿连接体', '', ( #800 ) ) ;
#2125 = CALENDAR_DATE ( 2026, 12, 9 ) ;
#2126 = VECTOR ( 'NONE', #1647, 9.576422236412533100 ) ;
#2127 =( BOUNDED_CURVE ( )  B_SPLINE_CURVE ( 2, ( #1173, #210, #1936 ),
 .UNSPECIFIED., .F., .F. ) 
 B_SPLINE_CURVE_WITH_KNOTS ( ( 3, 3 ),
 ( 3.285120886999699100, 4.569222071272861300 ),
 .UNSPECIFIED. ) 
 CURVE ( )  GEOMETRIC_REPRESENTATION_ITEM ( )  RATIONAL_B_SPLINE_CURVE ( ( 1.000000000000000000, 0.8008694680895525100, 1.000000000000000000 ) ) 
 REPRESENTATION_ITEM ( '' )  );
#2128 = CARTESIAN_POINT ( 'NONE',  ( 1.999999999999998700, 14.88209376666334900, 1.000000000000000000 ) ) ;
#2129 = DATE_AND_TIME ( #1680, #2389 ) ;
#2130 = APPLICATION_CONTEXT ( 'configuration controlled 3d designs of mechanical parts and assemblies' ) ;
#2131 =( LENGTH_UNIT ( ) NAMED_UNIT ( * ) SI_UNIT ( .MILLI., .METRE. ) );
#2132 = AXIS2_PLACEMENT_3D ( 'NONE', #538, #1285, #1850 ) ;
#2133 = CC_DESIGN_SECURITY_CLASSIFICATION ( #1064, ( #2456 ) ) ;
#2134 = B_SPLINE_CURVE_WITH_KNOTS ( 'NONE', 1,
 ( #2366, #854 ),
 .UNSPECIFIED., .F., .F.,
 ( 2, 2 ),
 ( -0.0007259781388222330700, 0.0000000000000000000 ),
 .UNSPECIFIED. ) ;
#2135 = CARTESIAN_POINT ( 'NONE',  ( -0.7259781388222330500, 0.0000000000000000000, 4.500000000000000000 ) ) ;
#2136 = CARTESIAN_POINT ( 'NONE',  ( 13.88209376666337200, -1.999999999999873000, 2.000000000000000000 ) ) ;
#2137 = DATE_TIME_ROLE ( 'classification_date' ) ;
#2138 = CARTESIAN_POINT ( 'NONE',  ( -12.84523257866513100, -2.000000000000000400, 7.500000000000000900 ) ) ;
#2139 = CARTESIAN_POINT ( 'NONE',  ( -1.999999999999981800, 15.84632453476723600, 3.000000000000000000 ) ) ;
#2140 = APPLICATION_PROTOCOL_DEFINITION ( 'international standard', 'config_control_design', 1994, #1727 ) ;
#2141 = CC_DESIGN_DATE_AND_TIME_ASSIGNMENT ( #1001, #1015, ( #488 ) ) ;
#2142 = CARTESIAN_POINT ( 'NONE',  ( -14.00000000000000000, 1.714505518806294600E-015, 9.500000000000001800 ) ) ;
#2143 = CARTESIAN_POINT ( 'NONE',  ( 13.88209376666333000, 2.000000000000127000, 2.000000000000000000 ) ) ;
#2144 = B_SPLINE_CURVE_WITH_KNOTS ( 'NONE', 1,
 ( #1979, #430 ),
 .UNSPECIFIED., .F., .F.,
 ( 2, 2 ),
 ( 0.0000000000000000000, 0.004000000000000000100 ),
 .UNSPECIFIED. ) ;
#2145 = CALENDAR_DATE ( 2026, 12, 9 ) ;
#2146 = DATE_TIME_ROLE ( 'creation_date' ) ;
#2147 = B_SPLINE_CURVE_WITH_KNOTS ( 'NONE', 1,
 ( #1477, #716 ),
 .UNSPECIFIED., .F., .F.,
 ( 2, 2 ),
 ( 0.002000128539727359500, 0.005018565174711857000 ),
 .UNSPECIFIED. ) ;
#2148 = CALENDAR_DATE ( 2026, 12, 9 ) ;
#2149 = CARTESIAN_POINT ( 'NONE',  ( 4.726774527341604000E-014, -13.15663215632973900, 8.500000000000001800 ) ) ;
#2150 = PERSON_AND_ORGANIZATION ( #187, #2179 ) ;
#2151 = LINE ( 'NONE', #567, #334 ) ;
#2152 = TRIMMED_CURVE ( 'NONE', #1948, ( PARAMETER_VALUE ( 0.0000000000000000000 ), #161 ), ( PARAMETER_VALUE ( 1.000000000000000200 ), #708 ), .T., .PARAMETER. ) ;
#2153 = CARTESIAN_POINT ( 'NONE',  ( -5.471307561289364700, 0.5610646752183040500, 1.399999999999999900 ) ) ;
#2154 = CARTESIAN_POINT ( 'NONE',  ( 6.524697460949623100, 13.04085346853606700, 4.498529725452346600 ) ) ;
#2155 = CARTESIAN_POINT ( 'NONE',  ( 13.87413330828055500, -2.000000000000056000, 1.000000000000000000 ) ) ;
#2156 = APPROVAL_STATUS ( 'not_yet_approved' ) ;
#2157 = LINE ( 'NONE', #593, #1719 ) ;
#2158 = CARTESIAN_POINT ( 'NONE',  ( -1.999999999999955800, -12.84523257866513800, 7.500000000000000900 ) ) ;
#2159 = CARTESIAN_POINT ( 'NONE',  ( 2.857329179076197900, -0.9487822326543009500, 0.2000000000000000900 ) ) ;
#2160 = B_SPLINE_CURVE_WITH_KNOTS ( 'NONE', 1,
 ( #671, #73 ),
 .UNSPECIFIED., .F., .F.,
 ( 2, 2 ),
 ( 0.0000000000000000000, 0.0003000000000000001900 ),
 .UNSPECIFIED. ) ;
#2161 = CARTESIAN_POINT ( 'NONE',  ( 5.000000000000000000, 6.123233995736766300E-016, 2.100000000000000100 ) ) ;
#2162 = CARTESIAN_POINT ( 'NONE',  ( 4.999999999999999100, 5.000000000000000000, 0.5000000000000000000 ) ) ;
#2163 =( BOUNDED_CURVE ( )  B_SPLINE_CURVE ( 2, ( #1547, #2121, #415, #1753, #606 ),
 .UNSPECIFIED., .F., .F. ) 
 B_SPLINE_CURVE_WITH_KNOTS ( ( 3, 2, 3 ),
 ( 1.224646799147353200E-016, 1.570796326794896800, 3.141592653589793100 ),
 .UNSPECIFIED. ) 
 CURVE ( )  GEOMETRIC_REPRESENTATION_ITEM ( )  RATIONAL_B_SPLINE_CURVE ( ( 1.000000000000000000, 0.7071067811865475700, 1.000000000000000000, 0.7071067811865475700, 1.000000000000000000 ) ) 
 REPRESENTATION_ITEM ( '' )  );
#2164 = CARTESIAN_POINT ( 'NONE',  ( -2.250334105676050200, -2.000128539727361600, 0.2000000000000000900 ) ) ;
#2165 = CARTESIAN_POINT ( 'NONE',  ( -2.250334105676047500, -5.018565174711909500, 1.399999999999999900 ) ) ;
#2166 = CARTESIAN_POINT ( 'NONE',  ( 0.2421057109229765300, 11.21933939212121900, 0.0000000000000000000 ) ) ;
#2167 = CARTESIAN_POINT ( 'NONE',  ( 2.000000000000018200, 13.88209376666335100, 2.999999999999999600 ) ) ;
#2168 = SECURITY_CLASSIFICATION_LEVEL ( 'unclassified' ) ;
#2169 = B_SPLINE_CURVE_WITH_KNOTS ( 'NONE', 1,
 ( #314, #320 ),
 .UNSPECIFIED., .F., .F.,
 ( 2, 2 ),
 ( -0.0009999999999999998000, -0.0000000000000000000 ),
 .UNSPECIFIED. ) ;
#2170 = ORGANIZATION ( 'NAUO-ORG4', 'UNSPECIFIED', 'UNSPECIFIED' ) ;
#2171 = CARTESIAN_POINT ( 'NONE',  ( 0.9999999999999998900, -1.000000000000000200, 0.0000000000000000000 ) ) ;
#2172 = CARTESIAN_POINT ( 'NONE',  ( -5.000000000000000000, 6.123233995736766300E-016, 1.600000000000000100 ) ) ;
#2173 = B_SPLINE_CURVE_WITH_KNOTS ( 'NONE', 1,
 ( #306, #1423 ),
 .UNSPECIFIED., .F., .F.,
 ( 2, 2 ),
 ( -0.0009642307681038858900, 2.081668171172168200E-017 ),
 .UNSPECIFIED. ) ;
#2174 = CALENDAR_DATE ( 2026, 12, 9 ) ;
#2175 = CARTESIAN_POINT ( 'NONE',  ( 4.052617487574508500, 9.019339392121231900, 0.0000000000000000000 ) ) ;
#2176 =( BOUNDED_CURVE ( )  B_SPLINE_CURVE ( 2, ( #2183, #1049, #2381 ),
 .UNSPECIFIED., .F., .F. ) 
 B_SPLINE_CURVE_WITH_KNOTS ( ( 3, 3 ),
 ( 1.224646799147353200E-016, 0.1020746341807689300 ),
 .UNSPECIFIED. ) 
 CURVE ( )  GEOMETRIC_REPRESENTATION_ITEM ( )  RATIONAL_B_SPLINE_CURVE ( ( 1.000000000000000000, 0.9986978788168680000, 1.000000000000000000 ) ) 
 REPRESENTATION_ITEM ( '' )  );
#2177 = PERSON_AND_ORGANIZATION ( #187, #2179 ) ;
#2178 = CARTESIAN_POINT ( 'NONE',  ( -14.00000000000000000, -3.429011037612589300E-015, 7.500000000000000900 ) ) ;
#2179 = ORGANIZATION ( '未指定', '未指定', '' ) ;
#2180 = CIRCLE ( 'NONE', #1464, 5.204077126543924500 ) ;
#2181 = B_SPLINE_CURVE_WITH_KNOTS ( 'NONE', 1,
 ( #1284, #2016 ),
 .UNSPECIFIED., .F., .F.,
 ( 2, 2 ),
 ( -0.002005012930815067000, -0.002000000000000078100 ),
 .UNSPECIFIED. ) ;
#2182 = CARTESIAN_POINT ( 'NONE',  ( -14.00000000000000000, 0.0000000000000000000, 7.500000000000000900 ) ) ;
#2183 = CARTESIAN_POINT ( 'NONE',  ( 5.500000000000000000, 6.735557395310442000E-016, 0.8000000000000000400 ) ) ;
#2184 = CARTESIAN_POINT ( 'NONE',  ( 5.471371984686380000, 0.5604360848379631400, 0.8000000000000000400 ) ) ;
#2185 = CARTESIAN_POINT ( 'NONE',  ( -0.7355936306317365500, 0.7259144580217802300, 4.500000000000000000 ) ) ;
#2186 = CARTESIAN_POINT ( 'NONE',  ( 5.500000000000000000, 6.735557395310442000E-016, 0.5000000000000000000 ) ) ;
#2187 = APPROVAL ( #770, '未指定' ) ;
#2188 = TRIMMED_CURVE ( 'NONE', #70, ( PARAMETER_VALUE ( 0.0000000000000000000 ), #2398 ), ( PARAMETER_VALUE ( 1.000000000000000000 ), #694 ), .T., .PARAMETER. ) ;
#2189 = CARTESIAN_POINT ( 'NONE',  ( -2.250334105676046200, -5.018565174711858000, 0.8000000000000000400 ) ) ;
#2190 = B_SPLINE_CURVE_WITH_KNOTS ( 'NONE', 1,
 ( #1324, #1509 ),
 .UNSPECIFIED., .F., .F.,
 ( 2, 2 ),
 ( 0.0000000000000000000, 0.0005999999999999999500 ),
 .UNSPECIFIED. ) ;
#2191 = CARTESIAN_POINT ( 'NONE',  ( -3.221037879010376900, 4.458129089873890100, 0.8000000000000000400 ) ) ;
#2192 = TRIMMED_CURVE ( 'NONE', #1213, ( PARAMETER_VALUE ( 0.0000000000000000000 ), #217 ), ( PARAMETER_VALUE ( 0.9999999999999991100 ), #2115 ), .T., .PARAMETER. ) ;
#2193 = CARTESIAN_POINT ( 'NONE',  ( 0.2421057109229763600, 11.21933939212121900, 0.0000000000000000000 ) ) ;
#2194 = CARTESIAN_POINT ( 'NONE',  ( -5.499999999999999100, -5.500000000000000900, 0.5000000000000000000 ) ) ;
#2195 = DIRECTION ( 'NONE',  ( -0.4999999999999978900, -0.8660254037844399300, -1.192622389734054900E-016 ) ) ;
#2196 = CARTESIAN_POINT ( 'NONE',  ( -14.00000000000000000, 1.714505518806294600E-015, 0.0000000000000000000 ) ) ;
#2197 = CARTESIAN_POINT ( 'NONE',  ( -5.500000000000000000, 6.735557395310442000E-016, 0.0000000000000000000 ) ) ;
#2198 = CARTESIAN_POINT ( 'NONE',  ( 4.752617487574487300, 10.23177495741941600, 0.0000000000000000000 ) ) ;
#2199 = CARTESIAN_POINT ( 'NONE',  ( -1.999999999999981800, 13.88209376666335100, 2.999999999999999600 ) ) ;
#2200 = CONTEXT_DEPENDENT_SHAPE_REPRESENTATION ( #433, #2450 ) ;
#2201 = B_SPLINE_CURVE_WITH_KNOTS ( 'NONE', 1,
 ( #1770, #428 ),
 .UNSPECIFIED., .F., .F.,
 ( 2, 2 ),
 ( 0.0000000000000000000, 0.002999999999999993100 ),
 .UNSPECIFIED. ) ;
#2202 = DIRECTION ( 'NONE',  ( 0.0000000000000000000, 0.0000000000000000000, -1.000000000000000000 ) ) ;
#2203 = DATE_AND_TIME ( #2329, #362 ) ;
#2204 = CARTESIAN_POINT ( 'NONE',  ( -2.000000000000191800, -15.84632453476713100, 0.0000000000000000000 ) ) ;
#2205 = CARTESIAN_POINT ( 'NONE',  ( 2.000000000000040900, -13.85640646055101200, 8.500000000000001800 ) ) ;
#2206 = CARTESIAN_POINT ( 'NONE',  ( 5.471371984686380000, 0.5604360848379631400, 0.2000000000000000900 ) ) ;
#2207 = B_SPLINE_CURVE_WITH_KNOTS ( 'NONE', 1,
 ( #1987, #1211 ),
 .UNSPECIFIED., .F., .F.,
 ( 2, 2 ),
 ( 0.02684523257866518200, 0.02785640646055107000 ),
 .UNSPECIFIED. ) ;
#2208 = PERSON_AND_ORGANIZATION ( #187, #2179 ) ;
#2209 = DATE_AND_TIME ( #1646, #2002 ) ;
#2210 = CARTESIAN_POINT ( 'NONE',  ( 6.524697460949623100, 12.64085346853606300, 4.498529725452346600 ) ) ;
#2211 = CARTESIAN_POINT ( 'NONE',  ( -14.88209376666334400, -2.000000000000033800, 1.000000000000000000 ) ) ;
#2212 = LINE ( 'NONE', #1098, #688 ) ;
#2213 = DIRECTION ( 'NONE',  ( 0.0000000000000000000, 0.0000000000000000000, -1.000000000000000000 ) ) ;
#2214 = CARTESIAN_POINT ( 'NONE',  ( -13.87413330828054300, 2.000000000000144800, 0.0000000000000000000 ) ) ;
#2215 = VECTOR ( 'NONE', #1836, 4.005012930814970700 ) ;
#2216 = CARTESIAN_POINT ( 'NONE',  ( 5.500000000000000000, 6.735557395310442000E-016, 0.8000000000000000400 ) ) ;
#2217 = CARTESIAN_POINT ( 'NONE',  ( 0.2421057109229770000, 11.21933939212121900, 0.0000000000000000000 ) ) ;
#2218 = CARTESIAN_POINT ( 'NONE',  ( 15.84632453476726800, 2.005012930814915200, 0.0000000000000000000 ) ) ;
#2219 = CARTESIAN_POINT ( 'NONE',  ( 0.0000000000000000000, 0.0000000000000000000, 4.500000000000000000 ) ) ;
#2220 = APPROVAL ( #259, 'UNKNOWN' ) ;
#2221 = B_SPLINE_CURVE_WITH_KNOTS ( 'NONE', 1,
 ( #2143, #1204 ),
 .UNSPECIFIED., .F., .F.,
 ( 2, 2 ),
 ( 0.0000000000000000000, 0.004000000000000000100 ),
 .UNSPECIFIED. ) ;
#2222 = B_SPLINE_CURVE_WITH_KNOTS ( 'NONE', 1,
 ( #2371, #1419 ),
 .UNSPECIFIED., .F., .F.,
 ( 2, 2 ),
 ( 0.002000128539727359000, 0.005018823677603649800 ),
 .UNSPECIFIED. ) ;
#2223 = CARTESIAN_POINT ( 'NONE',  ( -2.250334105676050200, -2.000128539727361600, 0.2000000000000000900 ) ) ;
#2224 = CARTESIAN_POINT ( 'NONE',  ( 0.3548907575299147200, 0.6146888231784233300, 3.741409711877516500 ) ) ;
#2225 = CARTESIAN_POINT ( 'NONE',  ( 1.999999999999981800, -13.88209376666335100, 2.999999999999999600 ) ) ;
#2226 = B_SPLINE_CURVE_WITH_KNOTS ( 'NONE', 1,
 ( #2287, #2263 ),
 .UNSPECIFIED., .F., .F.,
 ( 2, 2 ),
 ( 0.0000000000000000000, 0.002000000000000000000 ),
 .UNSPECIFIED. ) ;
#2227 = CARTESIAN_POINT ( 'NONE',  ( 19.52469746094962500, 13.42660781724169200, 2.248529725452347500 ) ) ;
#2228 = CARTESIAN_POINT ( 'NONE',  ( -13.88209376666334400, -2.000000000000030200, 2.999999999999999600 ) ) ;
#2229 = CARTESIAN_POINT ( 'NONE',  ( 0.0000000000000000000, 0.0000000000000000000, 1.000000000000000000 ) ) ;
#2230 = CARTESIAN_POINT ( 'NONE',  ( -0.6069950734001704500, 2.948910772381669900, 0.8000000000000000400 ) ) ;
#2231 = B_SPLINE_CURVE_WITH_KNOTS ( 'NONE', 1,
 ( #660, #1991 ),
 .UNSPECIFIED., .F., .F.,
 ( 2, 2 ),
 ( -0.004499999999999998800, 0.0000000000000000000 ),
 .UNSPECIFIED. ) ;
#2232 = DIRECTION ( 'NONE',  ( 0.4999999999999977800, 0.8660254037844399300, 0.0000000000000000000 ) ) ;
#2233 = CARTESIAN_POINT ( 'NONE',  ( 15.84632453476708700, -2.000000000000042600, 0.0000000000000000000 ) ) ;
#2234 = CC_DESIGN_PERSON_AND_ORGANIZATION_ASSIGNMENT ( #1410, #14, ( #1006 ) ) ;
#2235 = APPROVAL_DATE_TIME ( #426, #2113 ) ;
#2236 = CARTESIAN_POINT ( 'NONE',  ( -15.84632453476724300, 1.999999999999962700, 3.000000000000000000 ) ) ;
#2237 =( BOUNDED_CURVE ( )  B_SPLINE_CURVE ( 2, ( #479, #664, #2000 ),
 .UNSPECIFIED., .F., .F. ) 
 B_SPLINE_CURVE_WITH_KNOTS ( ( 3, 3 ),
 ( 4.569041411479320300, 4.855736549290051900 ),
 .UNSPECIFIED. ) 
 CURVE ( )  GEOMETRIC_REPRESENTATION_ITEM ( )  RATIONAL_B_SPLINE_CURVE ( ( 1.000000000000000000, 0.9897433186107869000, 1.000000000000000000 ) ) 
 REPRESENTATION_ITEM ( '' )  );
#2238 = LOCAL_TIME ( 18, 31, 31.00000000000000000, #1176 ) ;
#2239 = VECTOR ( 'NONE', #2232, 11.20978151505983300 ) ;
#2240 = CARTESIAN_POINT ( 'NONE',  ( 0.0000000000000000000, 0.0000000000000000000, 0.0000000000000000000 ) ) ;
#2241 = CARTESIAN_POINT ( 'NONE',  ( 2.249757518739515100, -2.000128539727356700, 0.2000000000000000900 ) ) ;
#2242 = CIRCLE ( 'NONE', #427, 14.01754525785239700 ) ;
#2243 = SHAPE_DEFINITION_REPRESENTATION ( #873, #1906 ) ;
#2244 = CARTESIAN_POINT ( 'NONE',  ( 5.000000000000000000, -1.224646799147353300E-015, 2.100000000000000100 ) ) ;
#2245 = CARTESIAN_POINT ( 'NONE',  ( 6.524697460949623100, 12.64085346853606300, 4.500000000000000000 ) ) ;
#2246 = DIRECTION ( 'NONE',  ( 0.5194105990695902000, -2.343055283616248500E-017, 0.8545247975185796800 ) ) ;
#2247 = CARTESIAN_POINT ( 'NONE',  ( 1.000000000000000000, 1.224646799147353200E-016, 0.0000000000000000000 ) ) ;
#2248 = B_SPLINE_CURVE_WITH_KNOTS ( 'NONE', 1,
 ( #878, #1663 ),
 .UNSPECIFIED., .F., .F.,
 ( 2, 2 ),
 ( 0.0000000000000000000, 0.002999999999999993100 ),
 .UNSPECIFIED. ) ;
#2249 = AXIS2_PLACEMENT_3D ( 'NONE', #2043, #1678, #2246 ) ;
#2250 = CARTESIAN_POINT ( 'NONE',  ( -5.000000000000000000, 6.123233995736766300E-016, 2.100000000000000100 ) ) ;
#2251 = CARTESIAN_POINT ( 'NONE',  ( -2.000000000000095900, -13.84632453476724800, 0.0000000000000000000 ) ) ;
#2252 =( BOUNDED_CURVE ( )  B_SPLINE_CURVE ( 2, ( #1726, #968, #1545 ),
 .UNSPECIFIED., .F., .F. ) 
 B_SPLINE_CURVE_WITH_KNOTS ( ( 3, 3 ),
 ( 1.714324560204813200, 2.998425744477961600 ),
 .UNSPECIFIED. ) 
 CURVE ( )  GEOMETRIC_REPRESENTATION_ITEM ( )  RATIONAL_B_SPLINE_CURVE ( ( 1.000000000000000000, 0.8008694680895566100, 1.000000000000000000 ) ) 
 REPRESENTATION_ITEM ( '' )  );
#2253 = APPROVAL ( #49, '未指定' ) ;
#2254 = B_SPLINE_CURVE_WITH_KNOTS ( 'NONE', 1,
 ( #158, #353 ),
 .UNSPECIFIED., .F., .F.,
 ( 2, 2 ),
 ( -0.0000000000000000000, 0.0008000000000000000400 ),
 .UNSPECIFIED. ) ;
#2255 = CARTESIAN_POINT ( 'NONE',  ( -15.84632453476728400, -2.000000000000037300, 1.000000000000000000 ) ) ;
#2256 = CARTESIAN_POINT ( 'NONE',  ( -1.999999999999952300, -12.84523257866513800, 7.500000000000000900 ) ) ;
#2257 = CARTESIAN_POINT ( 'NONE',  ( -0.6069950734001704500, 2.948910772381669900, 0.8000000000000000400 ) ) ;
#2258 = B_SPLINE_CURVE_WITH_KNOTS ( 'NONE', 1,
 ( #377, #741 ),
 .UNSPECIFIED., .F., .F.,
 ( 2, 2 ),
 ( 0.0000000000000000000, 0.0009999999999999995900 ),
 .UNSPECIFIED. ) ;
#2259 = CARTESIAN_POINT ( 'NONE',  ( 4.999999999999999100, 5.000000000000000900, 1.599999999999999900 ) ) ;
#2260 = CARTESIAN_POINT ( 'NONE',  ( -9.656164756677299000E-014, 14.14508159514582400, 8.500000000000001800 ) ) ;
#2261 = CARTESIAN_POINT ( 'NONE',  ( 0.7885158724367333800, 11.36574955363496600, 0.0000000000000000000 ) ) ;
#2262 = CARTESIAN_POINT ( 'NONE',  ( 0.0000000000000000000, 0.0000000000000000000, 0.0000000000000000000 ) ) ;
#2263 = CARTESIAN_POINT ( 'NONE',  ( -1.999999999999981800, 15.84632453476723600, 3.000000000000000000 ) ) ;
#2264 = DIRECTION ( 'NONE',  ( 0.0000000000000000000, 0.0000000000000000000, 1.000000000000000000 ) ) ;
#2265 = CARTESIAN_POINT ( 'NONE',  ( 5.500000000000000000, -6.735557395310442000E-016, 2.100000000000000100 ) ) ;
#2266 = APPROVAL_PERSON_ORGANIZATION ( #300, #991, #1949 ) ;
#2267 =( BOUNDED_CURVE ( )  B_SPLINE_CURVE ( 2, ( #1038, #1397, #850, #1417, #260 ),
 .UNSPECIFIED., .F., .F. ) 
 B_SPLINE_CURVE_WITH_KNOTS ( ( 3, 2, 3 ),
 ( 1.224646799147353200E-016, 1.570796326794896800, 3.141592653589793100 ),
 .UNSPECIFIED. ) 
 CURVE ( )  GEOMETRIC_REPRESENTATION_ITEM ( )  RATIONAL_B_SPLINE_CURVE ( ( 1.000000000000000000, 0.7071067811865475700, 1.000000000000000000, 0.7071067811865475700, 1.000000000000000000 ) ) 
 REPRESENTATION_ITEM ( '' )  );
#2268 =( NAMED_UNIT ( * ) PLANE_ANGLE_UNIT ( ) SI_UNIT ( $, .RADIAN. ) );
#2269 = PERSON_AND_ORGANIZATION ( #187, #2179 ) ;
#2270 = CARTESIAN_POINT ( 'NONE',  ( -2.250334105676050200, -2.000128539727361600, 0.8000000000000000400 ) ) ;
#2271 = DIRECTION ( 'NONE',  ( -0.8660254037844401500, 0.4999999999999975600, 0.0000000000000000000 ) ) ;
#2272 = CARTESIAN_POINT ( 'NONE',  ( -15.84632453476728400, 2.000000000000144300, 0.0000000000000000000 ) ) ;
#2273 = B_SPLINE_CURVE_WITH_KNOTS ( 'NONE', 1,
 ( #2075, #2265 ),
 .UNSPECIFIED., .F., .F.,
 ( 2, 2 ),
 ( 0.0000000000000000000, 0.001300000000000000400 ),
 .UNSPECIFIED. ) ;
#2274 = CC_DESIGN_APPROVAL ( #2187, ( #1045 ) ) ;
#2275 = B_SPLINE_CURVE_WITH_KNOTS ( 'NONE', 1,
 ( #516, #1875 ),
 .UNSPECIFIED., .F., .F.,
 ( 2, 2 ),
 ( -0.0000000000000000000, 0.0005000000000000000100 ),
 .UNSPECIFIED. ) ;
#2276 = SHAPE_DEFINITION_REPRESENTATION ( #2346, #1594 ) ;
#2277 = AXIS2_PLACEMENT_3D ( 'NONE', #2311, #979, #37 ) ;
#2278 = LINE ( 'NONE', #1700, #1971 ) ;
#2279 = CARTESIAN_POINT ( 'NONE',  ( 14.88209376666333000, 2.000000000000138100, 1.000000000000000000 ) ) ;
#2280 = CIRCLE ( 'NONE', #1752, 14.00000000000000000 ) ;
#2281 = PERSON_AND_ORGANIZATION_ROLE ( 'classification_officer' ) ;
#2282 = CARTESIAN_POINT ( 'NONE',  ( -0.9999999999999998900, 0.9999999999999998900, 0.0000000000000000000 ) ) ;
#2283 = CARTESIAN_POINT ( 'NONE',  ( 2.000000000000045300, -12.84523257866512400, 8.500000000000001800 ) ) ;
#2284 = CARTESIAN_POINT ( 'NONE',  ( 6.123233995736766000E-017, 1.000000000000000000, 0.8000000000000000400 ) ) ;
#2285 = DIRECTION ( 'NONE',  ( 1.000000000000000000, 2.168404344970961800E-016, 0.0000000000000000000 ) ) ;
#2286 = PERSON ( 'NAUO-PER6', 'UNSPECIFIED', 'UNSPECIFIED', ('UNSPECIFIED'), ('UNSPECIFIED'), ('UNSPECIFIED') ) ;
#2287 = CARTESIAN_POINT ( 'NONE',  ( -1.999999999999981800, 15.84632453476723600, 1.000000000000000000 ) ) ;
#2288 = B_SPLINE_CURVE_WITH_KNOTS ( 'NONE', 1,
 ( #1788, #87 ),
 .UNSPECIFIED., .F., .F.,
 ( 2, 2 ),
 ( 0.0000000000000000000, 0.003999999999999995700 ),
 .UNSPECIFIED. ) ;
#2289 = PERSON_AND_ORGANIZATION_ROLE ( 'creator' ) ;
#2290 = CARTESIAN_POINT ( 'NONE',  ( 2.249757518739515100, -2.000128539727356700, 0.8000000000000000400 ) ) ;
#2291 = UNCERTAINTY_MEASURE_WITH_UNIT (LENGTH_MEASURE( 1.000000000000000100E-005 ), #982, 'distance_accuracy_value', 'NONE');
#2292 = CARTESIAN_POINT ( 'NONE',  ( 13.00000000000000200, 1.005988238676658500, 7.500000000000000900 ) ) ;
#2293 = CARTESIAN_POINT ( 'NONE',  ( 2.000000000000018200, 15.84632453476723600, 1.000000000000000000 ) ) ;
#2294 = CARTESIAN_POINT ( 'NONE',  ( 1.999999999999981800, -14.88209376666334900, 2.000000000000000000 ) ) ;
#2295 = CARTESIAN_POINT ( 'NONE',  ( 0.0000000000000000000, 0.0000000000000000000, 0.0000000000000000000 ) ) ;
#2296 = CARTESIAN_POINT ( 'NONE',  ( 0.6072833668683927900, 2.948411433447147200, 1.399999999999999900 ) ) ;
#2297 = B_SPLINE_CURVE_WITH_KNOTS ( 'NONE', 1,
 ( #1080, #2423 ),
 .UNSPECIFIED., .F., .F.,
 ( 2, 2 ),
 ( -0.002000000000000000000, 0.001000000000000000000 ),
 .UNSPECIFIED. ) ;
#2298 = CARTESIAN_POINT ( 'NONE',  ( -1.000000000000000000, 0.0000000000000000000, 0.0000000000000000000 ) ) ;
#2299 = CARTESIAN_POINT ( 'NONE',  ( -5.000000000000000000, 6.123233995736766300E-016, 2.100000000000000100 ) ) ;
#2300 = CARTESIAN_POINT ( 'NONE',  ( 2.000000000000018200, 13.88209376666335100, 2.999999999999999600 ) ) ;
#2301 = CARTESIAN_POINT ( 'NONE',  ( -5.500000000000000000, 5.499999999999999100, 0.5000000000000000000 ) ) ;
#2302 = APPROVAL_DATE_TIME ( #575, #1793 ) ;
#2303 = DIRECTION ( 'NONE',  ( 1.000000000000000000, 0.0000000000000000000, 0.0000000000000000000 ) ) ;
#2304 = B_SPLINE_CURVE_WITH_KNOTS ( 'NONE', 1,
 ( #2136, #1366 ),
 .UNSPECIFIED., .F., .F.,
 ( 2, 2 ),
 ( 0.0000000000000000000, 0.0009999999999999991500 ),
 .UNSPECIFIED. ) ;
#2305 = PERSON_AND_ORGANIZATION ( #187, #2179 ) ;
#2306 = VECTOR ( 'NONE', #132, 0.7259781388222331700 ) ;
#2307 = TRIMMED_CURVE ( 'NONE', #1291, ( PARAMETER_VALUE ( 0.0000000000000000000 ), #793 ), ( PARAMETER_VALUE ( 1.000000000000000000 ), #413 ), .T., .PARAMETER. ) ;
#2308 = CARTESIAN_POINT ( 'NONE',  ( 12.84523257866513100, -2.000000000000000400, 7.500000000000000900 ) ) ;
#2309 = CARTESIAN_POINT ( 'NONE',  ( 5.220110051079281300, 3.013432138355354600, 1.399999999999999900 ) ) ;
#2310 = VECTOR ( 'NONE', #1729, 4.005012930814970700 ) ;
#2311 = CARTESIAN_POINT ( 'NONE',  ( 0.0000000000000000000, 0.0000000000000000000, 1.000000000000000000 ) ) ;
#2312 = CC_DESIGN_PERSON_AND_ORGANIZATION_ASSIGNMENT ( #1820, #993, ( #133 ) ) ;
#2313 = LINE ( 'NONE', #1139, #521 ) ;
#2314 = B_SPLINE_CURVE_WITH_KNOTS ( 'NONE', 1,
 ( #1877, #926 ),
 .UNSPECIFIED., .F., .F.,
 ( 2, 2 ),
 ( 0.0000000000000000000, 0.0009999999999999991500 ),
 .UNSPECIFIED. ) ;
#2315 = CARTESIAN_POINT ( 'NONE',  ( -0.9999999999999998900, 1.000000000000000000, 1.000000000000000000 ) ) ;
#2316 = APPROVAL_ROLE ( '' ) ;
#2317 = CARTESIAN_POINT ( 'NONE',  ( 13.85640646055101800, -2.000000000000009800, 8.500000000000001800 ) ) ;
#2318 = CARTESIAN_POINT ( 'NONE',  ( 2.000000000000018200, 15.84632453476723600, 1.000000000000000000 ) ) ;
#2319 = B_SPLINE_CURVE_WITH_KNOTS ( 'NONE', 1,
 ( #271, #1812 ),
 .UNSPECIFIED., .F., .F.,
 ( 2, 2 ),
 ( -0.0009999999999999998000, -0.0000000000000000000 ),
 .UNSPECIFIED. ) ;
#2320 = CARTESIAN_POINT ( 'NONE',  ( -14.88209376666335600, 1.999999999999966200, 2.000000000000000000 ) ) ;
#2321 = SECURITY_CLASSIFICATION_LEVEL ( 'unclassified' ) ;
#2322 =( NAMED_UNIT ( * ) SI_UNIT ( $, .STERADIAN. ) SOLID_ANGLE_UNIT ( ) );
#2323 = TRIMMED_CURVE ( 'NONE', #1355, ( PARAMETER_VALUE ( 0.0000000000000000000 ), #2411 ), ( PARAMETER_VALUE ( 0.9999999999999991100 ), #1879 ), .T., .PARAMETER. ) ;
#2324 = CC_DESIGN_PERSON_AND_ORGANIZATION_ASSIGNMENT ( #1560, #2289, ( #1045 ) ) ;
#2325 = DIRECTION ( 'NONE',  ( 0.0000000000000000000, -1.000000000000000000, -2.207891638989258800E-016 ) ) ;
#2326 = CARTESIAN_POINT ( 'NONE',  ( 0.0000000000000000000, 0.0000000000000000000, 4.500000000000000000 ) ) ;
#2327 = DATE_TIME_ROLE ( 'classification_date' ) ;
#2328 = CARTESIAN_POINT ( 'NONE',  ( 7.844015098299181000, 13.42660781724169200, -0.001470274547651917500 ) ) ;
#2329 = CALENDAR_DATE ( 2026, 12, 9 ) ;
#2330 = TRIMMED_CURVE ( 'NONE', #19, ( PARAMETER_VALUE ( 0.0000000000000000000 ), #107 ), ( PARAMETER_VALUE ( 1.000000000000000200 ), #2417 ), .T., .PARAMETER. ) ;
#2331 = DATE_AND_TIME ( #868, #629 ) ;
#2332 = CARTESIAN_POINT ( 'NONE',  ( 4.752617487574487300, 10.23177495741941600, 4.500000000000000000 ) ) ;
#2333 = CARTESIAN_POINT ( 'NONE',  ( -5.000000000000000000, -1.224646799147353300E-015, 0.5000000000000000000 ) ) ;
#2334 = B_SPLINE_CURVE_WITH_KNOTS ( 'NONE', 1,
 ( #1388, #251 ),
 .UNSPECIFIED., .F., .F.,
 ( 2, 2 ),
 ( 0.0000000000000000000, 0.002000000000000000000 ),
 .UNSPECIFIED. ) ;
#2335 = LOCAL_TIME ( 18, 31, 31.00000000000000000, #2453 ) ;
#2336 = APPROVAL_STATUS ( 'not_yet_approved' ) ;
#2337 = B_SPLINE_CURVE_WITH_KNOTS ( 'NONE', 1,
 ( #1224, #1794 ),
 .UNSPECIFIED., .F., .F.,
 ( 2, 2 ),
 ( -0.002250334105676052200, 0.002249757518739512900 ),
 .UNSPECIFIED. ) ;
#2338 = CARTESIAN_POINT ( 'NONE',  ( -13.00000000000000200, 0.0000000000000000000, 9.500000000000001800 ) ) ;
#2339 = B_SPLINE_CURVE_WITH_KNOTS ( 'NONE', 1,
 ( #2395, #112 ),
 .UNSPECIFIED., .F., .F.,
 ( 2, 2 ),
 ( -0.01488209376666344500, -0.01387413330828064600 ),
 .UNSPECIFIED. ) ;
#2340 = CARTESIAN_POINT ( 'NONE',  ( -2.000000000000018200, -13.88209376666335100, 2.000000000000000000 ) ) ;
#2341 = APPROVAL_ROLE ( '' ) ;
#2342 = CARTESIAN_POINT ( 'NONE',  ( 13.00000000000000200, 0.0000000000000000000, 1.000000000000000900 ) ) ;
#2343 = CARTESIAN_POINT ( 'NONE',  ( 1.524697460949611600, 12.64085346853604400, 4.500000000000000000 ) ) ;
#2344 = CARTESIAN_POINT ( 'NONE',  ( -13.88209376666335800, 1.999999999999969600, 2.000000000000000000 ) ) ;
#2345 = APPROVAL_STATUS ( 'not_yet_approved' ) ;
#2346 = PRODUCT_DEFINITION_SHAPE ( 'NONE', 'NONE',  #1045 ) ;
#2347 = CC_DESIGN_APPROVAL ( #2220, ( #1454 ) ) ;
#2348 = CARTESIAN_POINT ( 'NONE',  ( 0.6072833668683927900, 2.948411433447147200, 0.8000000000000000400 ) ) ;
#2349 =( GEOMETRIC_REPRESENTATION_CONTEXT ( 3 ) GLOBAL_UNCERTAINTY_ASSIGNED_CONTEXT ( ( #1212 ) ) GLOBAL_UNIT_ASSIGNED_CONTEXT ( ( #409, #32, #2123 ) ) REPRESENTATION_CONTEXT ( 'NONE', 'WORKASPACE' ) );
#2350 = CARTESIAN_POINT ( 'NONE',  ( -5.500000000000000000, 0.0000000000000000000, 0.8000000000000000400 ) ) ;
#2351 = CALENDAR_DATE ( 2026, 12, 9 ) ;
#2352 = B_SPLINE_CURVE_WITH_KNOTS ( 'NONE', 1,
 ( #2374, #1626 ),
 .UNSPECIFIED., .F., .F.,
 ( 2, 2 ),
 ( 0.0000000000000000000, 0.001472363177025763800 ),
 .UNSPECIFIED. ) ;
#2353 = CARTESIAN_POINT ( 'NONE',  ( 14.00000000000000200, 1.714505518806294800E-015, 7.500000000000000900 ) ) ;
#2354 = PERSON_AND_ORGANIZATION ( #187, #2179 ) ;
#2355 = VECTOR ( 'NONE', #2388, 1.199999999999999700 ) ;
#2356 = B_SPLINE_CURVE_WITH_KNOTS ( 'NONE', 1,
 ( #227, #1561 ),
 .UNSPECIFIED., .F., .F.,
 ( 2, 2 ),
 ( -0.01584632453476708000, -0.01387413330828055200 ),
 .UNSPECIFIED. ) ;
#2357 = VECTOR ( 'NONE', #118, 4.005012930814968000 ) ;
#2358 = CALENDAR_DATE ( 2026, 12, 9 ) ;
#2359 = CARTESIAN_POINT ( 'NONE',  ( 5.354890757529894100, 9.274942861022825700, 0.7414097118775242500 ) ) ;
#2360 = CARTESIAN_POINT ( 'NONE',  ( -13.87340975402966800, -2.005012930814822300, 1.000000000000000000 ) ) ;
#2361 = SECURITY_CLASSIFICATION_LEVEL ( 'unclassified' ) ;
#2362 = CC_DESIGN_PERSON_AND_ORGANIZATION_ASSIGNMENT ( #1028, #2281, ( #1599 ) ) ;
#2363 = CARTESIAN_POINT ( 'NONE',  ( 14.00000000000000200, 1.714505518806294800E-015, 0.0000000000000000000 ) ) ;
#2364 = B_SPLINE_CURVE_WITH_KNOTS ( 'NONE', 1,
 ( #1272, #2214 ),
 .UNSPECIFIED., .F., .F.,
 ( 2, 2 ),
 ( -0.0000000000000000000, 0.001000000000000000000 ),
 .UNSPECIFIED. ) ;
#2365 = CARTESIAN_POINT ( 'NONE',  ( -2.857040885607912400, -0.9482828937198133400, 0.2000000000000000900 ) ) ;
#2366 = CARTESIAN_POINT ( 'NONE',  ( -0.7355936306317365500, 0.7259144580217802300, 0.0000000000000000000 ) ) ;
#2367 = CARTESIAN_POINT ( 'NONE',  ( 9.184850993605147900E-016, -5.000000000000000000, 0.0000000000000000000 ) ) ;
#2368 = CARTESIAN_POINT ( 'NONE',  ( -14.00000000000000000, 1.714505518806294600E-015, 8.500000000000001800 ) ) ;
#2369 = TRIMMED_CURVE ( 'NONE', #2157, ( PARAMETER_VALUE ( 0.0000000000000000000 ), #2300 ), ( PARAMETER_VALUE ( 1.000000000000000000 ), #1927 ), .T., .PARAMETER. ) ;
#2370 = CARTESIAN_POINT ( 'NONE',  ( 14.00000000000000000, 1.714505518806294600E-015, 7.500000000000000900 ) ) ;
#2371 = CARTESIAN_POINT ( 'NONE',  ( -2.857040885607912400, -0.9482828937198131100, 0.8000000000000000400 ) ) ;
#2372 =( BOUNDED_CURVE ( )  B_SPLINE_CURVE ( 2, ( #202, #2309, #983 ),
 .UNSPECIFIED., .F., .F. ) 
 B_SPLINE_CURVE_WITH_KNOTS ( ( 3, 3 ),
 ( 0.1020746341807689300, 0.9450080291810844000 ),
 .UNSPECIFIED. ) 
 CURVE ( )  GEOMETRIC_REPRESENTATION_ITEM ( )  RATIONAL_B_SPLINE_CURVE ( ( 1.000000000000000000, 0.9124898971705687200, 1.000000000000000000 ) ) 
 REPRESENTATION_ITEM ( '' )  );
#2373 = TRIMMED_CURVE ( 'NONE', #909, ( PARAMETER_VALUE ( 0.0000000000000000000 ), #910 ), ( PARAMETER_VALUE ( 1.000000000000000200 ), #2233 ), .T., .PARAMETER. ) ;
#2374 = CARTESIAN_POINT ( 'NONE',  ( 0.7885158724367333800, 11.36574955363496600, 0.0000000000000000000 ) ) ;
#2375 = CARTESIAN_POINT ( 'NONE',  ( -13.87413330828054300, 2.000000000000144800, 1.000000000000000000 ) ) ;
#2376 = AXIS2_PLACEMENT_3D ( 'NONE', #1508, #1167, #2303 ) ;
#2377 =( BOUNDED_CURVE ( )  B_SPLINE_CURVE ( 2, ( #588, #2301, #1756, #1550, #1738 ),
 .UNSPECIFIED., .F., .F. ) 
 B_SPLINE_CURVE_WITH_KNOTS ( ( 3, 2, 3 ),
 ( 0.0000000000000000000, 1.570796326794896600, 3.141592653589793100 ),
 .UNSPECIFIED. ) 
 CURVE ( )  GEOMETRIC_REPRESENTATION_ITEM ( )  RATIONAL_B_SPLINE_CURVE ( ( 1.000000000000000000, 0.7071067811865475700, 1.000000000000000000, 0.7071067811865475700, 1.000000000000000000 ) ) 
 REPRESENTATION_ITEM ( '' )  );
#2378 = CC_DESIGN_APPROVAL ( #1364, ( #1998 ) ) ;
#2379 = CARTESIAN_POINT ( 'NONE',  ( 13.00000000000000200, 1.592040838891559300E-015, 9.500000000000001800 ) ) ;
#2380 = CALENDAR_DATE ( 2026, 12, 9 ) ;
#2381 = CARTESIAN_POINT ( 'NONE',  ( 5.471371984686426200, 0.5604360848379679200, 0.8000000000000000400 ) ) ;
#2382 = AXIS2_PLACEMENT_3D ( 'NONE', #1549, #608, #1170 ) ;
#2383 = CARTESIAN_POINT ( 'NONE',  ( 0.0000000000000000000, 0.0000000000000000000, 0.0000000000000000000 ) ) ;
#2384 = APPROVAL_PERSON_ORGANIZATION ( #1431, #1411, #2341 ) ;
#2385 = CARTESIAN_POINT ( 'NONE',  ( 1.524697460949611600, 12.64085346853604400, 4.500000000000000000 ) ) ;
#2386 = LOCAL_TIME ( 18, 31, 31.00000000000000000, #1261 ) ;
#2387 = B_SPLINE_CURVE_WITH_KNOTS ( 'NONE', 1,
 ( #235, #1567 ),
 .UNSPECIFIED., .F., .F.,
 ( 2, 2 ),
 ( -0.0000000000000000000, 0.004499999999999999700 ),
 .UNSPECIFIED. ) ;
#2388 = DIRECTION ( 'NONE',  ( 0.0000000000000000000, -1.000000000000000000, 0.0000000000000000000 ) ) ;
#2389 = LOCAL_TIME ( 18, 31, 31.00000000000000000, #723 ) ;
#2390 = B_SPLINE_CURVE_WITH_KNOTS ( 'NONE', 1,
 ( #207, #590 ),
 .UNSPECIFIED., .F., .F.,
 ( 2, 2 ),
 ( 0.0001435935394490297400, 0.001154767421334919300 ),
 .UNSPECIFIED. ) ;
#2391 = CARTESIAN_POINT ( 'NONE',  ( 9.524697460949624900, 12.22660781724169100, -0.001470274547651917500 ) ) ;
#2392 = CARTESIAN_POINT ( 'NONE',  ( -15.84632453476728000, -2.005012930814804600, 0.0000000000000000000 ) ) ;
#2393 = CARTESIAN_POINT ( 'NONE',  ( 6.524697460949623100, 13.42660781724169200, -0.001470274547651917500 ) ) ;
#2394 = APPROVAL ( #572, '未指定' ) ;
#2395 = CARTESIAN_POINT ( 'NONE',  ( -2.000000000000145200, -14.88209376666334900, 1.000000000000000000 ) ) ;
#2396 = CARTESIAN_POINT ( 'NONE',  ( -14.00000000000000200, 0.0000000000000000000, 9.500000000000001800 ) ) ;
#2397 = CARTESIAN_POINT ( 'NONE',  ( 4.752617487574487300, 10.23177495741941600, 4.500000000000000000 ) ) ;
#2398 = CARTESIAN_POINT ( 'NONE',  ( 2.000000000000000000, 13.84632453476726300, 0.0000000000000000000 ) ) ;
#2399 = CARTESIAN_POINT ( 'NONE',  ( 0.3548907575299157200, 0.6146888231784247700, 0.7414097118775230300 ) ) ;
#2400 =( BOUNDED_CURVE ( )  B_SPLINE_CURVE ( 2, ( #88, #94, #297, #108, #1251 ),
 .UNSPECIFIED., .F., .F. ) 
 B_SPLINE_CURVE_WITH_KNOTS ( ( 3, 2, 3 ),
 ( 3.141592653589793100, 4.712388980384689700, 6.283185307179586200 ),
 .UNSPECIFIED. ) 
 CURVE ( )  GEOMETRIC_REPRESENTATION_ITEM ( )  RATIONAL_B_SPLINE_CURVE ( ( 1.000000000000000000, 0.7071067811865475700, 1.000000000000000000, 0.7071067811865475700, 1.000000000000000000 ) ) 
 REPRESENTATION_ITEM ( '' )  );
#2401 = CARTESIAN_POINT ( 'NONE',  ( 15.84632453476708700, -2.000000000000042600, 0.0000000000000000000 ) ) ;
#2402 =( BOUNDED_CURVE ( )  B_SPLINE_CURVE ( 2, ( #2247, #927, #1135, #2282, #1898 ),
 .UNSPECIFIED., .F., .F. ) 
 B_SPLINE_CURVE_WITH_KNOTS ( ( 3, 2, 3 ),
 ( 1.224646799147353200E-016, 1.570796326794896800, 3.141592653589793100 ),
 .UNSPECIFIED. ) 
 CURVE ( )  GEOMETRIC_REPRESENTATION_ITEM ( )  RATIONAL_B_SPLINE_CURVE ( ( 1.000000000000000000, 0.7071067811865475700, 1.000000000000000000, 0.7071067811865475700, 1.000000000000000000 ) ) 
 REPRESENTATION_ITEM ( '' )  );
#2403 = CARTESIAN_POINT ( 'NONE',  ( -1.000000000000000000, 1.224646799147353200E-016, 1.000000000000000000 ) ) ;
#2404 = CARTESIAN_POINT ( 'NONE',  ( -1.836970198721029900E-016, -1.000000000000000000, 0.8000000000000000400 ) ) ;
#2405 = CARTESIAN_POINT ( 'NONE',  ( 5.354890757529894100, 9.274942861022825700, 3.741409711877517800 ) ) ;
#2406 = CARTESIAN_POINT ( 'NONE',  ( 2.000000000000000000, 13.84632453476726300, 0.0000000000000000000 ) ) ;
#2407 = B_SPLINE_CURVE_WITH_KNOTS ( 'NONE', 1,
 ( #1107, #1441 ),
 .UNSPECIFIED., .F., .F.,
 ( 2, 2 ),
 ( 0.0000000000000000000, 0.001000000000000000000 ),
 .UNSPECIFIED. ) ;
#2408 = DIRECTION ( 'NONE',  ( 0.0000000000000000000, 0.0000000000000000000, 1.000000000000000000 ) ) ;
#2409 = APPROVAL_PERSON_ORGANIZATION ( #540, #1032, #1020 ) ;
#2410 = CARTESIAN_POINT ( 'NONE',  ( -15.84632453476722900, -2.000000000000037300, 3.000000000000000000 ) ) ;
#2411 = CARTESIAN_POINT ( 'NONE',  ( 0.0000000000000000000, 2.000000000000000400, 8.500000000000001800 ) ) ;
#2412 = CARTESIAN_POINT ( 'NONE',  ( 5.500000000000000000, -1.347111479062088400E-015, 0.8000000000000000400 ) ) ;
#2413 = PERSON_AND_ORGANIZATION ( #187, #2179 ) ;
#2414 = VECTOR ( 'NONE', #732, 4.500000000000000000 ) ;
#2415 = COORDINATED_UNIVERSAL_TIME_OFFSET ( 8, 0, .AHEAD. ) ;
#2416 = B_SPLINE_CURVE_WITH_KNOTS ( 'NONE', 1,
 ( #836, #2198 ),
 .UNSPECIFIED., .F., .F.,
 ( 2, 2 ),
 ( -0.001000378170863102000, 0.0000000000000000000 ),
 .UNSPECIFIED. ) ;
#2417 = CARTESIAN_POINT ( 'NONE',  ( 5.604890757529891400, 9.707955562915042700, 0.0000000000000000000 ) ) ;
#2418 = CARTESIAN_POINT ( 'NONE',  ( 2.000000000000000000, 13.84632453476726300, 0.0000000000000000000 ) ) ;
#2419 = LINE ( 'NONE', #696, #1917 ) ;
#2420 = LINE ( 'NONE', #731, #402 ) ;
#2421 = APPROVAL_PERSON_ORGANIZATION ( #2063, #816, #1922 ) ;
#2422 = CARTESIAN_POINT ( 'NONE',  ( 6.524697460949623100, 12.22660781724169100, 4.498529725452346600 ) ) ;
#2423 = CARTESIAN_POINT ( 'NONE',  ( -15.84632453476728400, 2.000000000000144300, 0.0000000000000000000 ) ) ;
#2424 = B_SPLINE_CURVE_WITH_KNOTS ( 'NONE', 1,
 ( #2379, #1081 ),
 .UNSPECIFIED., .F., .F.,
 ( 2, 2 ),
 ( -0.0000000000000000000, 0.0009999999999999991500 ),
 .UNSPECIFIED. ) ;
#2425 = VECTOR ( 'NONE', #577, 4.005012930815052400 ) ;
#2426 = CARTESIAN_POINT ( 'NONE',  ( 0.0000000000000000000, -2.000000000000000400, 7.500000000000000900 ) ) ;
#2427 = CARTESIAN_POINT ( 'NONE',  ( 5.499999999999999100, 5.500000000000000900, 0.0000000000000000000 ) ) ;
#2428 = CARTESIAN_POINT ( 'NONE',  ( -5.000000000000000900, -4.999999999999999100, 2.100000000000000100 ) ) ;
#2429 = CARTESIAN_POINT ( 'NONE',  ( -0.7355936306317365500, 0.7259144580217802300, 0.0000000000000000000 ) ) ;
#2430 = CARTESIAN_POINT ( 'NONE',  ( 5.000000000000000000, 6.123233995736766300E-016, 0.0000000000000000000 ) ) ;
#2431 =( NAMED_UNIT ( * ) SI_UNIT ( $, .STERADIAN. ) SOLID_ANGLE_UNIT ( ) );
#2432 = CARTESIAN_POINT ( 'NONE',  ( -5.471307561289364700, 0.5610646752183047200, 0.8000000000000000400 ) ) ;
#2433 = TRIMMED_CURVE ( 'NONE', #1381, ( PARAMETER_VALUE ( 0.0000000000000000000 ), #1329 ), ( PARAMETER_VALUE ( 1.000000000000000000 ), #2086 ), .T., .PARAMETER. ) ;
#2434 = CARTESIAN_POINT ( 'NONE',  ( 5.604890757529891400, 9.707955562915042700, 0.0000000000000000000 ) ) ;
#2435 = CARTESIAN_POINT ( 'NONE',  ( -15.84632453476728400, 2.000000000000144300, 0.0000000000000000000 ) ) ;
#2436 = B_SPLINE_CURVE_WITH_KNOTS ( 'NONE', 1,
 ( #1438, #1620 ),
 .UNSPECIFIED., .F., .F.,
 ( 2, 2 ),
 ( -0.01584632453476723200, -0.01387413330828056300 ),
 .UNSPECIFIED. ) ;
#2437 =( BOUNDED_CURVE ( )  B_SPLINE_CURVE ( 2, ( #151, #914, #1872 ),
 .UNSPECIFIED., .F., .F. ) 
 B_SPLINE_CURVE_WITH_KNOTS ( ( 3, 3 ),
 ( 0.1020746341807689300, 0.9450080291810844000 ),
 .UNSPECIFIED. ) 
 CURVE ( )  GEOMETRIC_REPRESENTATION_ITEM ( )  RATIONAL_B_SPLINE_CURVE ( ( 1.000000000000000000, 0.9124898971705687200, 1.000000000000000000 ) ) 
 REPRESENTATION_ITEM ( '' )  );
#2438 = CARTESIAN_POINT ( 'NONE',  ( -1.999999999999981800, 15.84632453476723600, 3.000000000000000000 ) ) ;
#2439 = CARTESIAN_POINT ( 'NONE',  ( 0.0000000000000000000, -2.000000000000000400, 8.500000000000001800 ) ) ;
#2440 = CARTESIAN_POINT ( 'NONE',  ( -1.000000000000000000, 0.0000000000000000000, 0.8000000000000000400 ) ) ;
#2441 =( BOUNDED_CURVE ( )  B_SPLINE_CURVE ( 2, ( #1603, #467, #658, #346, #171 ),
 .UNSPECIFIED., .F., .F. ) 
 B_SPLINE_CURVE_WITH_KNOTS ( ( 3, 2, 3 ),
 ( 3.141592653589793100, 4.712388980384689700, 6.283185307179586200 ),
 .UNSPECIFIED. ) 
 CURVE ( )  GEOMETRIC_REPRESENTATION_ITEM ( )  RATIONAL_B_SPLINE_CURVE ( ( 1.000000000000000000, 0.7071067811865475700, 1.000000000000000000, 0.7071067811865475700, 1.000000000000000000 ) ) 
 REPRESENTATION_ITEM ( '' )  );
#2442 = COORDINATED_UNIVERSAL_TIME_OFFSET ( 8, 0, .AHEAD. ) ;
#2443 = CARTESIAN_POINT ( 'NONE',  ( 2.249757518739518200, -5.024100385130708400, 0.8000000000000000400 ) ) ;
#2444 = VECTOR ( 'NONE', #531, 4.500091624415565800 ) ;
#2445 = CARTESIAN_POINT ( 'NONE',  ( 2.005012930814861000, -15.84632453476727300, 0.0000000000000000000 ) ) ;
#2446 = CC_DESIGN_PERSON_AND_ORGANIZATION_ASSIGNMENT ( #1056, #1196, ( #1506 ) ) ;
#2447 = PERSON_AND_ORGANIZATION ( #187, #2179 ) ;
#2448 = CARTESIAN_POINT ( 'NONE',  ( 1.010333609296566400E-015, -5.500000000000000000, 0.0000000000000000000 ) ) ;
#2449 = LOCAL_TIME ( 18, 31, 31.00000000000000000, #1852 ) ;
#2450 = PRODUCT_DEFINITION_SHAPE ( 'NONE', 'NONE',  #2459 ) ;
#2451 = CARTESIAN_POINT ( 'NONE',  ( 2.000000000000048000, -12.84523257866512200, 7.500000000000000900 ) ) ;
#2452 = CARTESIAN_POINT ( 'NONE',  ( -3.221037879010404400, 4.458129089873929200, 0.2000000000000000900 ) ) ;
#2453 = COORDINATED_UNIVERSAL_TIME_OFFSET ( 8, 0, .AHEAD. ) ;
#2454 = B_SPLINE_CURVE_WITH_KNOTS ( 'NONE', 1,
 ( #918, #2218 ),
 .UNSPECIFIED., .F., .F.,
 ( 2, 2 ),
 ( 0.01387340975402964700, 0.01584632453476726000 ),
 .UNSPECIFIED. ) ;
#2455 = CARTESIAN_POINT ( 'NONE',  ( -3.221037879010376900, 4.458129089873890100, 0.8000000000000000400 ) ) ;
#2456 = NEXT_ASSEMBLY_USAGE_OCCURRENCE ( 'NAUO1', ' ', ' ', #276, #1702, $ ) ;
#2457 = NEXT_ASSEMBLY_USAGE_OCCURRENCE ( 'NAUO2', ' ', ' ', #276, #1473, $ ) ;
#2458 = NEXT_ASSEMBLY_USAGE_OCCURRENCE ( 'NAUO3', ' ', ' ', #276, #1702, $ ) ;
#2459 = NEXT_ASSEMBLY_USAGE_OCCURRENCE ( 'NAUO4', ' ', ' ', #276, #1045, $ ) ;
#2460 = NEXT_ASSEMBLY_USAGE_OCCURRENCE ( 'NAUO5', ' ', ' ', #276, #1097, $ ) ;
#2461 = NEXT_ASSEMBLY_USAGE_OCCURRENCE ( 'NAUO6', ' ', ' ', #276, #1702, $ ) ;
ENDSEC;
END-ISO-10303-21;
